[backblue.gif]
[fade.gif]
[index.html]
[www.aspaklaria.info/index.html]
[www.aspaklaria.info/Logo_Aspaklaria_V25.html]
[www.aspaklaria.info/AlepBet_Title_V25.html]
[www.aspaklaria.info/Aspaklaria_main_V20.html]
[www.aspaklaria.info/aspaklaria.css]
[www.aspaklaria.info/001_ALEF/אור.html]
[www.aspaklaria.info/001_ALEF/אור הראשון.html]
[www.aspaklaria.info/aspaklaria.jpg]
[www.aspaklaria.info/001_ALEF/אור ישראל.html]
[www.aspaklaria.info/001_ALEF/אור כשדים.html]
[www.aspaklaria.info/001_ALEF/אור פנים.html]
[www.aspaklaria.info/001_ALEF/אורות.html]
[www.aspaklaria.info/001_ALEF/אורז.html]
[www.aspaklaria.info/001_ALEF/אורח.html]
[www.aspaklaria.info/001_ALEF/אורח   דרך.html]
[www.aspaklaria.info/001_ALEF/אוריה החתי.html]
[www.aspaklaria.info/001_ALEF/אוריה.html]
[www.aspaklaria.info/001_ALEF/אורים ותומים.html]
[www.aspaklaria.info/001_ALEF/אושר.html]
[www.aspaklaria.info/001_ALEF/אות   מופת.html]
[www.aspaklaria.info/001_ALEF/אות   אותיות.html]
[www.aspaklaria.info/001_ALEF/אותה.html]
[www.aspaklaria.info/001_ALEF/אותו.html]
[www.aspaklaria.info/001_ALEF/אותו האיש.html]
[www.aspaklaria.info/001_ALEF/אותו ואת בנו.html]
[www.aspaklaria.info/001_ALEF/אז.html]
[www.aspaklaria.info/001_ALEF/אזהרה.html]
[www.aspaklaria.info/001_ALEF/אזוב.html]
[www.aspaklaria.info/001_ALEF/אזן.html]
[www.aspaklaria.info/001_ALEF/אזרח.html]
[www.aspaklaria.info/001_ALEF/אח   אחות.html]
[www.aspaklaria.info/001_ALEF/אח.html]
[www.aspaklaria.info/001_ALEF/אחאב.html]
[www.aspaklaria.info/001_ALEF/אחד.html]
[www.aspaklaria.info/001_ALEF/אחדות.html]
[www.aspaklaria.info/001_ALEF/אחדים.html]
[www.aspaklaria.info/001_ALEF/אחו.html]
[www.aspaklaria.info/001_ALEF/אחוזה.html]
[www.aspaklaria.info/001_ALEF/אחוזת.html]
[www.aspaklaria.info/001_ALEF/אחז.html]
[www.aspaklaria.info/001_ALEF/אחזיה.html]
[www.aspaklaria.info/001_ALEF/אחיה השילוני.html]
[www.aspaklaria.info/001_ALEF/אחיזת עינים.html]
[www.aspaklaria.info/001_ALEF/אחימלך.html]
[www.aspaklaria.info/001_ALEF/אחימעץ.html]
[www.aspaklaria.info/001_ALEF/אחימן.html]
[www.aspaklaria.info/001_ALEF/אחיתופל.html]
[www.aspaklaria.info/001_ALEF/אחר   סמוך.html]
[www.aspaklaria.info/001_ALEF/אחר.html]
[www.aspaklaria.info/001_ALEF/אחר כן.html]
[www.aspaklaria.info/001_ALEF/אחר   אלישע בן אבויה.html]
[www.aspaklaria.info/001_ALEF/אחר   בשש.html]
[www.aspaklaria.info/001_ALEF/אחרון.html]
[www.aspaklaria.info/001_ALEF/אחרי.html]
[www.aspaklaria.info/001_ALEF/אחרית.html]
[www.aspaklaria.info/001_ALEF/אחרית הימים.html]
[www.aspaklaria.info/001_ALEF/אחשורוש.html]
[www.aspaklaria.info/001_ALEF/אחשורוש   ואסתר.html]
[www.aspaklaria.info/001_ALEF/אחשורוש   והמן.html]
[www.aspaklaria.info/001_ALEF/אחשורוש   וושתי.html]
[www.aspaklaria.info/001_ALEF/אחשורוש   משתה.html]
[www.aspaklaria.info/001_ALEF/אחשתרנים.html]
[www.aspaklaria.info/001_ALEF/אטליה.html]
[www.aspaklaria.info/001_ALEF/אי.html]
[www.aspaklaria.info/001_ALEF/אי   שבים.html]
[www.aspaklaria.info/001_ALEF/אי   איפה.html]
[www.aspaklaria.info/001_ALEF/אי מזה.html]
[www.aspaklaria.info/001_ALEF/איבה.html]
[www.aspaklaria.info/001_ALEF/איוב.html]
[www.aspaklaria.info/001_ALEF/איוב   וחבריו.html]
[www.aspaklaria.info/001_ALEF/איזבל.html]
[www.aspaklaria.info/001_ALEF/אייר.html]
[www.aspaklaria.info/001_ALEF/איכה.html]
[www.aspaklaria.info/001_ALEF/איל   כח.html]
[www.aspaklaria.info/001_ALEF/איל   מישר.html]
[www.aspaklaria.info/001_ALEF/איל   אילה.html]
[www.aspaklaria.info/001_ALEF/איל.html]
[www.aspaklaria.info/001_ALEF/אילה.html]
[www.aspaklaria.info/001_ALEF/אילן.html]
[www.aspaklaria.info/001_ALEF/אילת השחר.html]
[www.aspaklaria.info/001_ALEF/אימא שלום.html]
[www.aspaklaria.info/001_ALEF/אימה.html]
[www.aspaklaria.info/001_ALEF/אימים.html]
[www.aspaklaria.info/001_ALEF/אין.html]
[www.aspaklaria.info/001_ALEF/איפה   שיעור.html]
[www.aspaklaria.info/001_ALEF/איפה   איה.html]
[www.aspaklaria.info/001_ALEF/איפוא.html]
[www.aspaklaria.info/001_ALEF/איפרא הורמיז.html]
[www.aspaklaria.info/001_ALEF/אירוסין.html]
[www.aspaklaria.info/001_ALEF/איש.html]
[www.aspaklaria.info/001_ALEF/איש האדמה.html]
[www.aspaklaria.info/001_ALEF/איש האלקים.html]
[www.aspaklaria.info/001_ALEF/איש בושת.html]
[www.aspaklaria.info/001_ALEF/איש חיל.html]
[www.aspaklaria.info/001_ALEF/איש   ואשה.html]
[www.aspaklaria.info/001_ALEF/אישון.html]
[www.aspaklaria.info/001_ALEF/אישים.html]
[www.aspaklaria.info/001_ALEF/איתיאל.html]
[www.aspaklaria.info/001_ALEF/איתם   מדבר.html]
[www.aspaklaria.info/001_ALEF/איתם   תמים.html]
[www.aspaklaria.info/001_ALEF/איתמר.html]
[www.aspaklaria.info/001_ALEF/איתן.html]
[www.aspaklaria.info/001_ALEF/אך.html]
[www.aspaklaria.info/001_ALEF/אכזריות.html]
[www.aspaklaria.info/001_ALEF/אכן.html]
[www.aspaklaria.info/001_ALEF/אכסניא.html]
[www.aspaklaria.info/001_ALEF/אכיש.html]
[www.aspaklaria.info/001_ALEF/אכף.html]
[www.aspaklaria.info/001_ALEF/אכילה.html]
[www.aspaklaria.info/001_ALEF/אל   לא.html]
[www.aspaklaria.info/001_ALEF/אל   מלאכים.html]
[www.aspaklaria.info/001_ALEF/אל   עם.html]
[www.aspaklaria.info/001_ALEF/אלגביש.html]
[www.aspaklaria.info/001_ALEF/אלדד ומידד.html]
[www.aspaklaria.info/001_ALEF/אלה.html]
[www.aspaklaria.info/001_ALEF/אלה   שבועה.html]
[www.aspaklaria.info/001_ALEF/אלקים   אבות.html]
[www.aspaklaria.info/001_ALEF/אלקים.html]
[www.aspaklaria.info/001_ALEF/אלקים   ואומות העולם.html]
[www.aspaklaria.info/001_ALEF/אלקים   אמירה.html]
[www.aspaklaria.info/001_ALEF/אלקים   אמת.html]
[www.aspaklaria.info/001_ALEF/אלקים   ארך אפים.html]
[www.aspaklaria.info/001_ALEF/אלקים   גדולה.html]
[www.aspaklaria.info/001_ALEF/אלקים   דבור ואמירה.html]
[www.aspaklaria.info/001_ALEF/אלקים   אדם.html]
[www.aspaklaria.info/001_ALEF/אלקים   דין.html]
[www.aspaklaria.info/001_ALEF/אלקים   הגשמה.html]
[www.aspaklaria.info/001_ALEF/אלקים   והעדר.html]
[www.aspaklaria.info/001_ALEF/אלקים   השגחה.html]
[www.aspaklaria.info/001_ALEF/אלקים   זכרון.html]
[www.aspaklaria.info/001_ALEF/אלקים   זמן ומקום.html]
[www.aspaklaria.info/001_ALEF/אלקים   חנון חסד.html]
[www.aspaklaria.info/001_ALEF/אלקים   חרון אף.html]
[www.aspaklaria.info/001_ALEF/אלקים   יד.html]
[www.aspaklaria.info/001_ALEF/אלקים   ידיעה.html]
[www.aspaklaria.info/001_ALEF/אלקים   יחוד.html]
[www.aspaklaria.info/001_ALEF/אלקים   יכולת.html]
[www.aspaklaria.info/001_ALEF/אלקים   ירד ישב עמד קום.html]
[www.aspaklaria.info/001_ALEF/אלקים   כבוד   מלכות   כסא.html]
[www.aspaklaria.info/001_ALEF/אלקים   מדות   יג מדות חסד חנון.html]
[www.aspaklaria.info/001_ALEF/אלקים   מדות   מדת הדין   מדת הרחמים.html]
[www.aspaklaria.info/001_ALEF/אלקים   מלכות.html]
[www.aspaklaria.info/001_ALEF/אלקים   מלחמה.html]
[www.aspaklaria.info/001_ALEF/אלקים   מעשה.html]
[www.aspaklaria.info/001_ALEF/אלקים   מציאותו.html]
[www.aspaklaria.info/001_ALEF/אלקים   וישראל.html]
[www.aspaklaria.info/001_ALEF/אלקים   מקום.html]
[www.aspaklaria.info/001_ALEF/אלקים   נורא.html]
[www.aspaklaria.info/001_ALEF/אלקים   נושא עון.html]
[www.aspaklaria.info/001_ALEF/אלקים   ונקה.html]
[www.aspaklaria.info/001_ALEF/אלקים   נשמת רוח.html]
[www.aspaklaria.info/001_ALEF/אלקים   סליחה.html]
[www.aspaklaria.info/001_ALEF/אלקים   ספר.html]
[www.aspaklaria.info/001_ALEF/אלקים   ומציאות.html]
[www.aspaklaria.info/001_ALEF/אלקים   פוקד עון אבות.html]
[www.aspaklaria.info/001_ALEF/אלקים   פנים אחור.html]
[www.aspaklaria.info/001_ALEF/אלקים   צבא.html]
[www.aspaklaria.info/001_ALEF/אלקים   קנא.html]
[www.aspaklaria.info/001_ALEF/אלקים   ראיה עיני.html]
[www.aspaklaria.info/001_ALEF/אלקים   רוח.html]
[www.aspaklaria.info/001_ALEF/אלקים   ורע.html]
[www.aspaklaria.info/001_ALEF/אלקים   רצון.html]
[www.aspaklaria.info/001_ALEF/אלקים   שבח.html]
[www.aspaklaria.info/001_ALEF/אלקים   שינוי.html]
[www.aspaklaria.info/001_ALEF/אלקים   שלמותו.html]
[www.aspaklaria.info/001_ALEF/אלקים   שם.html]
[www.aspaklaria.info/001_ALEF/אלקים   שמחה.html]
[www.aspaklaria.info/001_ALEF/אלקים   תאר.html]
[www.aspaklaria.info/001_ALEF/אלקים   תהלה.html]
[www.aspaklaria.info/001_ALEF/אלקים   תורה.html]
[www.aspaklaria.info/001_ALEF/אלו.html]
[www.aspaklaria.info/001_ALEF/אלול.html]
[www.aspaklaria.info/001_ALEF/אלון.html]
[www.aspaklaria.info/001_ALEF/אלוני.html]
[www.aspaklaria.info/001_ALEF/אלוף.html]
[www.aspaklaria.info/001_ALEF/אליאב.html]
[www.aspaklaria.info/001_ALEF/אליה.html]
[www.aspaklaria.info/001_ALEF/אליהוא.html]
[www.aspaklaria.info/001_ALEF/אליו.html]
[www.aspaklaria.info/001_ALEF/אליל.html]
[www.aspaklaria.info/001_ALEF/אלים   שמות קדש.html]
[www.aspaklaria.info/001_ALEF/אליהו.html]
[www.aspaklaria.info/001_ALEF/אלים   מדבר.html]
[www.aspaklaria.info/001_ALEF/אלימלך.html]
[www.aspaklaria.info/001_ALEF/אליעזר.html]
[www.aspaklaria.info/001_ALEF/אליפז.html]
[www.aspaklaria.info/001_ALEF/אליקים.html]
[www.aspaklaria.info/001_ALEF/אלישבע.html]
[www.aspaklaria.info/001_ALEF/אלישמע בן פיכאי.html]
[www.aspaklaria.info/001_ALEF/אלישע.html]
[www.aspaklaria.info/001_ALEF/אלישע בעל כנפים.html]
[www.aspaklaria.info/001_ALEF/אלישע בן אבויה.html]
[www.aspaklaria.info/001_ALEF/אלכימיה.html]
[www.aspaklaria.info/001_ALEF/אלכסנדר.html]
[www.aspaklaria.info/001_ALEF/אלכסנדריא.html]
[www.aspaklaria.info/001_ALEF/אלם.html]
[www.aspaklaria.info/001_ALEF/אלמוג.html]
[www.aspaklaria.info/001_ALEF/אלמוני.html]
[www.aspaklaria.info/001_ALEF/אלמן   אלמנה.html]
[www.aspaklaria.info/001_ALEF/אלעזר.html]
[www.aspaklaria.info/001_ALEF/אלף   אות.html]
[www.aspaklaria.info/001_ALEF/אלף   מספר.html]
[www.aspaklaria.info/001_ALEF/אלפי.html]
[www.aspaklaria.info/001_ALEF/אלקנה.html]
[www.aspaklaria.info/001_ALEF/אם   הורים.html]
[www.aspaklaria.info/001_ALEF/אם   אולי.html]
[www.aspaklaria.info/001_ALEF/אם ירצה ה.html]
[www.aspaklaria.info/001_ALEF/אמה   שפחה.html]
[www.aspaklaria.info/001_ALEF/אמה   שעור.html]
[www.aspaklaria.info/001_ALEF/אמהות.html]
[www.aspaklaria.info/001_ALEF/אמון.html]
[www.aspaklaria.info/001_ALEF/אמון נא.html]
[www.aspaklaria.info/001_ALEF/אמוץ.html]
[www.aspaklaria.info/001_ALEF/אמורי.html]
[www.aspaklaria.info/001_ALEF/אמות.html]
[www.aspaklaria.info/001_ALEF/אמילם.html]
[www.aspaklaria.info/001_ALEF/אמיר.html]
[www.aspaklaria.info/001_ALEF/אמונה.html]
[www.aspaklaria.info/001_ALEF/אמן.html]
[www.aspaklaria.info/001_ALEF/אמנה.html]
[www.aspaklaria.info/001_ALEF/אמנון.html]
[www.aspaklaria.info/001_ALEF/אמנות.html]
[www.aspaklaria.info/001_ALEF/אמנם.html]
[www.aspaklaria.info/001_ALEF/אמץ.html]
[www.aspaklaria.info/001_ALEF/אמציה.html]
[www.aspaklaria.info/001_ALEF/אמצע.html]
[www.aspaklaria.info/001_ALEF/אמר.html]
[www.aspaklaria.info/001_ALEF/אמרפל.html]
[www.aspaklaria.info/001_ALEF/אמת.html]
[www.aspaklaria.info/001_ALEF/אמתחת.html]
[www.aspaklaria.info/001_ALEF/אמתלאה.html]
[www.aspaklaria.info/001_ALEF/אנא.html]
[www.aspaklaria.info/001_ALEF/אנדרינוס.html]
[www.aspaklaria.info/001_ALEF/אנה.html]
[www.aspaklaria.info/001_ALEF/אנה   זימן.html]
[www.aspaklaria.info/001_ALEF/אנוכיות.html]
[www.aspaklaria.info/001_ALEF/אנוסים.html]
[www.aspaklaria.info/001_ALEF/אנש.html]
[www.aspaklaria.info/001_ALEF/אני ה.html]
[www.aspaklaria.info/001_ALEF/אניה.html]
[www.aspaklaria.info/001_ALEF/אנך.html]
[www.aspaklaria.info/001_ALEF/אנכי.html]
[www.aspaklaria.info/001_ALEF/אנף.html]
[www.aspaklaria.info/001_ALEF/אנשי כנסת הגדולה.html]
[www.aspaklaria.info/001_ALEF/אסא.html]
[www.aspaklaria.info/001_ALEF/אסון.html]
[www.aspaklaria.info/001_ALEF/אסטרונומיה.html]
[www.aspaklaria.info/001_ALEF/אסמכתא.html]
[www.aspaklaria.info/001_ALEF/אסנת.html]
[www.aspaklaria.info/001_ALEF/אסף   קבץ.html]
[www.aspaklaria.info/001_ALEF/אסף   תהלים.html]
[www.aspaklaria.info/001_ALEF/אספסוף.html]
[www.aspaklaria.info/001_ALEF/אספסינוס.html]
[www.aspaklaria.info/001_ALEF/אספקלריא.html]
[www.aspaklaria.info/001_ALEF/אסתר.html]
[www.aspaklaria.info/001_ALEF/אף   אפים.html]
[www.aspaklaria.info/001_ALEF/אף   חוטם.html]
[www.aspaklaria.info/001_ALEF/אף   גם.html]
[www.aspaklaria.info/001_ALEF/אף ברי.html]
[www.aspaklaria.info/001_ALEF/אפוד.html]
[www.aspaklaria.info/001_ALEF/אפודה.html]
[www.aspaklaria.info/001_ALEF/אפיה.html]
[www.aspaklaria.info/001_ALEF/אפים.html]
[www.aspaklaria.info/001_ALEF/אפיק.html]
[www.aspaklaria.info/001_ALEF/אפיקורוס.html]
[www.aspaklaria.info/001_ALEF/אפלה.html]
[www.aspaklaria.info/001_ALEF/אפס.html]
[www.aspaklaria.info/001_ALEF/אפסי ארץ.html]
[www.aspaklaria.info/001_ALEF/אפעה.html]
[www.aspaklaria.info/001_ALEF/אפף.html]
[www.aspaklaria.info/001_ALEF/אפקה.html]
[www.aspaklaria.info/001_ALEF/אפר.html]
[www.aspaklaria.info/001_ALEF/אפרים.html]
[www.aspaklaria.info/001_ALEF/אפריקי.html]
[www.aspaklaria.info/001_ALEF/אפרת.html]
[www.aspaklaria.info/001_ALEF/אפשר.html]
[www.aspaklaria.info/001_ALEF/אצבע.html]
[www.aspaklaria.info/001_ALEF/אצטגנינות.html]
[www.aspaklaria.info/001_ALEF/אצל   אצילות.html]
[www.aspaklaria.info/001_ALEF/אקלים.html]
[www.aspaklaria.info/001_ALEF/אראלם.html]
[www.aspaklaria.info/001_ALEF/ארבה.html]
[www.aspaklaria.info/001_ALEF/ארבע.html]
[www.aspaklaria.info/001_ALEF/ארבעה בנים.html]
[www.aspaklaria.info/001_ALEF/ארבעה חרשים.html]
[www.aspaklaria.info/001_ALEF/ארבעה יסודות.html]
[www.aspaklaria.info/001_ALEF/ארבע כוסות.html]
[www.aspaklaria.info/001_ALEF/ארבע לשונות של גאולה.html]
[www.aspaklaria.info/001_ALEF/ארבעה מינים.html]
[www.aspaklaria.info/001_ALEF/ארבע מלכויות.html]
[www.aspaklaria.info/001_ALEF/ארבעה נהרות.html]
[www.aspaklaria.info/001_ALEF/ארבע פרשיות.html]
[www.aspaklaria.info/001_ALEF/ארגוב.html]
[www.aspaklaria.info/001_ALEF/ארגמן.html]
[www.aspaklaria.info/001_ALEF/ארה.html]
[www.aspaklaria.info/001_ALEF/ארונה.html]
[www.aspaklaria.info/001_ALEF/ארון.html]
[www.aspaklaria.info/001_ALEF/ארוסין.html]
[www.aspaklaria.info/001_ALEF/ארז.html]
[www.aspaklaria.info/001_ALEF/אריאל.html]
[www.aspaklaria.info/001_ALEF/אריה.html]
[www.aspaklaria.info/001_ALEF/אריסטו.html]
[www.aspaklaria.info/001_ALEF/ארם.html]
[www.aspaklaria.info/001_ALEF/ארמילוס.html]
[www.aspaklaria.info/001_ALEF/ארנבת.html]
[www.aspaklaria.info/001_ALEF/ארנון.html]
[www.aspaklaria.info/001_ALEF/ארץ.html]
[www.aspaklaria.info/001_ALEF/ארץ החיים.html]
[www.aspaklaria.info/001_ALEF/ארץ נוד.html]
[www.aspaklaria.info/001_ALEF/ארץ ישראל   גבול.html]
[www.aspaklaria.info/001_ALEF/ארץ ישראל   הבטחה זכות.html]
[www.aspaklaria.info/001_ALEF/ארץ ישראל   השגחה.html]
[www.aspaklaria.info/001_ALEF/ארץ ישראל   חורבן.html]
[www.aspaklaria.info/001_ALEF/ארץ ישראל   ירושה.html]
[www.aspaklaria.info/001_ALEF/ארץ ישראל   ישוב.html]
[www.aspaklaria.info/001_ALEF/ארץ ישראל.html]
[www.aspaklaria.info/001_ALEF/ארץ ישראל   כבוש וחלוקה.html]
[www.aspaklaria.info/001_ALEF/ארץ ישראל   קדושה ברכה השגחה מעלה.html]
[www.aspaklaria.info/001_ALEF/ארץ עוץ.html]
[www.aspaklaria.info/001_ALEF/ארקא.html]
[www.aspaklaria.info/001_ALEF/ארר.html]
[www.aspaklaria.info/001_ALEF/אררט.html]
[www.aspaklaria.info/001_ALEF/ארשת.html]
[www.aspaklaria.info/001_ALEF/אש.html]
[www.aspaklaria.info/001_ALEF/אשד.html]
[www.aspaklaria.info/001_ALEF/אשה   קרבן.html]
[www.aspaklaria.info/001_ALEF/אשור.html]
[www.aspaklaria.info/001_ALEF/אשישה.html]
[www.aspaklaria.info/001_ALEF/אשישי.html]
[www.aspaklaria.info/001_ALEF/אשה.html]
[www.aspaklaria.info/001_ALEF/אשכל.html]
[www.aspaklaria.info/001_ALEF/אשכנז.html]
[www.aspaklaria.info/001_ALEF/אשל.html]
[www.aspaklaria.info/001_ALEF/אשם.html]
[www.aspaklaria.info/001_ALEF/אשמדאי.html]
[www.aspaklaria.info/001_ALEF/אשמורה.html]
[www.aspaklaria.info/001_ALEF/אשמנים.html]
[www.aspaklaria.info/001_ALEF/אשנב.html]
[www.aspaklaria.info/001_ALEF/אשף.html]
[www.aspaklaria.info/001_ALEF/אשקלון.html]
[www.aspaklaria.info/001_ALEF/אשר   בן יעקב.html]
[www.aspaklaria.info/001_ALEF/אשר   אם.html]
[www.aspaklaria.info/001_ALEF/אשר.html]
[www.aspaklaria.info/001_ALEF/אשרה.html]
[www.aspaklaria.info/001_ALEF/אשרי.html]
[www.aspaklaria.info/001_ALEF/אשת.html]
[www.aspaklaria.info/001_ALEF/את.html]
[www.aspaklaria.info/001_ALEF/אתה.html]
[www.aspaklaria.info/001_ALEF/אתונה.html]
[www.aspaklaria.info/001_ALEF/אתי הגתי.html]
[www.aspaklaria.info/001_ALEF/אתיק.html]
[www.aspaklaria.info/001_ALEF/אתנן.html]
[www.aspaklaria.info/001_ALEF/ALEF.html]
[www.aspaklaria.info/001_ALEF/אתרוג.html]
[www.aspaklaria.info/002_BET/ב.html]
[www.aspaklaria.info/002_BET/בא.html]
[www.aspaklaria.info/002_BET/בא   בימים.html]
[www.aspaklaria.info/002_BET/באר   פרש.html]
[www.aspaklaria.info/002_BET/באר   בור.html]
[www.aspaklaria.info/002_BET/באר   לחי   רואי.html]
[www.aspaklaria.info/002_BET/באר   שבע.html]
[www.aspaklaria.info/002_BET/בארה.html]
[www.aspaklaria.info/002_BET/בארי.html]
[www.aspaklaria.info/002_BET/בבל.html]
[www.aspaklaria.info/002_BET/בבל   חורבן.html]
[www.aspaklaria.info/002_BET/בגד   מרד.html]
[www.aspaklaria.info/002_BET/בגד   לבוש.html]
[www.aspaklaria.info/002_BET/בגדי   כהונה.html]
[www.aspaklaria.info/002_BET/בגדי   כהונה   אבנט.html]
[www.aspaklaria.info/002_BET/בגדי   כהונה   אפוד.html]
[www.aspaklaria.info/002_BET/בגדי   כהונה   חושן.html]
[www.aspaklaria.info/002_BET/בגדי   כהונה   כפרה.html]
[www.aspaklaria.info/002_BET/בגדי   כהונה   כתונת.html]
[www.aspaklaria.info/002_BET/בגדי   כהונה   מגבעת   ומצנפת.html]
[www.aspaklaria.info/002_BET/בגדי   כהונה   מכנסים.html]
[www.aspaklaria.info/002_BET/בגדי   כהונה   מעיל.html]
[www.aspaklaria.info/002_BET/בגדי   כהונה   ציץ.html]
[www.aspaklaria.info/002_BET/בגדי   כהונה   בגדי   שרד.html]
[www.aspaklaria.info/002_BET/בגלל.html]
[www.aspaklaria.info/002_BET/בגתן   ותרש.html]
[www.aspaklaria.info/002_BET/בד.html]
[www.aspaklaria.info/002_BET/בד   בבד.html]
[www.aspaklaria.info/002_BET/בדד   בדידות.html]
[www.aspaklaria.info/002_BET/בדולח.html]
[www.aspaklaria.info/002_BET/בדיחות.html]
[www.aspaklaria.info/002_BET/בהו.html]
[www.aspaklaria.info/002_BET/בהלה.html]
[www.aspaklaria.info/002_BET/בהם.html]
[www.aspaklaria.info/002_BET/בהמה.html]
[www.aspaklaria.info/002_BET/בהמות.html]
[www.aspaklaria.info/002_BET/בהן.html]
[www.aspaklaria.info/002_BET/בול.html]
[www.aspaklaria.info/002_BET/בולס.html]
[www.aspaklaria.info/002_BET/בולקה.html]
[www.aspaklaria.info/002_BET/בועז.html]
[www.aspaklaria.info/002_BET/בוקה.html]
[www.aspaklaria.info/002_BET/בוקק.html]
[www.aspaklaria.info/002_BET/בור.html]
[www.aspaklaria.info/002_BET/בור   עם   הארץ.html]
[www.aspaklaria.info/002_BET/בושה   בושת.html]
[www.aspaklaria.info/002_BET/בזבז.html]
[www.aspaklaria.info/002_BET/בזה.html]
[www.aspaklaria.info/002_BET/בזוטוס.html]
[www.aspaklaria.info/002_BET/בזז.html]
[www.aspaklaria.info/002_BET/בחור.html]
[www.aspaklaria.info/002_BET/בחן.html]
[www.aspaklaria.info/002_BET/בחירה.html]
[www.aspaklaria.info/002_BET/בחר.html]
[www.aspaklaria.info/002_BET/בטא.html]
[www.aspaklaria.info/002_BET/בטול.html]
[www.aspaklaria.info/002_BET/בטחון.html]
[www.aspaklaria.info/002_BET/בטלה.html]
[www.aspaklaria.info/002_BET/בי.html]
[www.aspaklaria.info/002_BET/ביאה.html]
[www.aspaklaria.info/002_BET/ביאת   מקדש.html]
[www.aspaklaria.info/002_BET/בית.html]
[www.aspaklaria.info/002_BET/בית   אבטינס.html]
[www.aspaklaria.info/002_BET/בית   און.html]
[www.aspaklaria.info/002_BET/בית   א ל.html]
[www.aspaklaria.info/002_BET/בית   דין.html]
[www.aspaklaria.info/002_BET/בית   חוניו.html]
[www.aspaklaria.info/002_BET/בית   יעקב.html]
[www.aspaklaria.info/002_BET/בית   יער   הלבנון.html]
[www.aspaklaria.info/002_BET/בית   כנסת.html]
[www.aspaklaria.info/002_BET/בית   כסא.html]
[www.aspaklaria.info/002_BET/בית   המדרש.html]
[www.aspaklaria.info/002_BET/בית   המקדש   בנין.html]
[www.aspaklaria.info/002_BET/בית   המקדש   בית   שני.html]
[www.aspaklaria.info/002_BET/בית   המקדש   חורבן.html]
[www.aspaklaria.info/002_BET/בית   המקדש   חנכת.html]
[www.aspaklaria.info/002_BET/בית   המקדש   עבודה.html]
[www.aspaklaria.info/002_BET/בית   המקדש.html]
[www.aspaklaria.info/002_BET/בית   עיר   חומה.html]
[www.aspaklaria.info/002_BET/בית   ספר.html]
[www.aspaklaria.info/002_BET/בית   העם.html]
[www.aspaklaria.info/002_BET/בית   קברות.html]
[www.aspaklaria.info/002_BET/בית   שמאי   ובית   הלל.html]
[www.aspaklaria.info/002_BET/בית   שמש.html]
[www.aspaklaria.info/002_BET/ביתוסים.html]
[www.aspaklaria.info/002_BET/ביתן.html]
[www.aspaklaria.info/002_BET/ביתר.html]
[www.aspaklaria.info/002_BET/בכורים.html]
[www.aspaklaria.info/002_BET/בכיה.html]
[www.aspaklaria.info/002_BET/בל   עבודה   זרה.html]
[www.aspaklaria.info/002_BET/בל.html]
[www.aspaklaria.info/002_BET/בל   תוסיף.html]
[www.aspaklaria.info/002_BET/בל   תשחית.html]
[www.aspaklaria.info/002_BET/בלדד.html]
[www.aspaklaria.info/002_BET/בלהה.html]
[www.aspaklaria.info/002_BET/בלימה.html]
[www.aspaklaria.info/002_BET/בליעל.html]
[www.aspaklaria.info/002_BET/בלל.html]
[www.aspaklaria.info/002_BET/בלע.html]
[www.aspaklaria.info/002_BET/בלעדי.html]
[www.aspaklaria.info/002_BET/בלעם.html]
[www.aspaklaria.info/002_BET/בלעם   והאתון.html]
[www.aspaklaria.info/002_BET/בלעם   וישראל.html]
[www.aspaklaria.info/002_BET/בלעם   נבואה.html]
[www.aspaklaria.info/002_BET/בלק.html]
[www.aspaklaria.info/002_BET/בלשאצר.html]
[www.aspaklaria.info/002_BET/במה.html]
[www.aspaklaria.info/002_BET/בן.html]
[www.aspaklaria.info/002_BET/בן   אדם.html]
[www.aspaklaria.info/002_BET/בן   אמה.html]
[www.aspaklaria.info/002_BET/בן   אשר.html]
[www.aspaklaria.info/002_BET/בן   הדד.html]
[www.aspaklaria.info/002_BET/בן   זקונים.html]
[www.aspaklaria.info/002_BET/בן   נח.html]
[www.aspaklaria.info/002_BET/בן   נח   קרבן.html]
[www.aspaklaria.info/002_BET/בן   סורר   ומורה.html]
[www.aspaklaria.info/002_BET/בן   סטדא.html]
[www.aspaklaria.info/002_BET/בן   סירא.html]
[www.aspaklaria.info/002_BET/בן   עשרים.html]
[www.aspaklaria.info/002_BET/בן   ציצית   הכסת.html]
[www.aspaklaria.info/002_BET/בן   תמליון.html]
[www.aspaklaria.info/002_BET/בנה   בנין.html]
[www.aspaklaria.info/002_BET/בנות   צלפחד.html]
[www.aspaklaria.info/002_BET/בני   האלהים.html]
[www.aspaklaria.info/002_BET/בני   קדם.html]
[www.aspaklaria.info/002_BET/בני   רשף.html]
[www.aspaklaria.info/002_BET/בניהו.html]
[www.aspaklaria.info/002_BET/בנימין.html]
[www.aspaklaria.info/002_BET/בנימין   הצדיק.html]
[www.aspaklaria.info/002_BET/בעבור.html]
[www.aspaklaria.info/002_BET/בעד.html]
[www.aspaklaria.info/002_BET/בעוד.html]
[www.aspaklaria.info/002_BET/בעל.html]
[www.aspaklaria.info/002_BET/בעל   אוב.html]
[www.aspaklaria.info/002_BET/בעל   מום.html]
[www.aspaklaria.info/002_BET/בעלי   חיים.html]
[www.aspaklaria.info/002_BET/בעל   מלאכה.html]
[www.aspaklaria.info/002_BET/בעל   צפון.html]
[www.aspaklaria.info/002_BET/בעל   קרי.html]
[www.aspaklaria.info/002_BET/בעלי   משכונות.html]
[www.aspaklaria.info/002_BET/בעצם   היום.html]
[www.aspaklaria.info/002_BET/בער   כסיל.html]
[www.aspaklaria.info/002_BET/בער   שרף.html]
[www.aspaklaria.info/002_BET/בעשא.html]
[www.aspaklaria.info/002_BET/בצורת.html]
[www.aspaklaria.info/002_BET/בצלאל   ואהליאב.html]
[www.aspaklaria.info/002_BET/בצע.html]
[www.aspaklaria.info/002_BET/בצק.html]
[www.aspaklaria.info/002_BET/בצרה.html]
[www.aspaklaria.info/002_BET/בקור   חולים.html]
[www.aspaklaria.info/002_BET/בקיאות.html]
[www.aspaklaria.info/002_BET/בקעת   דורא.html]
[www.aspaklaria.info/002_BET/בקק.html]
[www.aspaklaria.info/002_BET/בקר   בעלי   חיים.html]
[www.aspaklaria.info/002_BET/בקר   שחר.html]
[www.aspaklaria.info/002_BET/בקר   יבקש.html]
[www.aspaklaria.info/002_BET/בקרב.html]
[www.aspaklaria.info/002_BET/בקש   בקשה.html]
[www.aspaklaria.info/002_BET/בר.html]
[www.aspaklaria.info/002_BET/בר   דרומא.html]
[www.aspaklaria.info/002_BET/בר   כוכבא.html]
[www.aspaklaria.info/002_BET/בר   מצוה.html]
[www.aspaklaria.info/002_BET/ברא.html]
[www.aspaklaria.info/002_BET/בראשית.html]
[www.aspaklaria.info/002_BET/ברוך.html]
[www.aspaklaria.info/002_BET/ברוך   בן   נריה.html]
[www.aspaklaria.info/002_BET/ברוך   שם   כבוד   מלכותו.html]
[www.aspaklaria.info/002_BET/ברוריה.html]
[www.aspaklaria.info/002_BET/ברזילי הגלעדי.html]
[www.aspaklaria.info/002_BET/ברזל.html]
[www.aspaklaria.info/002_BET/ברח.html]
[www.aspaklaria.info/002_BET/בריאה   אדם.html]
[www.aspaklaria.info/002_BET/בריאה   אור   מאורות.html]
[www.aspaklaria.info/002_BET/בריאה   ארץ.html]
[www.aspaklaria.info/002_BET/בריאה   בין   השמשות.html]
[www.aspaklaria.info/002_BET/בריאה   בעלי   חיים.html]
[www.aspaklaria.info/002_BET/בריאה   יום   א.html]
[www.aspaklaria.info/002_BET/בריאה   יום   ב.html]
[www.aspaklaria.info/002_BET/בריאה.html]
[www.aspaklaria.info/002_BET/בריאה   יום   ג.html]
[www.aspaklaria.info/002_BET/בריאה   כי   טוב.html]
[www.aspaklaria.info/002_BET/בריאה   מאורות.html]
[www.aspaklaria.info/002_BET/בריאה   מאמר.html]
[www.aspaklaria.info/002_BET/בריאה   מים.html]
[www.aspaklaria.info/002_BET/בריאה   מלאכים.html]
[www.aspaklaria.info/002_BET/בריאה   עץ   ועשב.html]
[www.aspaklaria.info/002_BET/בריאה   קודם   לעולם.html]
[www.aspaklaria.info/002_BET/בריאה   שבת.html]
[www.aspaklaria.info/002_BET/בריאה   שמים   וארץ   רקיע.html]
[www.aspaklaria.info/002_BET/בריאה   תכלית.html]
[www.aspaklaria.info/002_BET/בריאות.html]
[www.aspaklaria.info/002_BET/ברית.html]
[www.aspaklaria.info/002_BET/ברית   אבות.html]
[www.aspaklaria.info/002_BET/ברית   בין   הבתרים.html]
[www.aspaklaria.info/002_BET/ברית   ישראל.html]
[www.aspaklaria.info/002_BET/ברית   כהונה.html]
[www.aspaklaria.info/002_BET/ברית   לעתיד   לבא.html]
[www.aspaklaria.info/002_BET/ברית   נח.html]
[www.aspaklaria.info/002_BET/ברכות.html]
[www.aspaklaria.info/002_BET/ברכת   הגומל.html]
[www.aspaklaria.info/002_BET/ברכה.html]
[www.aspaklaria.info/002_BET/ברכות   חתנים.html]
[www.aspaklaria.info/002_BET/ברכת הלבנה.html]
[www.aspaklaria.info/002_BET/ברכת   המזון.html]
[www.aspaklaria.info/002_BET/ברכת   המצות.html]
[www.aspaklaria.info/002_BET/ברכות   הנהנין.html]
[www.aspaklaria.info/002_BET/ברכת   הפטרה.html]
[www.aspaklaria.info/002_BET/ברכת   התורה.html]
[www.aspaklaria.info/002_BET/ברכת   כהנים.html]
[www.aspaklaria.info/002_BET/בשש   בושה.html]
[www.aspaklaria.info/002_BET/בשש   עכוב.html]
[www.aspaklaria.info/002_BET/בת.html]
[www.aspaklaria.info/002_BET/בת   יענה.html]
[www.aspaklaria.info/002_BET/בת   קול.html]
[www.aspaklaria.info/002_BET/בת   שבע.html]
[www.aspaklaria.info/002_BET/בתואל.html]
[www.aspaklaria.info/002_BET/בתולה   בתולים.html]
[www.aspaklaria.info/002_BET/בתוך.html]
[www.aspaklaria.info/002_BET/BET.html]
[www.aspaklaria.info/002_BET/בתיה.html]
[www.aspaklaria.info/003_GIMEL/ג.html]
[www.aspaklaria.info/003_GIMEL/גאולה   זמן.html]
[www.aspaklaria.info/003_GIMEL/גבאי.html]
[www.aspaklaria.info/003_GIMEL/גאוה.html]
[www.aspaklaria.info/003_GIMEL/גבול.html]
[www.aspaklaria.info/003_GIMEL/גביע.html]
[www.aspaklaria.info/003_GIMEL/גביעא בן פסיסא.html]
[www.aspaklaria.info/003_GIMEL/גבעה.html]
[www.aspaklaria.info/003_GIMEL/גבעונים.html]
[www.aspaklaria.info/003_GIMEL/גבר.html]
[www.aspaklaria.info/003_GIMEL/גאולה.html]
[www.aspaklaria.info/003_GIMEL/גבריאל.html]
[www.aspaklaria.info/003_GIMEL/גד   כזרע גד.html]
[www.aspaklaria.info/003_GIMEL/גד   מזל.html]
[www.aspaklaria.info/003_GIMEL/גד.html]
[www.aspaklaria.info/003_GIMEL/גד וראובן.html]
[www.aspaklaria.info/003_GIMEL/גד החוזה.html]
[www.aspaklaria.info/003_GIMEL/גדול   גדולה.html]
[www.aspaklaria.info/003_GIMEL/גדי.html]
[www.aspaklaria.info/003_GIMEL/גדיל.html]
[www.aspaklaria.info/003_GIMEL/גדליה.html]
[www.aspaklaria.info/003_GIMEL/גדעון.html]
[www.aspaklaria.info/003_GIMEL/גדרים.html]
[www.aspaklaria.info/003_GIMEL/גהה.html]
[www.aspaklaria.info/003_GIMEL/גואל.html]
[www.aspaklaria.info/003_GIMEL/גואל הדם.html]
[www.aspaklaria.info/003_GIMEL/גוג ומגוג.html]
[www.aspaklaria.info/003_GIMEL/גוזל.html]
[www.aspaklaria.info/003_GIMEL/גוי.html]
[www.aspaklaria.info/003_GIMEL/גוע.html]
[www.aspaklaria.info/003_GIMEL/גוף.html]
[www.aspaklaria.info/003_GIMEL/גורל.html]
[www.aspaklaria.info/003_GIMEL/גושן.html]
[www.aspaklaria.info/003_GIMEL/גזית.html]
[www.aspaklaria.info/003_GIMEL/גזל   גזלן.html]
[www.aspaklaria.info/003_GIMEL/גזר דין   גזירה.html]
[www.aspaklaria.info/003_GIMEL/גזרה שוה.html]
[www.aspaklaria.info/003_GIMEL/גזרות שמד.html]
[www.aspaklaria.info/003_GIMEL/גחזי.html]
[www.aspaklaria.info/003_GIMEL/גט.html]
[www.aspaklaria.info/003_GIMEL/גטו.html]
[www.aspaklaria.info/003_GIMEL/גיד הנשה.html]
[www.aspaklaria.info/003_GIMEL/גיהנם.html]
[www.aspaklaria.info/003_GIMEL/גיחון.html]
[www.aspaklaria.info/003_GIMEL/גיל.html]
[www.aspaklaria.info/003_GIMEL/גימטריא.html]
[www.aspaklaria.info/003_GIMEL/גל.html]
[www.aspaklaria.info/003_GIMEL/גלגול.html]
[www.aspaklaria.info/003_GIMEL/גלגל.html]
[www.aspaklaria.info/003_GIMEL/גלגלים.html]
[www.aspaklaria.info/003_GIMEL/גלוח.html]
[www.aspaklaria.info/003_GIMEL/גלוי עריות.html]
[www.aspaklaria.info/003_GIMEL/גלוי הראש.html]
[www.aspaklaria.info/003_GIMEL/גלות בבל.html]
[www.aspaklaria.info/003_GIMEL/גלות יון.html]
[www.aspaklaria.info/003_GIMEL/גלות   ישראל בגלות.html]
[www.aspaklaria.info/003_GIMEL/גלות מצרים.html]
[www.aspaklaria.info/003_GIMEL/גלות מצרים   גאולה.html]
[www.aspaklaria.info/003_GIMEL/גלות.html]
[www.aspaklaria.info/003_GIMEL/גלות מצרים   גזרת הבנים.html]
[www.aspaklaria.info/003_GIMEL/גלות מצרים   ישראל במצרים.html]
[www.aspaklaria.info/003_GIMEL/גלות מצרים   המילדות.html]
[www.aspaklaria.info/003_GIMEL/גלות   ישראל.html]
[www.aspaklaria.info/003_GIMEL/גלות מצרים   שאלת רכוש.html]
[www.aspaklaria.info/003_GIMEL/גלות מצרים   שעבוד.html]
[www.aspaklaria.info/003_GIMEL/גליל.html]
[www.aspaklaria.info/003_GIMEL/גלית.html]
[www.aspaklaria.info/003_GIMEL/גלמוד.html]
[www.aspaklaria.info/003_GIMEL/גלעד.html]
[www.aspaklaria.info/003_GIMEL/גם.html]
[www.aspaklaria.info/003_GIMEL/גמילות חסד.html]
[www.aspaklaria.info/003_GIMEL/גמל   גמילות חסד.html]
[www.aspaklaria.info/003_GIMEL/גמל   בעלי חיים.html]
[www.aspaklaria.info/003_GIMEL/גמרא.html]
[www.aspaklaria.info/003_GIMEL/גן עדן.html]
[www.aspaklaria.info/003_GIMEL/גנב   גנבה.html]
[www.aspaklaria.info/003_GIMEL/גנב   נפש.html]
[www.aspaklaria.info/003_GIMEL/גנב   תשלומי ד וה.html]
[www.aspaklaria.info/003_GIMEL/גסות רוח.html]
[www.aspaklaria.info/003_GIMEL/געל.html]
[www.aspaklaria.info/003_GIMEL/גפן.html]
[www.aspaklaria.info/003_GIMEL/גר תושב.html]
[www.aspaklaria.info/003_GIMEL/גרושין.html]
[www.aspaklaria.info/003_GIMEL/גרמניה.html]
[www.aspaklaria.info/003_GIMEL/גרסאות.html]
[www.aspaklaria.info/003_GIMEL/גרש.html]
[www.aspaklaria.info/003_GIMEL/גרשם.html]
[www.aspaklaria.info/003_GIMEL/גשה.html]
[www.aspaklaria.info/003_GIMEL/גר.html]
[www.aspaklaria.info/003_GIMEL/גשם.html]
[www.aspaklaria.info/003_GIMEL/GIMEL.html]
[www.aspaklaria.info/003_GIMEL/גתית.html]
[www.aspaklaria.info/004_DALET/ד.html]
[www.aspaklaria.info/004_DALET/דאג   דאגה.html]
[www.aspaklaria.info/004_DALET/דבה.html]
[www.aspaklaria.info/004_DALET/דבורה   מינקת רבקה.html]
[www.aspaklaria.info/004_DALET/דבורה   דבש.html]
[www.aspaklaria.info/004_DALET/דביקות.html]
[www.aspaklaria.info/004_DALET/דביר.html]
[www.aspaklaria.info/004_DALET/דבר.html]
[www.aspaklaria.info/004_DALET/דבר   עשר מכות.html]
[www.aspaklaria.info/004_DALET/דבור.html]
[www.aspaklaria.info/004_DALET/דבש.html]
[www.aspaklaria.info/004_DALET/דג.html]
[www.aspaklaria.info/004_DALET/דגל.html]
[www.aspaklaria.info/004_DALET/דגן.html]
[www.aspaklaria.info/004_DALET/דואג.html]
[www.aspaklaria.info/004_DALET/דד.html]
[www.aspaklaria.info/004_DALET/דוד ואבשלום.html]
[www.aspaklaria.info/004_DALET/דוד   והארון.html]
[www.aspaklaria.info/004_DALET/דוד   בית.html]
[www.aspaklaria.info/004_DALET/דוד   ובית המקדש.html]
[www.aspaklaria.info/004_DALET/דוד   וגלית.html]
[www.aspaklaria.info/004_DALET/דוד   חטא.html]
[www.aspaklaria.info/004_DALET/דוד.html]
[www.aspaklaria.info/004_DALET/דוד   ויהונתן.html]
[www.aspaklaria.info/004_DALET/דוד   כנור.html]
[www.aspaklaria.info/004_DALET/דוד   מלחמות.html]
[www.aspaklaria.info/004_DALET/דוד   מנין.html]
[www.aspaklaria.info/004_DALET/דוד   ונבל.html]
[www.aspaklaria.info/004_DALET/דוד   ופלשתים.html]
[www.aspaklaria.info/004_DALET/דוד   הרעב.html]
[www.aspaklaria.info/004_DALET/דוד   ושאול.html]
[www.aspaklaria.info/004_DALET/דוד   שירה.html]
[www.aspaklaria.info/004_DALET/דודאים.html]
[www.aspaklaria.info/004_DALET/דוה.html]
[www.aspaklaria.info/004_DALET/דולפין.html]
[www.aspaklaria.info/004_DALET/דום   דומיה.html]
[www.aspaklaria.info/004_DALET/דומה.html]
[www.aspaklaria.info/004_DALET/דור.html]
[www.aspaklaria.info/004_DALET/דור אנוש.html]
[www.aspaklaria.info/004_DALET/דור הפלגה.html]
[www.aspaklaria.info/004_DALET/דור המבול.html]
[www.aspaklaria.info/004_DALET/דור המדבר   חטא מרגלים.html]
[www.aspaklaria.info/004_DALET/דור המדבר   ואדום.html]
[www.aspaklaria.info/004_DALET/דור המדבר   אילים.html]
[www.aspaklaria.info/004_DALET/דור המדבר   אמונה.html]
[www.aspaklaria.info/004_DALET/דור המדבר.html]
[www.aspaklaria.info/004_DALET/דור המדבר   באר.html]
[www.aspaklaria.info/004_DALET/דור המדבר   בגדים.html]
[www.aspaklaria.info/004_DALET/דור המדבר   בשר.html]
[www.aspaklaria.info/004_DALET/דור המדבר   דיינים.html]
[www.aspaklaria.info/004_DALET/דור המדבר   חטא.html]
[www.aspaklaria.info/004_DALET/דור המדבר   חטא פעור.html]
[www.aspaklaria.info/004_DALET/דור המדבר   בים סוף.html]
[www.aspaklaria.info/004_DALET/דור המדבר   למוד.html]
[www.aspaklaria.info/004_DALET/דור המדבר   מדין.html]
[www.aspaklaria.info/004_DALET/דור המדבר   מילה.html]
[www.aspaklaria.info/004_DALET/דור המדבר   מלחמת מדין.html]
[www.aspaklaria.info/004_DALET/דור המדבר   חטא העגל.html]
[www.aspaklaria.info/004_DALET/דור המדבר   מלחמת סיחון ועוג.html]
[www.aspaklaria.info/004_DALET/דור המדבר   מחנה.html]
[www.aspaklaria.info/004_DALET/דור המדבר   מן.html]
[www.aspaklaria.info/004_DALET/דור המדבר   מנין.html]
[www.aspaklaria.info/004_DALET/דור המדבר   מסע.html]
[www.aspaklaria.info/004_DALET/דור המדבר   מעפילים.html]
[www.aspaklaria.info/004_DALET/דור המדבר   מקושש.html]
[www.aspaklaria.info/004_DALET/דור המדבר   מרה.html]
[www.aspaklaria.info/004_DALET/דור המדבר   ומשה.html]
[www.aspaklaria.info/004_DALET/דור המדבר   מתאוננים.html]
[www.aspaklaria.info/004_DALET/דור המדבר   מתן תורה.html]
[www.aspaklaria.info/004_DALET/דור המדבר   מרגלים.html]
[www.aspaklaria.info/004_DALET/דור המדבר נחשים.html]
[www.aspaklaria.info/004_DALET/דור המדבר   נעשה ונשמע.html]
[www.aspaklaria.info/004_DALET/דור המדבר   סיחון ועוג.html]
[www.aspaklaria.info/004_DALET/דור המדבר   עדי.html]
[www.aspaklaria.info/004_DALET/דור המדבר   קרבן.html]
[www.aspaklaria.info/004_DALET/דור המדבר   תלונה וריב.html]
[www.aspaklaria.info/004_DALET/דורות ראשונים.html]
[www.aspaklaria.info/004_DALET/דורש אל המת.html]
[www.aspaklaria.info/004_DALET/דחה   דחייה.html]
[www.aspaklaria.info/004_DALET/דיו.html]
[www.aspaklaria.info/004_DALET/דיין.html]
[www.aspaklaria.info/004_DALET/דינה.html]
[www.aspaklaria.info/004_DALET/דיראון.html]
[www.aspaklaria.info/004_DALET/דירה.html]
[www.aspaklaria.info/004_DALET/דין.html]
[www.aspaklaria.info/004_DALET/דמאי.html]
[www.aspaklaria.info/004_DALET/דמות.html]
[www.aspaklaria.info/004_DALET/דמיו בו.html]
[www.aspaklaria.info/004_DALET/דמיון.html]
[www.aspaklaria.info/004_DALET/דמע.html]
[www.aspaklaria.info/004_DALET/דמעה.html]
[www.aspaklaria.info/004_DALET/דן.html]
[www.aspaklaria.info/004_DALET/דניאל.html]
[www.aspaklaria.info/004_DALET/דעת.html]
[www.aspaklaria.info/004_DALET/דקדוק.html]
[www.aspaklaria.info/004_DALET/דרום.html]
[www.aspaklaria.info/004_DALET/דרור.html]
[www.aspaklaria.info/004_DALET/דריוש.html]
[www.aspaklaria.info/004_DALET/דרך.html]
[www.aspaklaria.info/004_DALET/דרך ארץ.html]
[www.aspaklaria.info/004_DALET/דרך התורה.html]
[www.aspaklaria.info/004_DALET/דרכי האמורי.html]
[www.aspaklaria.info/004_DALET/דרכי שלום.html]
[www.aspaklaria.info/004_DALET/דרקון.html]
[www.aspaklaria.info/004_DALET/דרש   דרשה.html]
[www.aspaklaria.info/004_DALET/דרש ה.html]
[www.aspaklaria.info/004_DALET/דשא.html]
[www.aspaklaria.info/004_DALET/דשן.html]
[www.aspaklaria.info/004_DALET/דת.html]
[www.aspaklaria.info/004_DALET/DALET.html]
[www.aspaklaria.info/004_DALET/דתן ואבירם.html]
[www.aspaklaria.info/005_HE/ה.html]
[www.aspaklaria.info/005_HE/האבק.html]
[www.aspaklaria.info/005_HE/האזן.html]
[www.aspaklaria.info/005_HE/האח.html]
[www.aspaklaria.info/005_HE/האמן.html]
[www.aspaklaria.info/005_HE/האמר.html]
[www.aspaklaria.info/005_HE/האסף.html]
[www.aspaklaria.info/005_HE/האסף אל עמיו.html]
[www.aspaklaria.info/005_HE/הבדל.html]
[www.aspaklaria.info/005_HE/הבדלה.html]
[www.aspaklaria.info/005_HE/הבה.html]
[www.aspaklaria.info/005_HE/הבט.html]
[www.aspaklaria.info/005_HE/הבטחה.html]
[www.aspaklaria.info/005_HE/הבין.html]
[www.aspaklaria.info/005_HE/הבל   רוח.html]
[www.aspaklaria.info/005_HE/הבל.html]
[www.aspaklaria.info/005_HE/הבל   קרבן.html]
[www.aspaklaria.info/005_HE/הגד.html]
[www.aspaklaria.info/005_HE/הגדה.html]
[www.aspaklaria.info/005_HE/הגה   משך.html]
[www.aspaklaria.info/005_HE/הגה   והגית.html]
[www.aspaklaria.info/005_HE/הגה.html]
[www.aspaklaria.info/005_HE/הגיע.html]
[www.aspaklaria.info/005_HE/הגמל.html]
[www.aspaklaria.info/005_HE/הגר.html]
[www.aspaklaria.info/005_HE/הדיוט.html]
[www.aspaklaria.info/005_HE/הדיח.html]
[www.aspaklaria.info/005_HE/הדלק.html]
[www.aspaklaria.info/005_HE/הדס.html]
[www.aspaklaria.info/005_HE/הדף.html]
[www.aspaklaria.info/005_HE/הדר.html]
[www.aspaklaria.info/005_HE/הוא.html]
[www.aspaklaria.info/005_HE/הואל.html]
[www.aspaklaria.info/005_HE/הוד.html]
[www.aspaklaria.info/005_HE/הודאה   תודה.html]
[www.aspaklaria.info/005_HE/הודאה.html]
[www.aspaklaria.info/005_HE/הודו.html]
[www.aspaklaria.info/005_HE/הוה.html]
[www.aspaklaria.info/005_HE/הוות.html]
[www.aspaklaria.info/005_HE/הויה.html]
[www.aspaklaria.info/005_HE/הוכח.html]
[www.aspaklaria.info/005_HE/הולל   הוללות.html]
[www.aspaklaria.info/005_HE/הון.html]
[www.aspaklaria.info/005_HE/הוסיף.html]
[www.aspaklaria.info/005_HE/הוצאת שכבת זרע לבטלה.html]
[www.aspaklaria.info/005_HE/הוראה.html]
[www.aspaklaria.info/005_HE/הוראת שעה.html]
[www.aspaklaria.info/005_HE/הורדוס.html]
[www.aspaklaria.info/005_HE/הורים.html]
[www.aspaklaria.info/005_HE/הורמיז.html]
[www.aspaklaria.info/005_HE/הורקנוס.html]
[www.aspaklaria.info/005_HE/הורקנוס   רבי אליעזר.html]
[www.aspaklaria.info/005_HE/הושיע.html]
[www.aspaklaria.info/005_HE/הושע   המלך.html]
[www.aspaklaria.info/005_HE/הושע   הנביא.html]
[www.aspaklaria.info/005_HE/הושענא רבה.html]
[www.aspaklaria.info/005_HE/הותיר.html]
[www.aspaklaria.info/005_HE/הזאה.html]
[www.aspaklaria.info/005_HE/הזכרת נשמות.html]
[www.aspaklaria.info/005_HE/החזק.html]
[www.aspaklaria.info/005_HE/החלף   החלפה.html]
[www.aspaklaria.info/005_HE/החלץ.html]
[www.aspaklaria.info/005_HE/החנף.html]
[www.aspaklaria.info/005_HE/החרם.html]
[www.aspaklaria.info/005_HE/הטמן.html]
[www.aspaklaria.info/005_HE/היה.html]
[www.aspaklaria.info/005_HE/הימן.html]
[www.aspaklaria.info/005_HE/הכי.html]
[www.aspaklaria.info/005_HE/הכלם.html]
[www.aspaklaria.info/005_HE/הכן   הכנה.html]
[www.aspaklaria.info/005_HE/הכנסת אורחים.html]
[www.aspaklaria.info/005_HE/הכנעה.html]
[www.aspaklaria.info/005_HE/הכרת טובה.html]
[www.aspaklaria.info/005_HE/הכרת הבורא.html]
[www.aspaklaria.info/005_HE/הלבנת פנים.html]
[www.aspaklaria.info/005_HE/הלואה.html]
[www.aspaklaria.info/005_HE/הלא.html]
[www.aspaklaria.info/005_HE/הלאה.html]
[www.aspaklaria.info/005_HE/הלום.html]
[www.aspaklaria.info/005_HE/הלזה.html]
[www.aspaklaria.info/005_HE/הלך   הליכה.html]
[www.aspaklaria.info/005_HE/הלכה.html]
[www.aspaklaria.info/005_HE/הלכה למשה מסיני.html]
[www.aspaklaria.info/005_HE/הלל.html]
[www.aspaklaria.info/005_HE/הלל   תודה.html]
[www.aspaklaria.info/005_HE/הללויה.html]
[www.aspaklaria.info/005_HE/הלעט.html]
[www.aspaklaria.info/005_HE/המטר.html]
[www.aspaklaria.info/005_HE/המן.html]
[www.aspaklaria.info/005_HE/המר.html]
[www.aspaklaria.info/005_HE/הן.html]
[www.aspaklaria.info/005_HE/הנאה.html]
[www.aspaklaria.info/005_HE/הנה.html]
[www.aspaklaria.info/005_HE/הנחם.html]
[www.aspaklaria.info/005_HE/הניא.html]
[www.aspaklaria.info/005_HE/הניח.html]
[www.aspaklaria.info/005_HE/הנפש.html]
[www.aspaklaria.info/005_HE/הנקה.html]
[www.aspaklaria.info/005_HE/הסגת גבול.html]
[www.aspaklaria.info/005_HE/הנהגה.html]
[www.aspaklaria.info/005_HE/הסח הדעת.html]
[www.aspaklaria.info/005_HE/הסטוריה.html]
[www.aspaklaria.info/005_HE/הסטוריה   בית ראשון.html]
[www.aspaklaria.info/005_HE/הסטוריה   בית ראשון חורבן.html]
[www.aspaklaria.info/005_HE/הסטוריה   בית ראשון חטא.html]
[www.aspaklaria.info/005_HE/הסטוריה   בית שני.html]
[www.aspaklaria.info/005_HE/הסטוריה בית שני  בנין.html]
[www.aspaklaria.info/005_HE/הסטוריה בית שני   חטא.html]
[www.aspaklaria.info/005_HE/הסטוריה   גלות בבל.html]
[www.aspaklaria.info/005_HE/הסטוריה   שופטים.html]
[www.aspaklaria.info/005_HE/הסכת.html]
[www.aspaklaria.info/005_HE/הספד.html]
[www.aspaklaria.info/005_HE/הסת.html]
[www.aspaklaria.info/005_HE/הסתולל.html]
[www.aspaklaria.info/005_HE/הסתפקות.html]
[www.aspaklaria.info/005_HE/הסתר.html]
[www.aspaklaria.info/005_HE/העד.html]
[www.aspaklaria.info/005_HE/העדר.html]
[www.aspaklaria.info/005_HE/העלם.html]
[www.aspaklaria.info/005_HE/העתר.html]
[www.aspaklaria.info/005_HE/הפח.html]
[www.aspaklaria.info/005_HE/הפטרה.html]
[www.aspaklaria.info/005_HE/הפך   הפכים.html]
[www.aspaklaria.info/005_HE/הפלא.html]
[www.aspaklaria.info/005_HE/הפלגה.html]
[www.aspaklaria.info/005_HE/הפלה.html]
[www.aspaklaria.info/005_HE/הפסד.html]
[www.aspaklaria.info/005_HE/הפר.html]
[www.aspaklaria.info/005_HE/הפרש.html]
[www.aspaklaria.info/005_HE/הצל   הצלה.html]
[www.aspaklaria.info/005_HE/הצלחה.html]
[www.aspaklaria.info/005_HE/הצללפוני.html]
[www.aspaklaria.info/005_HE/הצנע לכת.html]
[www.aspaklaria.info/005_HE/הקדש.html]
[www.aspaklaria.info/005_HE/הקהל.html]
[www.aspaklaria.info/005_HE/הקזת דם.html]
[www.aspaklaria.info/005_HE/הקטרה.html]
[www.aspaklaria.info/005_HE/הקע.html]
[www.aspaklaria.info/005_HE/הקף   הקפות.html]
[www.aspaklaria.info/005_HE/הקפת הראש.html]
[www.aspaklaria.info/005_HE/הקרה.html]
[www.aspaklaria.info/005_HE/הר.html]
[www.aspaklaria.info/005_HE/הר הבית.html]
[www.aspaklaria.info/005_HE/הר גריזים ועיבל.html]
[www.aspaklaria.info/005_HE/הר ההר.html]
[www.aspaklaria.info/005_HE/הר חושך.html]
[www.aspaklaria.info/005_HE/הר חורב.html]
[www.aspaklaria.info/005_HE/הר מועד.html]
[www.aspaklaria.info/005_HE/הר המוריה.html]
[www.aspaklaria.info/005_HE/הר נבו.html]
[www.aspaklaria.info/005_HE/הר סיני.html]
[www.aspaklaria.info/005_HE/הר תבור.html]
[www.aspaklaria.info/005_HE/הראל.html]
[www.aspaklaria.info/005_HE/הרבעה.html]
[www.aspaklaria.info/005_HE/הרג.html]
[www.aspaklaria.info/005_HE/הרגל.html]
[www.aspaklaria.info/005_HE/הרדם.html]
[www.aspaklaria.info/005_HE/הרהור.html]
[www.aspaklaria.info/005_HE/הרוגי מלכות.html]
[www.aspaklaria.info/005_HE/הריון.html]
[www.aspaklaria.info/005_HE/הרכבה.html]
[www.aspaklaria.info/005_HE/הרם יד.html]
[www.aspaklaria.info/005_HE/הרן.html]
[www.aspaklaria.info/005_HE/הרנן.html]
[www.aspaklaria.info/005_HE/הרס.html]
[www.aspaklaria.info/005_HE/הרשיע.html]
[www.aspaklaria.info/005_HE/השאר.html]
[www.aspaklaria.info/005_HE/השבת.html]
[www.aspaklaria.info/005_HE/השבת אבדה.html]
[www.aspaklaria.info/005_HE/השג.html]
[www.aspaklaria.info/005_HE/השחת.html]
[www.aspaklaria.info/005_HE/השיא   השיאני.html]
[www.aspaklaria.info/005_HE/השיא   והשיאו.html]
[www.aspaklaria.info/005_HE/השכיל.html]
[www.aspaklaria.info/005_HE/השגחה.html]
[www.aspaklaria.info/005_HE/השכם   השכמה.html]
[www.aspaklaria.info/005_HE/השמר.html]
[www.aspaklaria.info/005_HE/השקף.html]
[www.aspaklaria.info/005_HE/השתאה.html]
[www.aspaklaria.info/005_HE/השתדלות.html]
[www.aspaklaria.info/005_HE/השתחוה.html]
[www.aspaklaria.info/005_HE/התאוה.html]
[www.aspaklaria.info/005_HE/התאונן.html]
[www.aspaklaria.info/005_HE/התאמר.html]
[www.aspaklaria.info/005_HE/התאפק.html]
[www.aspaklaria.info/005_HE/התבודדות.html]
[www.aspaklaria.info/005_HE/התבוללות.html]
[www.aspaklaria.info/005_HE/התהלך.html]
[www.aspaklaria.info/005_HE/התהלך את האלקים.html]
[www.aspaklaria.info/005_HE/התגולל.html]
[www.aspaklaria.info/005_HE/התחדשות.html]
[www.aspaklaria.info/005_HE/התחלה.html]
[www.aspaklaria.info/005_HE/התיצב.html]
[www.aspaklaria.info/005_HE/התך.html]
[www.aspaklaria.info/005_HE/התלהבות.html]
[www.aspaklaria.info/005_HE/התמהמה.html]
[www.aspaklaria.info/005_HE/התנחם.html]
[www.aspaklaria.info/005_HE/התנכל.html]
[www.aspaklaria.info/005_HE/התעוררות.html]
[www.aspaklaria.info/005_HE/התעלל.html]
[www.aspaklaria.info/005_HE/התעלף.html]
[www.aspaklaria.info/005_HE/התעמר.html]
[www.aspaklaria.info/005_HE/התענינות.html]
[www.aspaklaria.info/005_HE/התעשת.html]
[www.aspaklaria.info/005_HE/התפלל.html]
[www.aspaklaria.info/005_HE/התפתחות.html]
[www.aspaklaria.info/005_HE/HE.html]
[www.aspaklaria.info/005_HE/התראה.html]
[www.aspaklaria.info/006_VAV/ו.html]
[www.aspaklaria.info/006_VAV/ואלה.html]
[www.aspaklaria.info/006_VAV/ואני.html]
[www.aspaklaria.info/006_VAV/ואתה.html]
[www.aspaklaria.info/006_VAV/והב.html]
[www.aspaklaria.info/006_VAV/והיה.html]
[www.aspaklaria.info/006_VAV/והלאה.html]
[www.aspaklaria.info/006_VAV/ויאמר.html]
[www.aspaklaria.info/006_VAV/וידוי.html]
[www.aspaklaria.info/006_VAV/ויהי.html]
[www.aspaklaria.info/006_VAV/ויהי אחרי.html]
[www.aspaklaria.info/006_VAV/ויהי איש.html]
[www.aspaklaria.info/006_VAV/ויניציאה.html]
[www.aspaklaria.info/006_VAV/וכוח.html]
[www.aspaklaria.info/006_VAV/ומעלה.html]
[www.aspaklaria.info/006_VAV/ועד.html]
[www.aspaklaria.info/006_VAV/ועתה.html]
[www.aspaklaria.info/006_VAV/ושט.html]
[www.aspaklaria.info/006_VAV/ושתי.html]
[www.aspaklaria.info/006_VAV/ותור   ותרנות.html]
[www.aspaklaria.info/006_VAV/VAV.html]
[www.aspaklaria.info/006_VAV/ותיק   ותיקין.html]
[www.aspaklaria.info/007_ZAYIN/ז.html]
[www.aspaklaria.info/007_ZAYIN/זאב.html]
[www.aspaklaria.info/007_ZAYIN/זאת.html]
[www.aspaklaria.info/007_ZAYIN/זב.html]
[www.aspaklaria.info/007_ZAYIN/זבה.html]
[www.aspaklaria.info/007_ZAYIN/זבוב.html]
[www.aspaklaria.info/007_ZAYIN/זבל   זבול.html]
[www.aspaklaria.info/007_ZAYIN/זבולון.html]
[www.aspaklaria.info/007_ZAYIN/זבח.html]
[www.aspaklaria.info/007_ZAYIN/זבת חלב ודבש.html]
[www.aspaklaria.info/007_ZAYIN/זד.html]
[www.aspaklaria.info/007_ZAYIN/זדון.html]
[www.aspaklaria.info/007_ZAYIN/זה.html]
[www.aspaklaria.info/007_ZAYIN/זהב.html]
[www.aspaklaria.info/007_ZAYIN/זהירות.html]
[www.aspaklaria.info/007_ZAYIN/זהר.html]
[www.aspaklaria.info/007_ZAYIN/זווג.html]
[www.aspaklaria.info/007_ZAYIN/זוגות.html]
[www.aspaklaria.info/007_ZAYIN/זונה.html]
[www.aspaklaria.info/007_ZAYIN/זוועות.html]
[www.aspaklaria.info/007_ZAYIN/זיו.html]
[www.aspaklaria.info/007_ZAYIN/זיז.html]
[www.aspaklaria.info/007_ZAYIN/זיעה.html]
[www.aspaklaria.info/007_ZAYIN/זיקין.html]
[www.aspaklaria.info/007_ZAYIN/זית.html]
[www.aspaklaria.info/007_ZAYIN/זכוכית.html]
[www.aspaklaria.info/007_ZAYIN/זכור.html]
[www.aspaklaria.info/007_ZAYIN/זכות.html]
[www.aspaklaria.info/007_ZAYIN/זכר   זכירה.html]
[www.aspaklaria.info/007_ZAYIN/זכר.html]
[www.aspaklaria.info/007_ZAYIN/זכריה   בית ראשון.html]
[www.aspaklaria.info/007_ZAYIN/זכריה   בית שני.html]
[www.aspaklaria.info/007_ZAYIN/זלפה.html]
[www.aspaklaria.info/007_ZAYIN/זמה.html]
[www.aspaklaria.info/007_ZAYIN/זמננו.html]
[www.aspaklaria.info/007_ZAYIN/זמר   זמירות.html]
[www.aspaklaria.info/007_ZAYIN/זמרי.html]
[www.aspaklaria.info/007_ZAYIN/זמן.html]
[www.aspaklaria.info/007_ZAYIN/זנות.html]
[www.aspaklaria.info/007_ZAYIN/זעוה.html]
[www.aspaklaria.info/007_ZAYIN/זעם.html]
[www.aspaklaria.info/007_ZAYIN/זעף.html]
[www.aspaklaria.info/007_ZAYIN/זעק.html]
[www.aspaklaria.info/007_ZAYIN/זקן.html]
[www.aspaklaria.info/007_ZAYIN/זקן   זקנה.html]
[www.aspaklaria.info/007_ZAYIN/זקן ממרא.html]
[www.aspaklaria.info/007_ZAYIN/זר.html]
[www.aspaklaria.info/007_ZAYIN/זרא.html]
[www.aspaklaria.info/007_ZAYIN/זרובבל.html]
[www.aspaklaria.info/007_ZAYIN/זרוע.html]
[www.aspaklaria.info/007_ZAYIN/זרוע נטויה.html]
[www.aspaklaria.info/007_ZAYIN/זריזות.html]
[www.aspaklaria.info/007_ZAYIN/זרע.html]
[www.aspaklaria.info/007_ZAYIN/זרש.html]
[www.aspaklaria.info/007_ZAYIN/ZAYIN.html]
[www.aspaklaria.info/007_ZAYIN/זרת.html]
[www.aspaklaria.info/008_HET/ח.html]
[www.aspaklaria.info/008_HET/חבה.html]
[www.aspaklaria.info/008_HET/חבורה.html]
[www.aspaklaria.info/008_HET/חבל.html]
[www.aspaklaria.info/008_HET/חבל   לידה.html]
[www.aspaklaria.info/008_HET/חבל   גורל.html]
[www.aspaklaria.info/008_HET/חבצלת.html]
[www.aspaklaria.info/008_HET/חבק.html]
[www.aspaklaria.info/008_HET/חבקוק.html]
[www.aspaklaria.info/008_HET/חבר   אדם.html]
[www.aspaklaria.info/008_HET/חבר   תלמיד חכם.html]
[www.aspaklaria.info/008_HET/חולדה   נביאה.html]
[www.aspaklaria.info/008_HET/חולדה.html]
[www.aspaklaria.info/008_HET/חולה.html]
[www.aspaklaria.info/008_HET/חולה   בקור.html]
[www.aspaklaria.info/008_HET/חום.html]
[www.aspaklaria.info/008_HET/חברה   חבורה.html]
[www.aspaklaria.info/008_HET/חומץ.html]
[www.aspaklaria.info/008_HET/חומר.html]
[www.aspaklaria.info/008_HET/חומרה.html]
[www.aspaklaria.info/008_HET/חומש.html]
[www.aspaklaria.info/008_HET/חוני המעגל.html]
[www.aspaklaria.info/008_HET/חוס.html]
[www.aspaklaria.info/008_HET/חוסן.html]
[www.aspaklaria.info/008_HET/חוף.html]
[www.aspaklaria.info/008_HET/חופה.html]
[www.aspaklaria.info/008_HET/חופש.html]
[www.aspaklaria.info/008_HET/חוץ.html]
[www.aspaklaria.info/008_HET/חוץ לארץ.html]
[www.aspaklaria.info/008_HET/חוצן.html]
[www.aspaklaria.info/008_HET/חוצפה.html]
[www.aspaklaria.info/008_HET/חוק.html]
[www.aspaklaria.info/008_HET/חוקות הגוי.html]
[www.aspaklaria.info/008_HET/חור.html]
[www.aspaklaria.info/008_HET/חורב.html]
[www.aspaklaria.info/008_HET/חורבה.html]
[www.aspaklaria.info/008_HET/חורבן.html]
[www.aspaklaria.info/008_HET/חורי   שבעה עמים.html]
[www.aspaklaria.info/008_HET/חורי   סלי.html]
[www.aspaklaria.info/008_HET/חורף.html]
[www.aspaklaria.info/008_HET/חושי.html]
[www.aspaklaria.info/008_HET/חושים   אדם.html]
[www.aspaklaria.info/008_HET/חושים   בן דן.html]
[www.aspaklaria.info/008_HET/חושך.html]
[www.aspaklaria.info/008_HET/חותן.html]
[www.aspaklaria.info/008_HET/חזאל.html]
[www.aspaklaria.info/008_HET/חזון   חזה.html]
[www.aspaklaria.info/008_HET/חזיר.html]
[www.aspaklaria.info/008_HET/חזן.html]
[www.aspaklaria.info/008_HET/חזק ואמץ.html]
[www.aspaklaria.info/008_HET/חזקיה.html]
[www.aspaklaria.info/008_HET/חח.html]
[www.aspaklaria.info/008_HET/חטא   פעולה.html]
[www.aspaklaria.info/008_HET/חטא   מחטיא.html]
[www.aspaklaria.info/008_HET/חטא   חסר.html]
[www.aspaklaria.info/008_HET/חטה.html]
[www.aspaklaria.info/008_HET/חיאל.html]
[www.aspaklaria.info/008_HET/חיה.html]
[www.aspaklaria.info/008_HET/חיך.html]
[www.aspaklaria.info/008_HET/חטא.html]
[www.aspaklaria.info/008_HET/חיל    כח.html]
[www.aspaklaria.info/008_HET/חיל   חומה.html]
[www.aspaklaria.info/008_HET/חימה.html]
[www.aspaklaria.info/008_HET/חירם.html]
[www.aspaklaria.info/008_HET/חכם.html]
[www.aspaklaria.info/008_HET/חכמינו ז.html]
[www.aspaklaria.info/008_HET/חלב   קרבן.html]
[www.aspaklaria.info/008_HET/חלב.html]
[www.aspaklaria.info/008_HET/חלד.html]
[www.aspaklaria.info/008_HET/חלה   מתנות כהונה.html]
[www.aspaklaria.info/008_HET/חכמה.html]
[www.aspaklaria.info/008_HET/חלה   פנים.html]
[www.aspaklaria.info/008_HET/חלול השם.html]
[www.aspaklaria.info/008_HET/חלום.html]
[www.aspaklaria.info/008_HET/חלון.html]
[www.aspaklaria.info/008_HET/חלוקא דרבנן.html]
[www.aspaklaria.info/008_HET/חלזון.html]
[www.aspaklaria.info/008_HET/חליל.html]
[www.aspaklaria.info/008_HET/חלילה.html]
[www.aspaklaria.info/008_HET/חליצה.html]
[www.aspaklaria.info/008_HET/חלל.html]
[www.aspaklaria.info/008_HET/חלק.html]
[www.aspaklaria.info/008_HET/חלקיה.html]
[www.aspaklaria.info/008_HET/חם.html]
[www.aspaklaria.info/008_HET/חמד   חמדה.html]
[www.aspaklaria.info/008_HET/חמה.html]
[www.aspaklaria.info/008_HET/חמור.html]
[www.aspaklaria.info/008_HET/חמי   חמות.html]
[www.aspaklaria.info/008_HET/חמל   חמלה.html]
[www.aspaklaria.info/008_HET/חמנים.html]
[www.aspaklaria.info/008_HET/חמס.html]
[www.aspaklaria.info/008_HET/חמץ.html]
[www.aspaklaria.info/008_HET/חמץ   בדיקה וביעור.html]
[www.aspaklaria.info/008_HET/חמריות.html]
[www.aspaklaria.info/008_HET/חמש.html]
[www.aspaklaria.info/008_HET/חמשה עשר באב.html]
[www.aspaklaria.info/008_HET/חמשה עשר בשבט.html]
[www.aspaklaria.info/008_HET/חן.html]
[www.aspaklaria.info/008_HET/חנה.html]
[www.aspaklaria.info/008_HET/חנה ושבעת בניה.html]
[www.aspaklaria.info/008_HET/חנוך   בן ירד.html]
[www.aspaklaria.info/008_HET/חנכה.html]
[www.aspaklaria.info/008_HET/חנניה מישאל ועזריה.html]
[www.aspaklaria.info/008_HET/חנוך   אב ובן.html]
[www.aspaklaria.info/008_HET/חנק.html]
[www.aspaklaria.info/008_HET/חסד.html]
[www.aspaklaria.info/008_HET/חסיד   חסידות.html]
[www.aspaklaria.info/008_HET/חסידים הראשונים.html]
[www.aspaklaria.info/008_HET/חסכון.html]
[www.aspaklaria.info/008_HET/חפה.html]
[www.aspaklaria.info/008_HET/חפזון.html]
[www.aspaklaria.info/008_HET/חפני ופנחס.html]
[www.aspaklaria.info/008_HET/חפץ.html]
[www.aspaklaria.info/008_HET/חפצי בה.html]
[www.aspaklaria.info/008_HET/חפר   בושה.html]
[www.aspaklaria.info/008_HET/חפר   כרה.html]
[www.aspaklaria.info/008_HET/חפש.html]
[www.aspaklaria.info/008_HET/חצוצרה.html]
[www.aspaklaria.info/008_HET/חצות.html]
[www.aspaklaria.info/008_HET/חצר.html]
[www.aspaklaria.info/008_HET/חצר מות.html]
[www.aspaklaria.info/008_HET/חקלאות.html]
[www.aspaklaria.info/008_HET/חקר   חקירה.html]
[www.aspaklaria.info/008_HET/חרב.html]
[www.aspaklaria.info/008_HET/חרב המתהפכת.html]
[www.aspaklaria.info/008_HET/חרבונה.html]
[www.aspaklaria.info/008_HET/חרד.html]
[www.aspaklaria.info/008_HET/חרון.html]
[www.aspaklaria.info/008_HET/חרוץ   חריצות.html]
[www.aspaklaria.info/008_HET/חרוץ.html]
[www.aspaklaria.info/008_HET/חרות.html]
[www.aspaklaria.info/008_HET/חרטה.html]
[www.aspaklaria.info/008_HET/חרטומים.html]
[www.aspaklaria.info/008_HET/חרם.html]
[www.aspaklaria.info/008_HET/חרמון.html]
[www.aspaklaria.info/008_HET/חרף חרפה.html]
[www.aspaklaria.info/008_HET/חרש.html]
[www.aspaklaria.info/008_HET/חרש ומסגר.html]
[www.aspaklaria.info/008_HET/חשבון.html]
[www.aspaklaria.info/008_HET/חשד.html]
[www.aspaklaria.info/008_HET/חשון.html]
[www.aspaklaria.info/008_HET/חשמונאים.html]
[www.aspaklaria.info/008_HET/חשמל.html]
[www.aspaklaria.info/008_HET/חשק.html]
[www.aspaklaria.info/008_HET/חתול.html]
[www.aspaklaria.info/008_HET/חתי.html]
[www.aspaklaria.info/008_HET/חתימה.html]
[www.aspaklaria.info/008_HET/חתן.html]
[www.aspaklaria.info/008_HET/HET.html]
[www.aspaklaria.info/008_HET/חתה.html]
[www.aspaklaria.info/009_TET/ט.html]
[www.aspaklaria.info/009_TET/טבור.html]
[www.aspaklaria.info/009_TET/טבח.html]
[www.aspaklaria.info/009_TET/טבי.html]
[www.aspaklaria.info/009_TET/טבילה.html]
[www.aspaklaria.info/009_TET/טביעות עין.html]
[www.aspaklaria.info/009_TET/טבע.html]
[www.aspaklaria.info/009_TET/טבע   לפני ואחרי חטא אדם הראשון.html]
[www.aspaklaria.info/009_TET/טבע   לפני ואחרי המבול.html]
[www.aspaklaria.info/009_TET/טבעת.html]
[www.aspaklaria.info/009_TET/טבריה.html]
[www.aspaklaria.info/009_TET/טבת.html]
[www.aspaklaria.info/009_TET/טהור   טהרה.html]
[www.aspaklaria.info/009_TET/טוב   טובה.html]
[www.aspaklaria.info/009_TET/טוב.html]
[www.aspaklaria.info/009_TET/טוב עין.html]
[www.aspaklaria.info/009_TET/טוטפות.html]
[www.aspaklaria.info/009_TET/טומאה.html]
[www.aspaklaria.info/009_TET/טומאה   אוכלין ומשקין.html]
[www.aspaklaria.info/009_TET/טומאה   הכשר.html]
[www.aspaklaria.info/009_TET/טומאה   כלים.html]
[www.aspaklaria.info/009_TET/טומאה   לידה.html]
[www.aspaklaria.info/009_TET/טומאה   מקדש וקדשיו.html]
[www.aspaklaria.info/009_TET/טומאה   מת.html]
[www.aspaklaria.info/009_TET/טומאה   משקין.html]
[www.aspaklaria.info/009_TET/טומאה   נבלה.html]
[www.aspaklaria.info/009_TET/טומאה   ספק.html]
[www.aspaklaria.info/009_TET/טומאה   שלוח.html]
[www.aspaklaria.info/009_TET/טומאה   שרץ.html]
[www.aspaklaria.info/009_TET/טומטום ואנדרוגינוס.html]
[www.aspaklaria.info/009_TET/טוס.html]
[www.aspaklaria.info/009_TET/טורח.html]
[www.aspaklaria.info/009_TET/טורנוס רופוס.html]
[www.aspaklaria.info/009_TET/טחול.html]
[www.aspaklaria.info/009_TET/טטפות.html]
[www.aspaklaria.info/009_TET/טיטוס.html]
[www.aspaklaria.info/009_TET/טירה.html]
[www.aspaklaria.info/009_TET/טל.html]
[www.aspaklaria.info/009_TET/טלית.html]
[www.aspaklaria.info/009_TET/טעון.html]
[www.aspaklaria.info/009_TET/טעות.html]
[www.aspaklaria.info/009_TET/טעם.html]
[www.aspaklaria.info/009_TET/טעמים.html]
[www.aspaklaria.info/009_TET/טף.html]
[www.aspaklaria.info/009_TET/טפש.html]
[www.aspaklaria.info/009_TET/טרד   טרדה.html]
[www.aspaklaria.info/009_TET/טרח   טרחה.html]
[www.aspaklaria.info/009_TET/טרם.html]
[www.aspaklaria.info/009_TET/טרף   טרפה.html]
[www.aspaklaria.info/009_TET/טרף.html]
[www.aspaklaria.info/009_TET/TET.html]
[www.aspaklaria.info/009_TET/טרקלין.html]
[www.aspaklaria.info/010_YOD/י.html]
[www.aspaklaria.info/010_YOD/יאהרצייט.html]
[www.aspaklaria.info/010_YOD/יאור.html]
[www.aspaklaria.info/010_YOD/יאיר.html]
[www.aspaklaria.info/010_YOD/יאשיה.html]
[www.aspaklaria.info/010_YOD/יבול.html]
[www.aspaklaria.info/010_YOD/יבום.html]
[www.aspaklaria.info/010_YOD/יבוס.html]
[www.aspaklaria.info/010_YOD/יבוסי.html]
[www.aspaklaria.info/010_YOD/יבוק.html]
[www.aspaklaria.info/010_YOD/יבנה.html]
[www.aspaklaria.info/010_YOD/יבש גלעד.html]
[www.aspaklaria.info/010_YOD/יבשה.html]
[www.aspaklaria.info/010_YOD/יגע.html]
[www.aspaklaria.info/010_YOD/יד.html]
[www.aspaklaria.info/010_YOD/יד חזקה.html]
[www.aspaklaria.info/010_YOD/ידותון.html]
[www.aspaklaria.info/010_YOD/ידיעה.html]
[www.aspaklaria.info/010_YOD/ידעוני.html]
[www.aspaklaria.info/010_YOD/יהא שמיה רבא מברך.html]
[www.aspaklaria.info/010_YOD/יהדות.html]
[www.aspaklaria.info/010_YOD/יהוא.html]
[www.aspaklaria.info/010_YOD/יהואחז.html]
[www.aspaklaria.info/010_YOD/ידיעת ה.html]
[www.aspaklaria.info/010_YOD/יהודה.html]
[www.aspaklaria.info/010_YOD/יהודה   בניו.html]
[www.aspaklaria.info/010_YOD/יהודה   ברכה.html]
[www.aspaklaria.info/010_YOD/יהודה   ויוסף.html]
[www.aspaklaria.info/010_YOD/יהודה   ועשרת השבטים.html]
[www.aspaklaria.info/010_YOD/יהודה   ותמר.html]
[www.aspaklaria.info/010_YOD/יהודה   ארץ.html]
[www.aspaklaria.info/010_YOD/יהודה   מלכות.html]
[www.aspaklaria.info/010_YOD/יהודה בן גרים.html]
[www.aspaklaria.info/010_YOD/יהודה המכבי.html]
[www.aspaklaria.info/010_YOD/יהודי.html]
[www.aspaklaria.info/010_YOD/יהודית.html]
[www.aspaklaria.info/010_YOD/יהוידע.html]
[www.aspaklaria.info/010_YOD/יהויכין.html]
[www.aspaklaria.info/010_YOD/יהויקים.html]
[www.aspaklaria.info/010_YOD/יהונדב בן רכב.html]
[www.aspaklaria.info/010_YOD/יהונתן   בן גרשם.html]
[www.aspaklaria.info/010_YOD/יהונתן   בן שאול.html]
[www.aspaklaria.info/010_YOD/יהורם   מלך יהודה.html]
[www.aspaklaria.info/010_YOD/יהורם   מלך ישראל.html]
[www.aspaklaria.info/010_YOD/יהושע.html]
[www.aspaklaria.info/010_YOD/יהושע   כבוש יריחו.html]
[www.aspaklaria.info/010_YOD/יהושע   מעבר הירדן.html]
[www.aspaklaria.info/010_YOD/יהושע   עמידת השמש.html]
[www.aspaklaria.info/010_YOD/יהושע   מרגלים.html]
[www.aspaklaria.info/010_YOD/יהושע   כהן גדול.html]
[www.aspaklaria.info/010_YOD/יהושפט.html]
[www.aspaklaria.info/010_YOD/יהי.html]
[www.aspaklaria.info/010_YOD/יהרג ואל יעבר.html]
[www.aspaklaria.info/010_YOD/יואב.html]
[www.aspaklaria.info/010_YOD/יואל.html]
[www.aspaklaria.info/010_YOD/יואש   מלך יהודה.html]
[www.aspaklaria.info/010_YOD/יואש   מלך ישראל.html]
[www.aspaklaria.info/010_YOD/יובל.html]
[www.aspaklaria.info/010_YOD/יוחנן כהן גדול.html]
[www.aspaklaria.info/010_YOD/יוכבד.html]
[www.aspaklaria.info/010_YOD/יולדת.html]
[www.aspaklaria.info/010_YOD/יום.html]
[www.aspaklaria.info/010_YOD/יום ב.html]
[www.aspaklaria.info/010_YOD/יום ג.html]
[www.aspaklaria.info/010_YOD/יום ד.html]
[www.aspaklaria.info/010_YOD/יום ה.html]
[www.aspaklaria.info/010_YOD/יום הדין.html]
[www.aspaklaria.info/010_YOD/יום השם.html]
[www.aspaklaria.info/010_YOD/יום חול.html]
[www.aspaklaria.info/010_YOD/יום הולדת.html]
[www.aspaklaria.info/010_YOD/יום טוב.html]
[www.aspaklaria.info/010_YOD/יום טוב   אסורי.html]
[www.aspaklaria.info/010_YOD/יום טוב   שני.html]
[www.aspaklaria.info/010_YOD/יום כפורים.html]
[www.aspaklaria.info/010_YOD/יום כפורים   אסורי.html]
[www.aspaklaria.info/010_YOD/יום כפורים   כפרה.html]
[www.aspaklaria.info/010_YOD/יום כפורים   עבודה.html]
[www.aspaklaria.info/010_YOD/יום כפורים   ערב.html]
[www.aspaklaria.info/010_YOD/יון.html]
[www.aspaklaria.info/010_YOD/יון   חכמת   לשון.html]
[www.aspaklaria.info/010_YOD/יונדב בן רכב.html]
[www.aspaklaria.info/010_YOD/יונה   עוף.html]
[www.aspaklaria.info/010_YOD/יונה   הנביא.html]
[www.aspaklaria.info/010_YOD/יוסף   ואחיו.html]
[www.aspaklaria.info/010_YOD/יוסף   ארון.html]
[www.aspaklaria.info/010_YOD/יוסף   ואשת פוטיפר.html]
[www.aspaklaria.info/010_YOD/יוסף   ובניו.html]
[www.aspaklaria.info/010_YOD/יוסף.html]
[www.aspaklaria.info/010_YOD/יוסף   ובנימין.html]
[www.aspaklaria.info/010_YOD/יוסף   ברכה.html]
[www.aspaklaria.info/010_YOD/יוסף   חלום.html]
[www.aspaklaria.info/010_YOD/יוסף   מכירת.html]
[www.aspaklaria.info/010_YOD/יוסף   ומצרים.html]
[www.aspaklaria.info/010_YOD/יוסף   ופוטיפר.html]
[www.aspaklaria.info/010_YOD/יוסף   ופרעה.html]
[www.aspaklaria.info/010_YOD/יוסף   צפנת פענח.html]
[www.aspaklaria.info/010_YOD/יוסף   ושר המשקים.html]
[www.aspaklaria.info/010_YOD/יוסף בן סימאי.html]
[www.aspaklaria.info/010_YOD/יוסף הכהן.html]
[www.aspaklaria.info/010_YOD/יוסף מוקיר שבת.html]
[www.aspaklaria.info/010_YOD/יופי.html]
[www.aspaklaria.info/010_YOD/יוקר.html]
[www.aspaklaria.info/010_YOD/יורה.html]
[www.aspaklaria.info/010_YOD/יורש עצר.html]
[www.aspaklaria.info/010_YOD/יושר.html]
[www.aspaklaria.info/010_YOD/יותם.html]
[www.aspaklaria.info/010_YOD/יותרת הכבד.html]
[www.aspaklaria.info/010_YOD/יזם.html]
[www.aspaklaria.info/010_YOD/יחדיו.html]
[www.aspaklaria.info/010_YOD/יחוד.html]
[www.aspaklaria.info/010_YOD/יחוס.html]
[www.aspaklaria.info/010_YOD/יחזקאל.html]
[www.aspaklaria.info/010_YOD/יחזקאל   נבואה.html]
[www.aspaklaria.info/010_YOD/יחי.html]
[www.aspaklaria.info/010_YOD/יחיד.html]
[www.aspaklaria.info/010_YOD/יחידה.html]
[www.aspaklaria.info/010_YOD/יחל.html]
[www.aspaklaria.info/010_YOD/יחסיות.html]
[www.aspaklaria.info/010_YOD/יין.html]
[www.aspaklaria.info/010_YOD/יין המשומר.html]
[www.aspaklaria.info/010_YOD/יין נסך.html]
[www.aspaklaria.info/010_YOD/יכל.html]
[www.aspaklaria.info/010_YOD/ילד   ילדות.html]
[www.aspaklaria.info/010_YOD/ילתא.html]
[www.aspaklaria.info/010_YOD/ים   מים.html]
[www.aspaklaria.info/010_YOD/ים.html]
[www.aspaklaria.info/010_YOD/ים טבריה.html]
[www.aspaklaria.info/010_YOD/ים המלח.html]
[www.aspaklaria.info/010_YOD/ים סוף.html]
[www.aspaklaria.info/010_YOD/ימים.html]
[www.aspaklaria.info/010_YOD/ימין.html]
[www.aspaklaria.info/010_YOD/ינאי.html]
[www.aspaklaria.info/010_YOD/ינוס וימברוס.html]
[www.aspaklaria.info/010_YOD/ינק.html]
[www.aspaklaria.info/010_YOD/יסודות.html]
[www.aspaklaria.info/010_YOD/יעבץ.html]
[www.aspaklaria.info/010_YOD/יעד.html]
[www.aspaklaria.info/010_YOD/יעל   אשת חבר הקיני.html]
[www.aspaklaria.info/010_YOD/יעל.html]
[www.aspaklaria.info/010_YOD/יען.html]
[www.aspaklaria.info/010_YOD/יסורין.html]
[www.aspaklaria.info/010_YOD/יענה.html]
[www.aspaklaria.info/010_YOD/יעקב   אלוקי.html]
[www.aspaklaria.info/010_YOD/יעקב   הבאר.html]
[www.aspaklaria.info/010_YOD/יעקב   בכורה.html]
[www.aspaklaria.info/010_YOD/יעקב   ובניו.html]
[www.aspaklaria.info/010_YOD/יעקב   ברכה.html]
[www.aspaklaria.info/010_YOD/יעקב   הבטחה.html]
[www.aspaklaria.info/010_YOD/יעקב   החלום.html]
[www.aspaklaria.info/010_YOD/יעקב   ויוסף.html]
[www.aspaklaria.info/010_YOD/יעקב.html]
[www.aspaklaria.info/010_YOD/יעקב   ולבן.html]
[www.aspaklaria.info/010_YOD/יעקב   מיתה.html]
[www.aspaklaria.info/010_YOD/יעקב   והמלאך.html]
[www.aspaklaria.info/010_YOD/יעקב   ומצרים.html]
[www.aspaklaria.info/010_YOD/יעקב   והמקלות.html]
[www.aspaklaria.info/010_YOD/יעקב   נדרו.html]
[www.aspaklaria.info/010_YOD/יעקב   נשיו.html]
[www.aspaklaria.info/010_YOD/יעקב   ועשו.html]
[www.aspaklaria.info/010_YOD/יעקב   פחדו.html]
[www.aspaklaria.info/010_YOD/יעקב   ופרעה.html]
[www.aspaklaria.info/010_YOD/יעקב   קבורה.html]
[www.aspaklaria.info/010_YOD/יעקב   ושכם.html]
[www.aspaklaria.info/010_YOD/יעקב   שם.html]
[www.aspaklaria.info/010_YOD/יעקב   תורה.html]
[www.aspaklaria.info/010_YOD/יעקב   תפלה.html]
[www.aspaklaria.info/010_YOD/יער.html]
[www.aspaklaria.info/010_YOD/יפו.html]
[www.aspaklaria.info/010_YOD/יפת.html]
[www.aspaklaria.info/010_YOD/יפת תאר.html]
[www.aspaklaria.info/010_YOD/יפתח.html]
[www.aspaklaria.info/010_YOD/יצא.html]
[www.aspaklaria.info/010_YOD/יצב.html]
[www.aspaklaria.info/010_YOD/יצחק.html]
[www.aspaklaria.info/010_YOD/יצחק   ואבימלך.html]
[www.aspaklaria.info/010_YOD/יצחק   בארות.html]
[www.aspaklaria.info/010_YOD/יצחק   ברכת.html]
[www.aspaklaria.info/010_YOD/יצחק   זכות.html]
[www.aspaklaria.info/010_YOD/יצחק   ויעקב.html]
[www.aspaklaria.info/010_YOD/יצחק   וישמעאל.html]
[www.aspaklaria.info/010_YOD/יצחק   נסיון.html]
[www.aspaklaria.info/010_YOD/יצחק   ועשו.html]
[www.aspaklaria.info/010_YOD/יצחק   ורבקה.html]
[www.aspaklaria.info/010_YOD/יצחק   תפלה.html]
[www.aspaklaria.info/010_YOD/יציאה.html]
[www.aspaklaria.info/010_YOD/יציאת מצרים   אותות.html]
[www.aspaklaria.info/010_YOD/יציאת מצרים   ארבעה לשונות גאולה.html]
[www.aspaklaria.info/010_YOD/יציאת מצרים   דם פסח.html]
[www.aspaklaria.info/010_YOD/יציאת מצרים   זכות.html]
[www.aspaklaria.info/010_YOD/יציאת מצרים   זכר.html]
[www.aspaklaria.info/010_YOD/יציאת מצרים   פקד יפקד.html]
[www.aspaklaria.info/010_YOD/יציאת מצרים.html]
[www.aspaklaria.info/010_YOD/יציאת מצרים   שאלת הרכוש.html]
[www.aspaklaria.info/010_YOD/יציאת מצרים   שפטים.html]
[www.aspaklaria.info/010_YOD/יצירה.html]
[www.aspaklaria.info/010_YOD/יצק.html]
[www.aspaklaria.info/010_YOD/יצר   ברא.html]
[www.aspaklaria.info/010_YOD/יצר   רצון.html]
[www.aspaklaria.info/010_YOD/יצר הטוב.html]
[www.aspaklaria.info/010_YOD/יצת.html]
[www.aspaklaria.info/010_YOD/יקד.html]
[www.aspaklaria.info/010_YOD/יקהת.html]
[www.aspaklaria.info/010_YOD/יקום.html]
[www.aspaklaria.info/010_YOD/יקום איש צרורות.html]
[www.aspaklaria.info/010_YOD/יקום פורקן.html]
[www.aspaklaria.info/010_YOD/יקטן.html]
[www.aspaklaria.info/010_YOD/יקץ.html]
[www.aspaklaria.info/010_YOD/יקר.html]
[www.aspaklaria.info/010_YOD/ירא   יראה.html]
[www.aspaklaria.info/010_YOD/יצר הרע.html]
[www.aspaklaria.info/010_YOD/ירבעם בן נבט.html]
[www.aspaklaria.info/010_YOD/ירבעם בן יואש.html]
[www.aspaklaria.info/010_YOD/ירד.html]
[www.aspaklaria.info/010_YOD/ירד   משה.html]
[www.aspaklaria.info/010_YOD/ירדן.html]
[www.aspaklaria.info/010_YOD/ירדן   מעבר ואבני.html]
[www.aspaklaria.info/010_YOD/ירה.html]
[www.aspaklaria.info/010_YOD/ירוק.html]
[www.aspaklaria.info/010_YOD/ירושה.html]
[www.aspaklaria.info/010_YOD/ירושלים.html]
[www.aspaklaria.info/010_YOD/ירושלים   אבלות.html]
[www.aspaklaria.info/010_YOD/ירושלים   חורבן.html]
[www.aspaklaria.info/010_YOD/ירושלים   לעתיד לבא.html]
[www.aspaklaria.info/010_YOD/ירח   לבנה.html]
[www.aspaklaria.info/010_YOD/ירח.html]
[www.aspaklaria.info/010_YOD/ירח האיתנים.html]
[www.aspaklaria.info/010_YOD/ירט.html]
[www.aspaklaria.info/010_YOD/יריחו.html]
[www.aspaklaria.info/010_YOD/יריחו   כבוש.html]
[www.aspaklaria.info/010_YOD/ירך.html]
[www.aspaklaria.info/010_YOD/ירכתי.html]
[www.aspaklaria.info/010_YOD/ירכתי צפון.html]
[www.aspaklaria.info/010_YOD/ירמיה.html]
[www.aspaklaria.info/010_YOD/ירקות.html]
[www.aspaklaria.info/010_YOD/ירקרק.html]
[www.aspaklaria.info/010_YOD/יש.html]
[www.aspaklaria.info/010_YOD/יש אם למקרא.html]
[www.aspaklaria.info/010_YOD/ישב.html]
[www.aspaklaria.info/010_YOD/ישבי.html]
[www.aspaklaria.info/010_YOD/ישוב.html]
[www.aspaklaria.info/010_YOD/ישועה.html]
[www.aspaklaria.info/010_YOD/ישורון.html]
[www.aspaklaria.info/010_YOD/ישיבה.html]
[www.aspaklaria.info/010_YOD/ישי.html]
[www.aspaklaria.info/010_YOD/ישימון.html]
[www.aspaklaria.info/010_YOD/ישמעאל.html]
[www.aspaklaria.info/010_YOD/ישמעאל בן נתניה.html]
[www.aspaklaria.info/010_YOD/ישמעאל בן פיאבי.html]
[www.aspaklaria.info/010_YOD/ישן.html]
[www.aspaklaria.info/010_YOD/ישעיה.html]
[www.aspaklaria.info/010_YOD/ישר.html]
[www.aspaklaria.info/010_YOD/ישראל   אחדות.html]
[www.aspaklaria.info/010_YOD/ישראל   וארץ ישראל.html]
[www.aspaklaria.info/010_YOD/ישראל   ברכה.html]
[www.aspaklaria.info/010_YOD/ישראל   גלות.html]
[www.aspaklaria.info/010_YOD/ישראל   השגחה.html]
[www.aspaklaria.info/010_YOD/ישראל   חטא.html]
[www.aspaklaria.info/010_YOD/ישראל   וה.html]
[www.aspaklaria.info/010_YOD/ישראל   לעתיד לבא.html]
[www.aspaklaria.info/010_YOD/ישראל   מדות וטבע.html]
[www.aspaklaria.info/010_YOD/ישראל   מזל.html]
[www.aspaklaria.info/010_YOD/ישראל.html]
[www.aspaklaria.info/010_YOD/ישראל   עונש.html]
[www.aspaklaria.info/010_YOD/ישראל   ערבות.html]
[www.aspaklaria.info/010_YOD/ישראל   שם.html]
[www.aspaklaria.info/010_YOD/ישראל   תורה.html]
[www.aspaklaria.info/010_YOD/ישראל   תפקיד.html]
[www.aspaklaria.info/010_YOD/יששכר.html]
[www.aspaklaria.info/010_YOD/יששכר   וזבולון.html]
[www.aspaklaria.info/010_YOD/יששכר איש כפר ברקאי.html]
[www.aspaklaria.info/010_YOD/יתום.html]
[www.aspaklaria.info/010_YOD/יתוש.html]
[www.aspaklaria.info/010_YOD/יתכן.html]
[www.aspaklaria.info/010_YOD/יתר הישמעאלי.html]
[www.aspaklaria.info/010_YOD/ישראל   ועמים.html]
[www.aspaklaria.info/010_YOD/YOD.html]
[www.aspaklaria.info/010_YOD/יתרו.html]
[www.aspaklaria.info/020_KAF/כבוד.html]
[www.aspaklaria.info/020_KAF/כבוד אב ואם.html]
[www.aspaklaria.info/020_KAF/כבוד הבריות.html]
[www.aspaklaria.info/020_KAF/כבוד זקן ורב.html]
[www.aspaklaria.info/020_KAF/כבוד ה.html]
[www.aspaklaria.info/020_KAF/כבול.html]
[www.aspaklaria.info/020_KAF/כביר.html]
[www.aspaklaria.info/020_KAF/כבלע.html]
[www.aspaklaria.info/020_KAF/כבס.html]
[www.aspaklaria.info/020_KAF/כברת.html]
[www.aspaklaria.info/020_KAF/כבש   בעל חיים.html]
[www.aspaklaria.info/020_KAF/כבש   וכבשוה.html]
[www.aspaklaria.info/020_KAF/כבש   מזבח.html]
[www.aspaklaria.info/020_KAF/כבשן.html]
[www.aspaklaria.info/020_KAF/כדור.html]
[www.aspaklaria.info/020_KAF/כדכד.html]
[www.aspaklaria.info/020_KAF/כה.html]
[www.aspaklaria.info/020_KAF/כה לחי.html]
[www.aspaklaria.info/020_KAF/כהה.html]
[www.aspaklaria.info/020_KAF/כהן   אשה.html]
[www.aspaklaria.info/020_KAF/כהן   בת.html]
[www.aspaklaria.info/020_KAF/כהונה   בית אב.html]
[www.aspaklaria.info/020_KAF/כהונה.html]
[www.aspaklaria.info/020_KAF/כהונה   בעל מום.html]
[www.aspaklaria.info/020_KAF/כהונה   טומאה.html]
[www.aspaklaria.info/020_KAF/כהונה   חלוקה ונחלה.html]
[www.aspaklaria.info/020_KAF/כהונה   מלואים.html]
[www.aspaklaria.info/020_KAF/כהונה   משמרות.html]
[www.aspaklaria.info/020_KAF/כהונה   משוח מלחמה.html]
[www.aspaklaria.info/020_KAF/כהונה   עבודה.html]
[www.aspaklaria.info/020_KAF/כהונה   יין.html]
[www.aspaklaria.info/020_KAF/כהן גדול.html]
[www.aspaklaria.info/020_KAF/כהן גדול   אבלות.html]
[www.aspaklaria.info/020_KAF/כהן גדול  אשה.html]
[www.aspaklaria.info/020_KAF/כהן גדול   הוראה.html]
[www.aspaklaria.info/020_KAF/כוונה.html]
[www.aspaklaria.info/020_KAF/כוזרים.html]
[www.aspaklaria.info/020_KAF/כוחי ועוצם ידי.html]
[www.aspaklaria.info/020_KAF/כוי.html]
[www.aspaklaria.info/020_KAF/כויה.html]
[www.aspaklaria.info/020_KAF/כוכב.html]
[www.aspaklaria.info/020_KAF/כונה.html]
[www.aspaklaria.info/020_KAF/כונים.html]
[www.aspaklaria.info/020_KAF/כוס.html]
[www.aspaklaria.info/020_KAF/כוס של ברכה.html]
[www.aspaklaria.info/020_KAF/כופר.html]
[www.aspaklaria.info/020_KAF/כור.html]
[www.aspaklaria.info/020_KAF/כורש.html]
[www.aspaklaria.info/020_KAF/כורת.html]
[www.aspaklaria.info/020_KAF/כוש   כושי.html]
[www.aspaklaria.info/020_KAF/כושן רשעתים.html]
[www.aspaklaria.info/020_KAF/כותים.html]
[www.aspaklaria.info/020_KAF/כותל.html]
[www.aspaklaria.info/020_KAF/כותל מערבי.html]
[www.aspaklaria.info/020_KAF/כזב.html]
[www.aspaklaria.info/020_KAF/כזבי.html]
[www.aspaklaria.info/020_KAF/כזיב.html]
[www.aspaklaria.info/020_KAF/כח.html]
[www.aspaklaria.info/020_KAF/כחד.html]
[www.aspaklaria.info/020_KAF/כחש.html]
[www.aspaklaria.info/020_KAF/כי.html]
[www.aspaklaria.info/020_KAF/כידון.html]
[www.aspaklaria.info/020_KAF/כילות.html]
[www.aspaklaria.info/020_KAF/כימה.html]
[www.aspaklaria.info/020_KAF/כינוי.html]
[www.aspaklaria.info/020_KAF/כירים.html]
[www.aspaklaria.info/020_KAF/ככר   מישור.html]
[www.aspaklaria.info/020_KAF/ככר   שעור.html]
[www.aspaklaria.info/020_KAF/כל.html]
[www.aspaklaria.info/020_KAF/כלאב.html]
[www.aspaklaria.info/020_KAF/כלאים.html]
[www.aspaklaria.info/020_KAF/כלאים   כלאי בהמה.html]
[www.aspaklaria.info/020_KAF/כלב בן יפונה.html]
[www.aspaklaria.info/020_KAF/כלב.html]
[www.aspaklaria.info/020_KAF/כלבא שבוע.html]
[www.aspaklaria.info/020_KAF/כלה   סוף.html]
[www.aspaklaria.info/020_KAF/כלה   נשואין.html]
[www.aspaklaria.info/020_KAF/כלח.html]
[www.aspaklaria.info/020_KAF/כלי.html]
[www.aspaklaria.info/020_KAF/כלי גבר.html]
[www.aspaklaria.info/020_KAF/כלי זיין.html]
[www.aspaklaria.info/020_KAF/כלי חרס.html]
[www.aspaklaria.info/020_KAF/כלי נכרים.html]
[www.aspaklaria.info/020_KAF/כלי מקדש.html]
[www.aspaklaria.info/020_KAF/כלי מקדש   ארון.html]
[www.aspaklaria.info/020_KAF/כלי מקדש   ארון   כפורת וכרובים.html]
[www.aspaklaria.info/020_KAF/כלי מקדש   ארון   מסע.html]
[www.aspaklaria.info/020_KAF/כלי מקדש   ארון   בפלשתים.html]
[www.aspaklaria.info/020_KAF/כלי מקדש   כיור.html]
[www.aspaklaria.info/020_KAF/כלי מקדש   מזבח.html]
[www.aspaklaria.info/020_KAF/כלי משכן   מזבח   אש.html]
[www.aspaklaria.info/020_KAF/כלי מקדש   מזבח הזהב.html]
[www.aspaklaria.info/020_KAF/כלי מקדש   מנורה.html]
[www.aspaklaria.info/020_KAF/כלי מקדש   מנורה   הדלקה.html]
[www.aspaklaria.info/020_KAF/כלי מקדש   פרוכת.html]
[www.aspaklaria.info/020_KAF/כלי מקדש   שולחן.html]
[www.aspaklaria.info/020_KAF/כליון עינים.html]
[www.aspaklaria.info/020_KAF/כליות.html]
[www.aspaklaria.info/020_KAF/כלכל.html]
[www.aspaklaria.info/020_KAF/כלל.html]
[www.aspaklaria.info/020_KAF/כלמה.html]
[www.aspaklaria.info/020_KAF/כמוש.html]
[www.aspaklaria.info/020_KAF/כן.html]
[www.aspaklaria.info/020_KAF/כן   אמת.html]
[www.aspaklaria.info/020_KAF/כנוס.html]
[www.aspaklaria.info/020_KAF/כנור.html]
[www.aspaklaria.info/020_KAF/כנים.html]
[www.aspaklaria.info/020_KAF/כנים   עשר מכות.html]
[www.aspaklaria.info/020_KAF/כניסה.html]
[www.aspaklaria.info/020_KAF/כניעה.html]
[www.aspaklaria.info/020_KAF/כנסת הגדולה.html]
[www.aspaklaria.info/020_KAF/כנסת ישראל.html]
[www.aspaklaria.info/020_KAF/כנען.html]
[www.aspaklaria.info/020_KAF/כנף.html]
[www.aspaklaria.info/020_KAF/כנף הארץ.html]
[www.aspaklaria.info/020_KAF/כנף רננים.html]
[www.aspaklaria.info/020_KAF/כנרת.html]
[www.aspaklaria.info/020_KAF/כסא.html]
[www.aspaklaria.info/020_KAF/כסא הכבוד.html]
[www.aspaklaria.info/020_KAF/כסא   ליום הכסא.html]
[www.aspaklaria.info/020_KAF/כסוי הראש.html]
[www.aspaklaria.info/020_KAF/כסות.html]
[www.aspaklaria.info/020_KAF/כסות עינים.html]
[www.aspaklaria.info/020_KAF/כסיל   שוטה.html]
[www.aspaklaria.info/020_KAF/כסיל   כוכב.html]
[www.aspaklaria.info/020_KAF/כסל.html]
[www.aspaklaria.info/020_KAF/כסלו.html]
[www.aspaklaria.info/020_KAF/כסף.html]
[www.aspaklaria.info/020_KAF/כעס.html]
[www.aspaklaria.info/020_KAF/כעת.html]
[www.aspaklaria.info/020_KAF/כעת חיה.html]
[www.aspaklaria.info/020_KAF/כף.html]
[www.aspaklaria.info/020_KAF/כף הקלע.html]
[www.aspaklaria.info/020_KAF/כפה.html]
[www.aspaklaria.info/020_KAF/כפיה.html]
[www.aspaklaria.info/020_KAF/כפיית טובה.html]
[www.aspaklaria.info/020_KAF/כפור.html]
[www.aspaklaria.info/020_KAF/כפי.html]
[www.aspaklaria.info/020_KAF/כפיר.html]
[www.aspaklaria.info/020_KAF/כפירה.html]
[www.aspaklaria.info/020_KAF/כפל.html]
[www.aspaklaria.info/020_KAF/כפל ענין.html]
[www.aspaklaria.info/020_KAF/כפר.html]
[www.aspaklaria.info/020_KAF/כפרה.html]
[www.aspaklaria.info/020_KAF/כפרות.html]
[www.aspaklaria.info/020_KAF/כפתורים.html]
[www.aspaklaria.info/020_KAF/כר.html]
[www.aspaklaria.info/020_KAF/כרה.html]
[www.aspaklaria.info/020_KAF/כרום זולות.html]
[www.aspaklaria.info/020_KAF/כרי.html]
[www.aspaklaria.info/020_KAF/כרך.html]
[www.aspaklaria.info/020_KAF/כרכב.html]
[www.aspaklaria.info/020_KAF/כרם.html]
[www.aspaklaria.info/020_KAF/כרם רבעי.html]
[www.aspaklaria.info/020_KAF/כרמל.html]
[www.aspaklaria.info/020_KAF/כרע   כריעה.html]
[www.aspaklaria.info/020_KAF/כרעים.html]
[www.aspaklaria.info/020_KAF/כרת.html]
[www.aspaklaria.info/020_KAF/כרתי ופלתי.html]
[www.aspaklaria.info/020_KAF/כרתים.html]
[www.aspaklaria.info/020_KAF/כשדים.html]
[www.aspaklaria.info/020_KAF/כשה.html]
[www.aspaklaria.info/020_KAF/כשוף   דורש אל המתים.html]
[www.aspaklaria.info/020_KAF/כשוף   חובר חבר.html]
[www.aspaklaria.info/020_KAF/כשוף   ידעוני.html]
[www.aspaklaria.info/020_KAF/כתיב.html]
[www.aspaklaria.info/020_KAF/כתב   כתיבה.html]
[www.aspaklaria.info/020_KAF/כשוף.html]
[www.aspaklaria.info/020_KAF/כתבי הקדש.html]
[www.aspaklaria.info/020_KAF/כתובה.html]
[www.aspaklaria.info/020_KAF/כתובת קעקע.html]
[www.aspaklaria.info/020_KAF/כתונת.html]
[www.aspaklaria.info/020_KAF/כתים.html]
[www.aspaklaria.info/020_KAF/כתם.html]
[www.aspaklaria.info/020_KAF/KAF.html]
[www.aspaklaria.info/020_KAF/כתר.html]
[www.aspaklaria.info/030_LAMED/ל.html]
[www.aspaklaria.info/030_LAMED/לא.html]
[www.aspaklaria.info/030_LAMED/לא ילבש גבר.html]
[www.aspaklaria.info/030_LAMED/לא תחמוד.html]
[www.aspaklaria.info/030_LAMED/לא תחסום.html]
[www.aspaklaria.info/030_LAMED/לא תתגודדו.html]
[www.aspaklaria.info/030_LAMED/לאה.html]
[www.aspaklaria.info/030_LAMED/לאו.html]
[www.aspaklaria.info/030_LAMED/לאום   לאומיות.html]
[www.aspaklaria.info/030_LAMED/לאמר.html]
[www.aspaklaria.info/030_LAMED/לבב.html]
[www.aspaklaria.info/030_LAMED/לב.html]
[www.aspaklaria.info/030_LAMED/לבד.html]
[www.aspaklaria.info/030_LAMED/לבונה.html]
[www.aspaklaria.info/030_LAMED/לבוש.html]
[www.aspaklaria.info/030_LAMED/לביא.html]
[www.aspaklaria.info/030_LAMED/לבלתי.html]
[www.aspaklaria.info/030_LAMED/לבן   בן בתואל.html]
[www.aspaklaria.info/030_LAMED/לבן   צבע.html]
[www.aspaklaria.info/030_LAMED/לבן.html]
[www.aspaklaria.info/030_LAMED/לבנה.html]
[www.aspaklaria.info/030_LAMED/לבנת הספיר.html]
[www.aspaklaria.info/030_LAMED/לבנון.html]
[www.aspaklaria.info/030_LAMED/לג בעומר.html]
[www.aspaklaria.info/030_LAMED/לגלג.html]
[www.aspaklaria.info/030_LAMED/לגם   לגימה.html]
[www.aspaklaria.info/030_LAMED/להבה.html]
[www.aspaklaria.info/030_LAMED/להט.html]
[www.aspaklaria.info/030_LAMED/לו.html]
[www.aspaklaria.info/030_LAMED/לו   אל.html]
[www.aspaklaria.info/030_LAMED/לוב.html]
[www.aspaklaria.info/030_LAMED/לוד.html]
[www.aspaklaria.info/030_LAMED/לוה.html]
[www.aspaklaria.info/030_LAMED/לוז.html]
[www.aspaklaria.info/030_LAMED/לוח.html]
[www.aspaklaria.info/030_LAMED/לוחות.html]
[www.aspaklaria.info/030_LAMED/לוי   ברכה.html]
[www.aspaklaria.info/030_LAMED/לוים   מנין.html]
[www.aspaklaria.info/030_LAMED/לוט.html]
[www.aspaklaria.info/030_LAMED/לוים   עבודה.html]
[www.aspaklaria.info/030_LAMED/לוים   ערי.html]
[www.aspaklaria.info/030_LAMED/לויתן.html]
[www.aspaklaria.info/030_LAMED/לולב.html]
[www.aspaklaria.info/030_LAMED/לולא.html]
[www.aspaklaria.info/030_LAMED/לולינוס ופפוס.html]
[www.aspaklaria.info/030_LAMED/לון.html]
[www.aspaklaria.info/030_LAMED/לזות.html]
[www.aspaklaria.info/030_LAMED/לחם.html]
[www.aspaklaria.info/030_LAMED/לחם הפנים.html]
[www.aspaklaria.info/030_LAMED/לחץ.html]
[www.aspaklaria.info/030_LAMED/לחש.html]
[www.aspaklaria.info/030_LAMED/לי.html]
[www.aspaklaria.info/030_LAMED/לידה.html]
[www.aspaklaria.info/030_LAMED/לילה.html]
[www.aspaklaria.info/030_LAMED/לילית.html]
[www.aspaklaria.info/030_LAMED/לינה.html]
[www.aspaklaria.info/030_LAMED/ליצנות.html]
[www.aspaklaria.info/030_LAMED/לך.html]
[www.aspaklaria.info/030_LAMED/לכה.html]
[www.aspaklaria.info/030_LAMED/לכן.html]
[www.aspaklaria.info/030_LAMED/למה.html]
[www.aspaklaria.info/030_LAMED/למואל.html]
[www.aspaklaria.info/030_LAMED/למינו.html]
[www.aspaklaria.info/030_LAMED/למך.html]
[www.aspaklaria.info/030_LAMED/למנצח.html]
[www.aspaklaria.info/030_LAMED/למען.html]
[www.aspaklaria.info/030_LAMED/לנוכח.html]
[www.aspaklaria.info/030_LAMED/לסטים.html]
[www.aspaklaria.info/030_LAMED/לעג.html]
[www.aspaklaria.info/030_LAMED/לעה.html]
[www.aspaklaria.info/030_LAMED/לעולם.html]
[www.aspaklaria.info/030_LAMED/לעומת.html]
[www.aspaklaria.info/030_LAMED/לעז.html]
[www.aspaklaria.info/030_LAMED/לעתיד לבא   נחל.html]
[www.aspaklaria.info/030_LAMED/לעתיד לבא   סעודה.html]
[www.aspaklaria.info/030_LAMED/לפי.html]
[www.aspaklaria.info/030_LAMED/לפני.html]
[www.aspaklaria.info/030_LAMED/לפני ה.html]
[www.aspaklaria.info/030_LAMED/לפני עור.html]
[www.aspaklaria.info/030_LAMED/למוד.html]
[www.aspaklaria.info/030_LAMED/לפנים משורת הדין.html]
[www.aspaklaria.info/030_LAMED/לקוי מאורות.html]
[www.aspaklaria.info/030_LAMED/לקח   ויקח.html]
[www.aspaklaria.info/030_LAMED/לקח.html]
[www.aspaklaria.info/030_LAMED/לעתיד לבא.html]
[www.aspaklaria.info/030_LAMED/לקט.html]
[www.aspaklaria.info/030_LAMED/לקש.html]
[www.aspaklaria.info/030_LAMED/לרגל.html]
[www.aspaklaria.info/030_LAMED/לשד.html]
[www.aspaklaria.info/030_LAMED/לשון.html]
[www.aspaklaria.info/030_LAMED/לשון בני אדם.html]
[www.aspaklaria.info/030_LAMED/לשון זהורית.html]
[www.aspaklaria.info/030_LAMED/לשון חזל.html]
[www.aspaklaria.info/030_LAMED/לשון הפסוק.html]
[www.aspaklaria.info/030_LAMED/לשון הקודש.html]
[www.aspaklaria.info/030_LAMED/LAMED.html]
[www.aspaklaria.info/030_LAMED/לשמה.html]
[www.aspaklaria.info/040_MEM/מ.html]
[www.aspaklaria.info/040_MEM/מאד.html]
[www.aspaklaria.info/040_MEM/מאדים.html]
[www.aspaklaria.info/040_MEM/מאומה.html]
[www.aspaklaria.info/030_LAMED/לשון הרע.html]
[www.aspaklaria.info/040_MEM/מאורה.html]
[www.aspaklaria.info/040_MEM/מאורות.html]
[www.aspaklaria.info/040_MEM/מאורות   לקוי.html]
[www.aspaklaria.info/040_MEM/מאזנים.html]
[www.aspaklaria.info/040_MEM/מאין.html]
[www.aspaklaria.info/040_MEM/מאכלת.html]
[www.aspaklaria.info/040_MEM/מאן.html]
[www.aspaklaria.info/040_MEM/מאס.html]
[www.aspaklaria.info/040_MEM/מאשרי.html]
[www.aspaklaria.info/040_MEM/מבול.html]
[www.aspaklaria.info/040_MEM/מבטא.html]
[www.aspaklaria.info/040_MEM/מבטח.html]
[www.aspaklaria.info/040_MEM/מגד.html]
[www.aspaklaria.info/040_MEM/מגדל בבל.html]
[www.aspaklaria.info/040_MEM/מגדנות.html]
[www.aspaklaria.info/040_MEM/מגדף.html]
[www.aspaklaria.info/040_MEM/מגור.html]
[www.aspaklaria.info/040_MEM/מגוש.html]
[www.aspaklaria.info/040_MEM/מגילת איכה.html]
[www.aspaklaria.info/040_MEM/מגילת אסתר.html]
[www.aspaklaria.info/040_MEM/מגלת רות.html]
[www.aspaklaria.info/040_MEM/מגלת תענית.html]
[www.aspaklaria.info/040_MEM/מגמה.html]
[www.aspaklaria.info/040_MEM/מגן.html]
[www.aspaklaria.info/040_MEM/מגפה.html]
[www.aspaklaria.info/040_MEM/מגרפה.html]
[www.aspaklaria.info/040_MEM/מד.html]
[www.aspaklaria.info/040_MEM/מדבר.html]
[www.aspaklaria.info/040_MEM/מדבר פארן.html]
[www.aspaklaria.info/040_MEM/מדבר קדמות.html]
[www.aspaklaria.info/040_MEM/מדבר שור.html]
[www.aspaklaria.info/040_MEM/מדה   מדד.html]
[www.aspaklaria.info/040_MEM/מדה כנגד מדה.html]
[www.aspaklaria.info/040_MEM/מדהבה.html]
[www.aspaklaria.info/040_MEM/מדוה.html]
[www.aspaklaria.info/040_MEM/מדון.html]
[www.aspaklaria.info/040_MEM/מדוע.html]
[www.aspaklaria.info/040_MEM/מדורה.html]
[www.aspaklaria.info/040_MEM/מדות.html]
[www.aspaklaria.info/040_MEM/מדי.html]
[www.aspaklaria.info/040_MEM/מדין.html]
[www.aspaklaria.info/040_MEM/מדינה.html]
[www.aspaklaria.info/040_MEM/מדרגה.html]
[www.aspaklaria.info/040_MEM/מדרש.html]
[www.aspaklaria.info/040_MEM/מה.html]
[www.aspaklaria.info/040_MEM/מדע.html]
[www.aspaklaria.info/040_MEM/מהומה.html]
[www.aspaklaria.info/040_MEM/מהמורות.html]
[www.aspaklaria.info/040_MEM/מהנדס.html]
[www.aspaklaria.info/040_MEM/מהפכת.html]
[www.aspaklaria.info/040_MEM/מהר.html]
[www.aspaklaria.info/040_MEM/מואב.html]
[www.aspaklaria.info/040_MEM/מוג.html]
[www.aspaklaria.info/040_MEM/מודיעין.html]
[www.aspaklaria.info/040_MEM/מוהר.html]
[www.aspaklaria.info/040_MEM/מוזיקה.html]
[www.aspaklaria.info/040_MEM/מוח.html]
[www.aspaklaria.info/040_MEM/מוחין.html]
[www.aspaklaria.info/040_MEM/מוט   מוטה.html]
[www.aspaklaria.info/040_MEM/מוכס.html]
[www.aspaklaria.info/040_MEM/מול.html]
[www.aspaklaria.info/040_MEM/מולך.html]
[www.aspaklaria.info/040_MEM/מום.html]
[www.aspaklaria.info/040_MEM/מומחה.html]
[www.aspaklaria.info/040_MEM/מומר.html]
[www.aspaklaria.info/040_MEM/מונבז.html]
[www.aspaklaria.info/040_MEM/מוסר   רשע.html]
[www.aspaklaria.info/040_MEM/מוסר   תוכחה.html]
[www.aspaklaria.info/040_MEM/מורה נבוכים.html]
[www.aspaklaria.info/040_MEM/מוסרות.html]
[www.aspaklaria.info/040_MEM/מועד.html]
[www.aspaklaria.info/040_MEM/מופלא סמוך לאיש.html]
[www.aspaklaria.info/040_MEM/מופלא של בית דין.html]
[www.aspaklaria.info/040_MEM/מופת.html]
[www.aspaklaria.info/040_MEM/מוץ.html]
[www.aspaklaria.info/040_MEM/מוצא.html]
[www.aspaklaria.info/040_MEM/מוצאות.html]
[www.aspaklaria.info/040_MEM/מוציא שם רע.html]
[www.aspaklaria.info/040_MEM/מור.html]
[www.aspaklaria.info/040_MEM/מורא.html]
[www.aspaklaria.info/040_MEM/מוראה.html]
[www.aspaklaria.info/040_MEM/מורג.html]
[www.aspaklaria.info/040_MEM/מורה.html]
[www.aspaklaria.info/040_MEM/מורידין.html]
[www.aspaklaria.info/040_MEM/מוריה.html]
[www.aspaklaria.info/040_MEM/מורשה.html]
[www.aspaklaria.info/040_MEM/מורת רוח.html]
[www.aspaklaria.info/040_MEM/מושב ליצים.html]
[www.aspaklaria.info/040_MEM/מושל.html]
[www.aspaklaria.info/040_MEM/מותרות.html]
[www.aspaklaria.info/040_MEM/מזבח.html]
[www.aspaklaria.info/040_MEM/מזג אויר.html]
[www.aspaklaria.info/040_MEM/מזה.html]
[www.aspaklaria.info/040_MEM/מזוזה.html]
[www.aspaklaria.info/040_MEM/מזון.html]
[www.aspaklaria.info/040_MEM/מזור.html]
[www.aspaklaria.info/040_MEM/מזח.html]
[www.aspaklaria.info/040_MEM/מזיד.html]
[www.aspaklaria.info/040_MEM/מזיק.html]
[www.aspaklaria.info/040_MEM/מזיקין.html]
[www.aspaklaria.info/040_MEM/מזכיר.html]
[www.aspaklaria.info/040_MEM/מזמה.html]
[www.aspaklaria.info/040_MEM/מזמור.html]
[www.aspaklaria.info/040_MEM/מזל.html]
[www.aspaklaria.info/040_MEM/מזרח.html]
[www.aspaklaria.info/040_MEM/מזרים.html]
[www.aspaklaria.info/040_MEM/מזרק.html]
[www.aspaklaria.info/040_MEM/מח.html]
[www.aspaklaria.info/040_MEM/מחא כף.html]
[www.aspaklaria.info/040_MEM/מחאה.html]
[www.aspaklaria.info/040_MEM/מחבת.html]
[www.aspaklaria.info/040_MEM/מחוזא.html]
[www.aspaklaria.info/040_MEM/מחול.html]
[www.aspaklaria.info/040_MEM/מחוספס.html]
[www.aspaklaria.info/040_MEM/מחוסר זמן.html]
[www.aspaklaria.info/040_MEM/מחוקק.html]
[www.aspaklaria.info/040_MEM/מחזה.html]
[www.aspaklaria.info/040_MEM/מחטיא.html]
[www.aspaklaria.info/040_MEM/מחילה.html]
[www.aspaklaria.info/040_MEM/מחיצה.html]
[www.aspaklaria.info/040_MEM/מחיצה של ברזל.html]
[www.aspaklaria.info/040_MEM/מחלה.html]
[www.aspaklaria.info/040_MEM/מחלון וכליון.html]
[www.aspaklaria.info/040_MEM/מחלוקת.html]
[www.aspaklaria.info/040_MEM/מחלת.html]
[www.aspaklaria.info/040_MEM/מחלת   נגינה.html]
[www.aspaklaria.info/040_MEM/מחמד.html]
[www.aspaklaria.info/040_MEM/מחנה.html]
[www.aspaklaria.info/040_MEM/מחנה ישראל.html]
[www.aspaklaria.info/040_MEM/מחסה.html]
[www.aspaklaria.info/040_MEM/מחצית.html]
[www.aspaklaria.info/040_MEM/מחצית השקל.html]
[www.aspaklaria.info/040_MEM/מחצץ.html]
[www.aspaklaria.info/040_MEM/מחקרי.html]
[www.aspaklaria.info/040_MEM/מחר.html]
[www.aspaklaria.info/040_MEM/מחתה.html]
[www.aspaklaria.info/040_MEM/מטבע.html]
[www.aspaklaria.info/040_MEM/מטה.html]
[www.aspaklaria.info/040_MEM/מחשבה.html]
[www.aspaklaria.info/040_MEM/מטה   שינה.html]
[www.aspaklaria.info/040_MEM/מטחוי.html]
[www.aspaklaria.info/040_MEM/מטטרון.html]
[www.aspaklaria.info/040_MEM/מטר.html]
[www.aspaklaria.info/040_MEM/מי.html]
[www.aspaklaria.info/040_MEM/מי שפרע.html]
[www.aspaklaria.info/040_MEM/מיאוס.html]
[www.aspaklaria.info/040_MEM/מיכאל.html]
[www.aspaklaria.info/040_MEM/מיכה   ופסל.html]
[www.aspaklaria.info/040_MEM/מיכה   הנביא.html]
[www.aspaklaria.info/040_MEM/מיכיהו.html]
[www.aspaklaria.info/040_MEM/מיכל.html]
[www.aspaklaria.info/040_MEM/מילדת.html]
[www.aspaklaria.info/040_MEM/מים.html]
[www.aspaklaria.info/040_MEM/מים אחרונים.html]
[www.aspaklaria.info/040_MEM/מי חטאת.html]
[www.aspaklaria.info/040_MEM/מי מלח.html]
[www.aspaklaria.info/040_MEM/מי מריבה.html]
[www.aspaklaria.info/040_MEM/מי סוטה.html]
[www.aspaklaria.info/040_MEM/מילה.html]
[www.aspaklaria.info/040_MEM/מי ראש.html]
[www.aspaklaria.info/040_MEM/מי רגלים.html]
[www.aspaklaria.info/040_MEM/מין   מינות.html]
[www.aspaklaria.info/040_MEM/מינים.html]
[www.aspaklaria.info/040_MEM/מינקת.html]
[www.aspaklaria.info/040_MEM/מירב.html]
[www.aspaklaria.info/040_MEM/מישאל ואלצפן.html]
[www.aspaklaria.info/040_MEM/מישע.html]
[www.aspaklaria.info/040_MEM/מישוש.html]
[www.aspaklaria.info/040_MEM/מישרים.html]
[www.aspaklaria.info/040_MEM/מיתה בידי שמים.html]
[www.aspaklaria.info/040_MEM/מיתת בית דין.html]
[www.aspaklaria.info/040_MEM/מיתה   הרוגי מלכות.html]
[www.aspaklaria.info/040_MEM/מכה.html]
[www.aspaklaria.info/040_MEM/מכה אביו ואמו.html]
[www.aspaklaria.info/040_MEM/מכוה.html]
[www.aspaklaria.info/040_MEM/מכון.html]
[www.aspaklaria.info/040_MEM/מיתה.html]
[www.aspaklaria.info/040_MEM/מכות.html]
[www.aspaklaria.info/040_MEM/מכיר.html]
[www.aspaklaria.info/040_MEM/מכירה.html]
[www.aspaklaria.info/040_MEM/מכל.html]
[www.aspaklaria.info/040_MEM/מכנה שם.html]
[www.aspaklaria.info/040_MEM/מכנסים.html]
[www.aspaklaria.info/040_MEM/מכס.html]
[www.aspaklaria.info/040_MEM/מכסת.html]
[www.aspaklaria.info/040_MEM/מכרי כהונה.html]
[www.aspaklaria.info/040_MEM/מכתם.html]
[www.aspaklaria.info/040_MEM/מכתש.html]
[www.aspaklaria.info/040_MEM/מכתשת.html]
[www.aspaklaria.info/040_MEM/מלא.html]
[www.aspaklaria.info/040_MEM/מלא אחרי.html]
[www.aspaklaria.info/040_MEM/מלא יד.html]
[www.aspaklaria.info/040_MEM/מלאה.html]
[www.aspaklaria.info/040_MEM/מלאך   אופנים.html]
[www.aspaklaria.info/040_MEM/מלאך   גבריאל.html]
[www.aspaklaria.info/040_MEM/מלאך   חבלה.html]
[www.aspaklaria.info/040_MEM/מלאך   חיות.html]
[www.aspaklaria.info/040_MEM/מלאך המות.html]
[www.aspaklaria.info/040_MEM/מלאך   רפאל.html]
[www.aspaklaria.info/040_MEM/מלאך   שירה וקדושה.html]
[www.aspaklaria.info/040_MEM/מלאך   תורה.html]
[www.aspaklaria.info/040_MEM/מלאכה.html]
[www.aspaklaria.info/040_MEM/מלאכי.html]
[www.aspaklaria.info/040_MEM/מלבד.html]
[www.aspaklaria.info/040_MEM/מלבין פנים.html]
[www.aspaklaria.info/040_MEM/מלאך.html]
[www.aspaklaria.info/040_MEM/מלוא.html]
[www.aspaklaria.info/040_MEM/מלואים.html]
[www.aspaklaria.info/040_MEM/מלוה.html]
[www.aspaklaria.info/040_MEM/מלח   קרבן.html]
[www.aspaklaria.info/040_MEM/מלח   אניה.html]
[www.aspaklaria.info/040_MEM/מלט.html]
[www.aspaklaria.info/040_MEM/מליח.html]
[www.aspaklaria.info/040_MEM/מליקה.html]
[www.aspaklaria.info/040_MEM/מלחמה.html]
[www.aspaklaria.info/040_MEM/מלכות רביעית.html]
[www.aspaklaria.info/040_MEM/מלכי צדק.html]
[www.aspaklaria.info/040_MEM/מלכת השמים.html]
[www.aspaklaria.info/040_MEM/מלל.html]
[www.aspaklaria.info/040_MEM/מלמד.html]
[www.aspaklaria.info/040_MEM/מלפפון.html]
[www.aspaklaria.info/040_MEM/מלצר.html]
[www.aspaklaria.info/040_MEM/מלק.html]
[www.aspaklaria.info/040_MEM/מלך   מלכות.html]
[www.aspaklaria.info/040_MEM/מלקוח.html]
[www.aspaklaria.info/040_MEM/מלקוש.html]
[www.aspaklaria.info/040_MEM/מלקות.html]
[www.aspaklaria.info/040_MEM/מלתחה.html]
[www.aspaklaria.info/040_MEM/מלתעות.html]
[www.aspaklaria.info/040_MEM/ממארת.html]
[www.aspaklaria.info/040_MEM/ממוכן.html]
[www.aspaklaria.info/040_MEM/מלשין.html]
[www.aspaklaria.info/040_MEM/ממולח.html]
[www.aspaklaria.info/040_MEM/ממון.html]
[www.aspaklaria.info/040_MEM/ממזר.html]
[www.aspaklaria.info/040_MEM/ממחרת השבת.html]
[www.aspaklaria.info/040_MEM/ממלכה.html]
[www.aspaklaria.info/040_MEM/ממנו.html]
[www.aspaklaria.info/040_MEM/ממעל.html]
[www.aspaklaria.info/040_MEM/ממרא.html]
[www.aspaklaria.info/040_MEM/ממשח וממרט.html]
[www.aspaklaria.info/040_MEM/ממשלה.html]
[www.aspaklaria.info/040_MEM/מן   מ.html]
[www.aspaklaria.info/040_MEM/מן   דור המדבר.html]
[www.aspaklaria.info/040_MEM/מן העולם.html]
[www.aspaklaria.info/040_MEM/מנגד.html]
[www.aspaklaria.info/040_MEM/מנה   חלק.html]
[www.aspaklaria.info/040_MEM/מנה   בחר.html]
[www.aspaklaria.info/040_MEM/מנה   מנין.html]
[www.aspaklaria.info/040_MEM/מנהג.html]
[www.aspaklaria.info/040_MEM/מנהיג.html]
[www.aspaklaria.info/040_MEM/מנהרה.html]
[www.aspaklaria.info/040_MEM/מנוח.html]
[www.aspaklaria.info/040_MEM/מנוחה.html]
[www.aspaklaria.info/040_MEM/מנורה.html]
[www.aspaklaria.info/040_MEM/מנזר.html]
[www.aspaklaria.info/040_MEM/מנחה   קרבן   תפלה.html]
[www.aspaklaria.info/040_MEM/מנחה   מתנה.html]
[www.aspaklaria.info/040_MEM/מנין.html]
[www.aspaklaria.info/040_MEM/מנלם.html]
[www.aspaklaria.info/040_MEM/מנע.html]
[www.aspaklaria.info/040_MEM/מנעל.html]
[www.aspaklaria.info/040_MEM/מנצפך.html]
[www.aspaklaria.info/040_MEM/מנשה.html]
[www.aspaklaria.info/040_MEM/מנשה המלך.html]
[www.aspaklaria.info/040_MEM/מס.html]
[www.aspaklaria.info/040_MEM/מסוה.html]
[www.aspaklaria.info/040_MEM/מסורת.html]
[www.aspaklaria.info/040_MEM/מסות.html]
[www.aspaklaria.info/040_MEM/מסחר.html]
[www.aspaklaria.info/040_MEM/מסטיק.html]
[www.aspaklaria.info/040_MEM/מסיג גבול.html]
[www.aspaklaria.info/040_MEM/מסיח לפי תומו.html]
[www.aspaklaria.info/040_MEM/מסילה.html]
[www.aspaklaria.info/040_MEM/מסירה.html]
[www.aspaklaria.info/040_MEM/מסירות נפש.html]
[www.aspaklaria.info/040_MEM/מסית.html]
[www.aspaklaria.info/040_MEM/מסך.html]
[www.aspaklaria.info/040_MEM/מסכה.html]
[www.aspaklaria.info/040_MEM/מסכנות.html]
[www.aspaklaria.info/040_MEM/מסכתא.html]
[www.aspaklaria.info/040_MEM/מסע.html]
[www.aspaklaria.info/040_MEM/מספא.html]
[www.aspaklaria.info/040_MEM/מספר.html]
[www.aspaklaria.info/040_MEM/מספר   אחד.html]
[www.aspaklaria.info/040_MEM/מספר   שנים.html]
[www.aspaklaria.info/040_MEM/מספר   שלשה.html]
[www.aspaklaria.info/040_MEM/מספר   ארבעה.html]
[www.aspaklaria.info/040_MEM/מספר   חמשה.html]
[www.aspaklaria.info/040_MEM/מספר   ששה.html]
[www.aspaklaria.info/040_MEM/מספר   שבעה.html]
[www.aspaklaria.info/040_MEM/מספר   שמונה.html]
[www.aspaklaria.info/040_MEM/מספר   תשעה.html]
[www.aspaklaria.info/040_MEM/מספר   עשרה.html]
[www.aspaklaria.info/040_MEM/מספר   יא.html]
[www.aspaklaria.info/040_MEM/מספר   יב.html]
[www.aspaklaria.info/040_MEM/מספר   יג.html]
[www.aspaklaria.info/040_MEM/מספר   טו.html]
[www.aspaklaria.info/040_MEM/מספר   יח.html]
[www.aspaklaria.info/040_MEM/מספר   שלשים.html]
[www.aspaklaria.info/040_MEM/מספר   ארבעים.html]
[www.aspaklaria.info/040_MEM/מספר   מה.html]
[www.aspaklaria.info/040_MEM/מספר   חמשים.html]
[www.aspaklaria.info/040_MEM/מספר   ששים.html]
[www.aspaklaria.info/040_MEM/מספר   שבעים.html]
[www.aspaklaria.info/040_MEM/מספר   שמונים.html]
[www.aspaklaria.info/040_MEM/מספר   מאה.html]
[www.aspaklaria.info/040_MEM/מספר   ש.html]
[www.aspaklaria.info/040_MEM/מספר   ת.html]
[www.aspaklaria.info/040_MEM/מספר   אלף.html]
[www.aspaklaria.info/040_MEM/מספר   רבבה.html]
[www.aspaklaria.info/040_MEM/מספר   ששים רבוא.html]
[www.aspaklaria.info/040_MEM/מסרף.html]
[www.aspaklaria.info/040_MEM/מסת.html]
[www.aspaklaria.info/040_MEM/מעון.html]
[www.aspaklaria.info/040_MEM/מעונן.html]
[www.aspaklaria.info/040_MEM/מעוף.html]
[www.aspaklaria.info/040_MEM/מעי   מעים.html]
[www.aspaklaria.info/040_MEM/מעי עיוור.html]
[www.aspaklaria.info/040_MEM/מעיל.html]
[www.aspaklaria.info/040_MEM/מעילה.html]
[www.aspaklaria.info/040_MEM/מעין.html]
[www.aspaklaria.info/040_MEM/מעל   מעילה.html]
[www.aspaklaria.info/040_MEM/מעלה בחוץ.html]
[www.aspaklaria.info/040_MEM/מעלה גרה.html]
[www.aspaklaria.info/040_MEM/מעלל.html]
[www.aspaklaria.info/040_MEM/מעמדות.html]
[www.aspaklaria.info/040_MEM/מעמד ומושב.html]
[www.aspaklaria.info/040_MEM/מענה   מענית.html]
[www.aspaklaria.info/040_MEM/מעקה.html]
[www.aspaklaria.info/040_MEM/מערב.html]
[www.aspaklaria.info/040_MEM/מערה.html]
[www.aspaklaria.info/040_MEM/מערת המכפלה.html]
[www.aspaklaria.info/040_MEM/מערכה.html]
[www.aspaklaria.info/040_MEM/מעשה.html]
[www.aspaklaria.info/040_MEM/מעשה אבות.html]
[www.aspaklaria.info/040_MEM/מעשה בראשית.html]
[www.aspaklaria.info/040_MEM/מעשה מרכבה   מרכבה.html]
[www.aspaklaria.info/040_MEM/מעשים טובים.html]
[www.aspaklaria.info/040_MEM/מעשר.html]
[www.aspaklaria.info/040_MEM/מעשר בהמה.html]
[www.aspaklaria.info/040_MEM/מעשר   בעור וודוי.html]
[www.aspaklaria.info/040_MEM/מעשר עני.html]
[www.aspaklaria.info/040_MEM/מעשר שני.html]
[www.aspaklaria.info/040_MEM/מפיבושת.html]
[www.aspaklaria.info/040_MEM/מפלשי.html]
[www.aspaklaria.info/040_MEM/מפלצת.html]
[www.aspaklaria.info/040_MEM/מפני.html]
[www.aspaklaria.info/040_MEM/מפרסת פרסה.html]
[www.aspaklaria.info/040_MEM/מפתה.html]
[www.aspaklaria.info/040_MEM/מפתח.html]
[www.aspaklaria.info/040_MEM/מצא   מציאה.html]
[www.aspaklaria.info/040_MEM/מצא חן.html]
[www.aspaklaria.info/040_MEM/מצבה.html]
[www.aspaklaria.info/040_MEM/מצה.html]
[www.aspaklaria.info/040_MEM/מצוה   בין אדם למקום   בין אדם לחברו.html]
[www.aspaklaria.info/040_MEM/מצוה   עשה ולא תעשה.html]
[www.aspaklaria.info/040_MEM/מצוה   תלויה בארץ.html]
[www.aspaklaria.info/040_MEM/מצולה.html]
[www.aspaklaria.info/040_MEM/מצוק.html]
[www.aspaklaria.info/040_MEM/מצוקי.html]
[www.aspaklaria.info/040_MEM/מצור.html]
[www.aspaklaria.info/040_MEM/מצוה   פעולה.html]
[www.aspaklaria.info/040_MEM/מצוה.html]
[www.aspaklaria.info/040_MEM/מצורע.html]
[www.aspaklaria.info/040_MEM/מצח.html]
[www.aspaklaria.info/040_MEM/מצוה   מעשה.html]
[www.aspaklaria.info/040_MEM/מצחק.html]
[www.aspaklaria.info/040_MEM/מצעדי.html]
[www.aspaklaria.info/040_MEM/מצפה.html]
[www.aspaklaria.info/040_MEM/מצפון.html]
[www.aspaklaria.info/040_MEM/מצרים.html]
[www.aspaklaria.info/040_MEM/מצרים   בים סוף.html]
[www.aspaklaria.info/040_MEM/מצרים   ישיבת.html]
[www.aspaklaria.info/040_MEM/מצרים   רעב.html]
[www.aspaklaria.info/040_MEM/מקדש.html]
[www.aspaklaria.info/040_MEM/מקוה.html]
[www.aspaklaria.info/040_MEM/מקום.html]
[www.aspaklaria.info/040_MEM/מקושש.html]
[www.aspaklaria.info/040_MEM/מציאות.html]
[www.aspaklaria.info/040_MEM/מקח וממכר.html]
[www.aspaklaria.info/040_MEM/מקל.html]
[www.aspaklaria.info/040_MEM/מקלל.html]
[www.aspaklaria.info/040_MEM/מקלל אביו ואמו.html]
[www.aspaklaria.info/040_MEM/מקנה.html]
[www.aspaklaria.info/040_MEM/מקץ.html]
[www.aspaklaria.info/040_MEM/מקצוע.html]
[www.aspaklaria.info/040_MEM/מקרא.html]
[www.aspaklaria.info/040_MEM/מקרא קדש.html]
[www.aspaklaria.info/040_MEM/מקרה.html]
[www.aspaklaria.info/040_MEM/מקשרות.html]
[www.aspaklaria.info/040_MEM/מר.html]
[www.aspaklaria.info/040_MEM/מראה   נבואה.html]
[www.aspaklaria.info/040_MEM/מראה   יפת תאר.html]
[www.aspaklaria.info/040_MEM/מראה   במראות.html]
[www.aspaklaria.info/040_MEM/מראה   מראתו.html]
[www.aspaklaria.info/040_MEM/מראית העין.html]
[www.aspaklaria.info/040_MEM/מראשותיו.html]
[www.aspaklaria.info/040_MEM/מרבכת.html]
[www.aspaklaria.info/040_MEM/מרגלים.html]
[www.aspaklaria.info/040_MEM/מרגלית.html]
[www.aspaklaria.info/040_MEM/מרד.html]
[www.aspaklaria.info/040_MEM/מרדכי.html]
[www.aspaklaria.info/040_MEM/מרה   רוח.html]
[www.aspaklaria.info/040_MEM/מרה   טבע.html]
[www.aspaklaria.info/040_MEM/מרה   דור המדבר.html]
[www.aspaklaria.info/040_MEM/מרודים.html]
[www.aspaklaria.info/040_MEM/מרודך בלאדן.html]
[www.aspaklaria.info/040_MEM/מרוז.html]
[www.aspaklaria.info/040_MEM/מרור.html]
[www.aspaklaria.info/040_MEM/מרחוק.html]
[www.aspaklaria.info/040_MEM/מרזח.html]
[www.aspaklaria.info/040_MEM/מרחץ.html]
[www.aspaklaria.info/040_MEM/מרחק.html]
[www.aspaklaria.info/040_MEM/מרחשון.html]
[www.aspaklaria.info/040_MEM/מרי בר איסק.html]
[www.aspaklaria.info/040_MEM/מריא.html]
[www.aspaklaria.info/040_MEM/מריבה.html]
[www.aspaklaria.info/040_MEM/מרים.html]
[www.aspaklaria.info/040_MEM/מרים בת בייתוס.html]
[www.aspaklaria.info/040_MEM/מרים בת בלגה.html]
[www.aspaklaria.info/040_MEM/מרים בת נקדימון.html]
[www.aspaklaria.info/040_MEM/מרים התרמודית.html]
[www.aspaklaria.info/040_MEM/מריקה.html]
[www.aspaklaria.info/040_MEM/מרירי.html]
[www.aspaklaria.info/040_MEM/מרך.html]
[www.aspaklaria.info/040_MEM/מרכבה.html]
[www.aspaklaria.info/040_MEM/מרכז.html]
[www.aspaklaria.info/040_MEM/מרמה.html]
[www.aspaklaria.info/040_MEM/מרעהו.html]
[www.aspaklaria.info/040_MEM/מרק.html]
[www.aspaklaria.info/040_MEM/מרקוליס.html]
[www.aspaklaria.info/040_MEM/מררי.html]
[www.aspaklaria.info/040_MEM/מרשה.html]
[www.aspaklaria.info/040_MEM/מרתא בת בייתוס.html]
[www.aspaklaria.info/040_MEM/משא   נבואה.html]
[www.aspaklaria.info/040_MEM/משא   משאוי.html]
[www.aspaklaria.info/040_MEM/משארות.html]
[www.aspaklaria.info/040_MEM/משאת.html]
[www.aspaklaria.info/040_MEM/משגל.html]
[www.aspaklaria.info/040_MEM/משה   אוהל מועד.html]
[www.aspaklaria.info/040_MEM/משה ואהרן.html]
[www.aspaklaria.info/040_MEM/משה   אותות.html]
[www.aspaklaria.info/040_MEM/משה   וארון יוסף.html]
[www.aspaklaria.info/040_MEM/משה   וארץ ישראל.html]
[www.aspaklaria.info/040_MEM/משה   ובניו.html]
[www.aspaklaria.info/040_MEM/משה   ברכתו.html]
[www.aspaklaria.info/040_MEM/משה   דין.html]
[www.aspaklaria.info/040_MEM/משה   חטא.html]
[www.aspaklaria.info/040_MEM/משה   חצוצרות.html]
[www.aspaklaria.info/040_MEM/משה   ידיעה.html]
[www.aspaklaria.info/040_MEM/משה   וה.html]
[www.aspaklaria.info/040_MEM/משה   ויהושע.html]
[www.aspaklaria.info/040_MEM/משה.html]
[www.aspaklaria.info/040_MEM/משה   וישראל.html]
[www.aspaklaria.info/040_MEM/משה   ויתרו.html]
[www.aspaklaria.info/040_MEM/משה   כהונה.html]
[www.aspaklaria.info/040_MEM/משה   והלוחות.html]
[www.aspaklaria.info/040_MEM/משה   לידתו.html]
[www.aspaklaria.info/040_MEM/משה   במדין.html]
[www.aspaklaria.info/040_MEM/משה   מטה.html]
[www.aspaklaria.info/040_MEM/משה   מי מריבה.html]
[www.aspaklaria.info/040_MEM/משה   מילה.html]
[www.aspaklaria.info/040_MEM/משה   מיתה וקבורה.html]
[www.aspaklaria.info/040_MEM/משה   והמצרי.html]
[www.aspaklaria.info/040_MEM/משה   ומלאכים.html]
[www.aspaklaria.info/040_MEM/משה   ומרים.html]
[www.aspaklaria.info/040_MEM/משה   סיחון ועוג.html]
[www.aspaklaria.info/040_MEM/משה   בסיני.html]
[www.aspaklaria.info/040_MEM/משה   נבואה.html]
[www.aspaklaria.info/040_MEM/משה   בסנה.html]
[www.aspaklaria.info/040_MEM/משה   עמלק.html]
[www.aspaklaria.info/040_MEM/משה   ערל שפתים.html]
[www.aspaklaria.info/040_MEM/משה   ופרעה.html]
[www.aspaklaria.info/040_MEM/משה   וצפורה.html]
[www.aspaklaria.info/040_MEM/משה   קרון עור פניו.html]
[www.aspaklaria.info/040_MEM/משה   וחטא העגל.html]
[www.aspaklaria.info/040_MEM/משה   וקרח.html]
[www.aspaklaria.info/040_MEM/משה   תוכחה.html]
[www.aspaklaria.info/040_MEM/משה   תורה.html]
[www.aspaklaria.info/040_MEM/משה   תפלה.html]
[www.aspaklaria.info/040_MEM/משה   תפלה במרגלים.html]
[www.aspaklaria.info/040_MEM/משה   תפלה בעגל.html]
[www.aspaklaria.info/040_MEM/משה   תפלה לעצמו.html]
[www.aspaklaria.info/040_MEM/משואות.html]
[www.aspaklaria.info/040_MEM/משוכה.html]
[www.aspaklaria.info/040_MEM/משומד.html]
[www.aspaklaria.info/040_MEM/משורה.html]
[www.aspaklaria.info/040_MEM/משוש.html]
[www.aspaklaria.info/040_MEM/משוא פנים.html]
[www.aspaklaria.info/040_MEM/משח   משיחה.html]
[www.aspaklaria.info/040_MEM/משחית.html]
[www.aspaklaria.info/040_MEM/משחק.html]
[www.aspaklaria.info/040_MEM/משי.html]
[www.aspaklaria.info/040_MEM/משיח בן יוסף.html]
[www.aspaklaria.info/040_MEM/משיח   חבלי.html]
[www.aspaklaria.info/040_MEM/משיח   ימות.html]
[www.aspaklaria.info/040_MEM/משכב זכור.html]
[www.aspaklaria.info/040_MEM/משיכה.html]
[www.aspaklaria.info/040_MEM/משיח.html]
[www.aspaklaria.info/040_MEM/משך.html]
[www.aspaklaria.info/040_MEM/משכון.html]
[www.aspaklaria.info/040_MEM/משכיל.html]
[www.aspaklaria.info/040_MEM/משכית.html]
[www.aspaklaria.info/040_MEM/משכן   אדנים.html]
[www.aspaklaria.info/040_MEM/משכן   בריחים.html]
[www.aspaklaria.info/040_MEM/משכן   הקמה ומשיחה.html]
[www.aspaklaria.info/040_MEM/משכן   חנכת.html]
[www.aspaklaria.info/040_MEM/משכן.html]
[www.aspaklaria.info/040_MEM/משכן   חצר.html]
[www.aspaklaria.info/040_MEM/משכן   יריעות ומכסה.html]
[www.aspaklaria.info/040_MEM/משכן   מסע.html]
[www.aspaklaria.info/040_MEM/משכן   מעשה.html]
[www.aspaklaria.info/040_MEM/משכן   נדבת.html]
[www.aspaklaria.info/040_MEM/משכן   פרוכת.html]
[www.aspaklaria.info/040_MEM/משכן   קרסים.html]
[www.aspaklaria.info/040_MEM/משכן   קרשים.html]
[www.aspaklaria.info/040_MEM/משכן   פקודי.html]
[www.aspaklaria.info/040_MEM/משל   מלך.html]
[www.aspaklaria.info/040_MEM/משל.html]
[www.aspaklaria.info/040_MEM/משלח מנות.html]
[www.aspaklaria.info/040_MEM/משלי.html]
[www.aspaklaria.info/040_MEM/משלשת.html]
[www.aspaklaria.info/040_MEM/משמן.html]
[www.aspaklaria.info/040_MEM/משמר   משמרת.html]
[www.aspaklaria.info/040_MEM/משנה.html]
[www.aspaklaria.info/040_MEM/משנה תורה.html]
[www.aspaklaria.info/040_MEM/משנים.html]
[www.aspaklaria.info/040_MEM/משפח.html]
[www.aspaklaria.info/040_MEM/משפחה.html]
[www.aspaklaria.info/040_MEM/משפט.html]
[www.aspaklaria.info/040_MEM/משפתים.html]
[www.aspaklaria.info/040_MEM/משק   בן משק.html]
[www.aspaklaria.info/040_MEM/משק.html]
[www.aspaklaria.info/040_MEM/משקה.html]
[www.aspaklaria.info/040_MEM/משקוף.html]
[www.aspaklaria.info/040_MEM/משקל.html]
[www.aspaklaria.info/040_MEM/משרת.html]
[www.aspaklaria.info/040_MEM/משתה.html]
[www.aspaklaria.info/040_MEM/משתין בקיר.html]
[www.aspaklaria.info/040_MEM/משתולל.html]
[www.aspaklaria.info/040_MEM/מת.html]
[www.aspaklaria.info/040_MEM/מת מצוה.html]
[www.aspaklaria.info/040_MEM/מתא מחסיא.html]
[www.aspaklaria.info/040_MEM/מתג האמה.html]
[www.aspaklaria.info/040_MEM/מתום.html]
[www.aspaklaria.info/040_MEM/מתורגמן.html]
[www.aspaklaria.info/040_MEM/מתושלח.html]
[www.aspaklaria.info/040_MEM/מתים.html]
[www.aspaklaria.info/040_MEM/מתיקות.html]
[www.aspaklaria.info/040_MEM/מתכת.html]
[www.aspaklaria.info/040_MEM/מתכונת.html]
[www.aspaklaria.info/040_MEM/מתן תורה   הגבלה.html]
[www.aspaklaria.info/040_MEM/מתנה.html]
[www.aspaklaria.info/040_MEM/מתנות כהונה.html]
[www.aspaklaria.info/040_MEM/מתנות כהונה   חזה ושוק.html]
[www.aspaklaria.info/040_MEM/מתנות עניים.html]
[www.aspaklaria.info/040_MEM/מתנים.html]
[www.aspaklaria.info/040_MEM/MEM.html]
[www.aspaklaria.info/040_MEM/מתן תורה.html]
[www.aspaklaria.info/040_MEM/מתתיהו.html]
[www.aspaklaria.info/050_NUN/נ.html]
[www.aspaklaria.info/050_NUN/נא   בקשה.html]
[www.aspaklaria.info/050_NUN/נא   חי.html]
[www.aspaklaria.info/050_NUN/נא  אמון.html]
[www.aspaklaria.info/050_NUN/נאדר.html]
[www.aspaklaria.info/050_NUN/נאוה.html]
[www.aspaklaria.info/050_NUN/נאום.html]
[www.aspaklaria.info/050_NUN/נאור.html]
[www.aspaklaria.info/050_NUN/נאלח.html]
[www.aspaklaria.info/050_NUN/נאמן.html]
[www.aspaklaria.info/050_NUN/נאף.html]
[www.aspaklaria.info/050_NUN/נאץ.html]
[www.aspaklaria.info/050_NUN/נאק      נאקה.html]
[www.aspaklaria.info/050_NUN/נאר.html]
[www.aspaklaria.info/050_NUN/נבו.html]
[www.aspaklaria.info/050_NUN/נבוזראדן.html]
[www.aspaklaria.info/050_NUN/נבוכדנאצר.html]
[www.aspaklaria.info/050_NUN/נבול  פה.html]
[www.aspaklaria.info/050_NUN/נבון.html]
[www.aspaklaria.info/050_NUN/נבות.html]
[www.aspaklaria.info/050_NUN/נבח.html]
[www.aspaklaria.info/050_NUN/נבט.html]
[www.aspaklaria.info/050_NUN/נביא.html]
[www.aspaklaria.info/050_NUN/נביא  שקר.html]
[www.aspaklaria.info/050_NUN/נביאים.html]
[www.aspaklaria.info/050_NUN/נבך      נבכי.html]
[www.aspaklaria.info/050_NUN/נבואה.html]
[www.aspaklaria.info/050_NUN/נבל   תבול.html]
[www.aspaklaria.info/050_NUN/נבל   עם נבל.html]
[www.aspaklaria.info/050_NUN/נבל   אביגיל.html]
[www.aspaklaria.info/050_NUN/נבל   כנור.html]
[www.aspaklaria.info/050_NUN/נבל   ליין.html]
[www.aspaklaria.info/050_NUN/נבלה   מאכלות אסורות.html]
[www.aspaklaria.info/050_NUN/נבלה.html]
[www.aspaklaria.info/050_NUN/נגב.html]
[www.aspaklaria.info/050_NUN/נגד.html]
[www.aspaklaria.info/050_NUN/נגה.html]
[www.aspaklaria.info/050_NUN/נגח.html]
[www.aspaklaria.info/050_NUN/נגיד.html]
[www.aspaklaria.info/050_NUN/נגיעה.html]
[www.aspaklaria.info/050_NUN/נגן      נגינה.html]
[www.aspaklaria.info/050_NUN/נגע   צרעת.html]
[www.aspaklaria.info/050_NUN/נגע   קרב.html]
[www.aspaklaria.info/050_NUN/נגף      מגפה.html]
[www.aspaklaria.info/050_NUN/נגש   לא יגש.html]
[www.aspaklaria.info/050_NUN/נגש.html]
[www.aspaklaria.info/050_NUN/נדב  ואביהוא.html]
[www.aspaklaria.info/050_NUN/נדבה.html]
[www.aspaklaria.info/050_NUN/נדה   זבה.html]
[www.aspaklaria.info/050_NUN/נדה   מוהר.html]
[www.aspaklaria.info/050_NUN/נדוי.html]
[www.aspaklaria.info/050_NUN/נדוניה.html]
[www.aspaklaria.info/050_NUN/נדיבות.html]
[www.aspaklaria.info/050_NUN/נהג.html]
[www.aspaklaria.info/050_NUN/נהיה.html]
[www.aspaklaria.info/050_NUN/נדר.html]
[www.aspaklaria.info/050_NUN/נהל.html]
[www.aspaklaria.info/050_NUN/נהר   ונהרו.html]
[www.aspaklaria.info/050_NUN/נהר   נחל.html]
[www.aspaklaria.info/050_NUN/נהר  דינור.html]
[www.aspaklaria.info/050_NUN/נהר  כבר.html]
[www.aspaklaria.info/050_NUN/נהרדעא.html]
[www.aspaklaria.info/050_NUN/נוב.html]
[www.aspaklaria.info/050_NUN/נוגה.html]
[www.aspaklaria.info/050_NUN/נוגש.html]
[www.aspaklaria.info/050_NUN/נוד.html]
[www.aspaklaria.info/050_NUN/נוח.html]
[www.aspaklaria.info/050_NUN/נוטריקון.html]
[www.aspaklaria.info/050_NUN/נוכח.html]
[www.aspaklaria.info/050_NUN/נום.html]
[www.aspaklaria.info/050_NUN/נון.html]
[www.aspaklaria.info/050_NUN/נוס.html]
[www.aspaklaria.info/050_NUN/נוע.html]
[www.aspaklaria.info/050_NUN/נועז.html]
[www.aspaklaria.info/050_NUN/נוער.html]
[www.aspaklaria.info/050_NUN/נוף.html]
[www.aspaklaria.info/050_NUN/נופת.html]
[www.aspaklaria.info/050_NUN/נוצה.html]
[www.aspaklaria.info/050_NUN/נוצרים.html]
[www.aspaklaria.info/050_NUN/נוצר  חסד.html]
[www.aspaklaria.info/050_NUN/נוקד.html]
[www.aspaklaria.info/050_NUN/נורא.html]
[www.aspaklaria.info/050_NUN/נותר.html]
[www.aspaklaria.info/050_NUN/נזיפה.html]
[www.aspaklaria.info/050_NUN/נזיקין.html]
[www.aspaklaria.info/050_NUN/נזיר.html]
[www.aspaklaria.info/050_NUN/נזם.html]
[www.aspaklaria.info/050_NUN/נזר.html]
[www.aspaklaria.info/050_NUN/נזק.html]
[www.aspaklaria.info/050_NUN/נח      ובניו.html]
[www.aspaklaria.info/050_NUN/נח      כרם.html]
[www.aspaklaria.info/050_NUN/נח.html]
[www.aspaklaria.info/050_NUN/נח      קרבן.html]
[www.aspaklaria.info/050_NUN/נח      והתבה.html]
[www.aspaklaria.info/050_NUN/נחה.html]
[www.aspaklaria.info/050_NUN/נחום.html]
[www.aspaklaria.info/050_NUN/נחום  איש  גמזו.html]
[www.aspaklaria.info/050_NUN/נחור.html]
[www.aspaklaria.info/050_NUN/נחוש.html]
[www.aspaklaria.info/050_NUN/נחל  קישון.html]
[www.aspaklaria.info/050_NUN/נחל      נחלה.html]
[www.aspaklaria.info/050_NUN/נחם      נחמה.html]
[www.aspaklaria.info/050_NUN/נחמד.html]
[www.aspaklaria.info/050_NUN/נחמיה.html]
[www.aspaklaria.info/050_NUN/נחר.html]
[www.aspaklaria.info/050_NUN/נחרפת.html]
[www.aspaklaria.info/050_NUN/נחרץ.html]
[www.aspaklaria.info/050_NUN/נחש.html]
[www.aspaklaria.info/050_NUN/נחש      חטא  ועונש.html]
[www.aspaklaria.info/050_NUN/נחש      בריח.html]
[www.aspaklaria.info/050_NUN/נחש  הנחושת.html]
[www.aspaklaria.info/050_NUN/נחש  העמוני.html]
[www.aspaklaria.info/050_NUN/נחש  מלך  בני  עמון.html]
[www.aspaklaria.info/050_NUN/נחשון.html]
[www.aspaklaria.info/050_NUN/נחת.html]
[www.aspaklaria.info/050_NUN/נטה.html]
[www.aspaklaria.info/050_NUN/נטילה.html]
[www.aspaklaria.info/050_NUN/נטילת  ידים.html]
[www.aspaklaria.info/050_NUN/נטירה.html]
[www.aspaklaria.info/050_NUN/נטישות.html]
[www.aspaklaria.info/050_NUN/נטע      נטיעה.html]
[www.aspaklaria.info/050_NUN/נטף.html]
[www.aspaklaria.info/050_NUN/נטש.html]
[www.aspaklaria.info/050_NUN/ניחוח.html]
[www.aspaklaria.info/050_NUN/נילוס.html]
[www.aspaklaria.info/050_NUN/ניאוף.html]
[www.aspaklaria.info/050_NUN/נין.html]
[www.aspaklaria.info/050_NUN/נינוה.html]
[www.aspaklaria.info/050_NUN/ניסן.html]
[www.aspaklaria.info/050_NUN/ניקנור.html]
[www.aspaklaria.info/050_NUN/נכאת.html]
[www.aspaklaria.info/050_NUN/נכד.html]
[www.aspaklaria.info/050_NUN/נכוחה.html]
[www.aspaklaria.info/050_NUN/נכון.html]
[www.aspaklaria.info/050_NUN/נכח.html]
[www.aspaklaria.info/050_NUN/נכסים.html]
[www.aspaklaria.info/050_NUN/נכרי.html]
[www.aspaklaria.info/050_NUN/נכרי      קרבן.html]
[www.aspaklaria.info/050_NUN/נכרי      תורה.html]
[www.aspaklaria.info/050_NUN/נכרית.html]
[www.aspaklaria.info/050_NUN/נלוז.html]
[www.aspaklaria.info/050_NUN/נמלה.html]
[www.aspaklaria.info/050_NUN/נמלץ.html]
[www.aspaklaria.info/050_NUN/נמרוד.html]
[www.aspaklaria.info/050_NUN/נמרץ.html]
[www.aspaklaria.info/050_NUN/נס   על נס.html]
[www.aspaklaria.info/050_NUN/נסס.html]
[www.aspaklaria.info/050_NUN/נסע.html]
[www.aspaklaria.info/050_NUN/נסתר.html]
[www.aspaklaria.info/050_NUN/נעות  המרדות.html]
[www.aspaklaria.info/050_NUN/נעל.html]
[www.aspaklaria.info/050_NUN/נסיון.html]
[www.aspaklaria.info/050_NUN/נס   אות.html]
[www.aspaklaria.info/050_NUN/נעמה.html]
[www.aspaklaria.info/050_NUN/נעמה  העמונית.html]
[www.aspaklaria.info/050_NUN/נעמי.html]
[www.aspaklaria.info/050_NUN/נעמיות.html]
[www.aspaklaria.info/050_NUN/נעמן.html]
[www.aspaklaria.info/050_NUN/נעצוץ.html]
[www.aspaklaria.info/050_NUN/נער.html]
[www.aspaklaria.info/050_NUN/נערה.html]
[www.aspaklaria.info/050_NUN/נערץ.html]
[www.aspaklaria.info/050_NUN/נעשה  ונשמע.html]
[www.aspaklaria.info/050_NUN/נעתם.html]
[www.aspaklaria.info/050_NUN/נפילים.html]
[www.aspaklaria.info/050_NUN/נפל.html]
[www.aspaklaria.info/050_NUN/נפילת  אפים.html]
[www.aspaklaria.info/050_NUN/נפלאות.html]
[www.aspaklaria.info/050_NUN/נפץ.html]
[www.aspaklaria.info/050_NUN/נפש  חיה.html]
[www.aspaklaria.info/050_NUN/נפתלי.html]
[www.aspaklaria.info/050_NUN/נץ   פרי.html]
[www.aspaklaria.info/050_NUN/נץ   עופות.html]
[www.aspaklaria.info/050_NUN/נפש.html]
[www.aspaklaria.info/050_NUN/נצב.html]
[www.aspaklaria.info/050_NUN/נצבים.html]
[www.aspaklaria.info/050_NUN/נצה.html]
[www.aspaklaria.info/050_NUN/נצח.html]
[www.aspaklaria.info/050_NUN/נצל.html]
[www.aspaklaria.info/050_NUN/נצר   שמר.html]
[www.aspaklaria.info/050_NUN/נצר   צומח.html]
[www.aspaklaria.info/050_NUN/נצרות.html]
[www.aspaklaria.info/050_NUN/נקב.html]
[www.aspaklaria.info/050_NUN/נקבה.html]
[www.aspaklaria.info/050_NUN/נקדימון.html]
[www.aspaklaria.info/050_NUN/נקודה.html]
[www.aspaklaria.info/050_NUN/נקודים.html]
[www.aspaklaria.info/050_NUN/נקי      נקיון.html]
[www.aspaklaria.info/050_NUN/נקמה.html]
[www.aspaklaria.info/050_NUN/נקנור      שער.html]
[www.aspaklaria.info/050_NUN/נקף      נקפה.html]
[www.aspaklaria.info/050_NUN/נקר      נקרה.html]
[www.aspaklaria.info/050_NUN/נקש      נקשה.html]
[www.aspaklaria.info/050_NUN/נר   אור.html]
[www.aspaklaria.info/050_NUN/נר   סבו של שאול.html]
[www.aspaklaria.info/050_NUN/נרגן.html]
[www.aspaklaria.info/050_NUN/נרדף.html]
[www.aspaklaria.info/050_NUN/נשא.html]
[www.aspaklaria.info/050_NUN/נשא  יד.html]
[www.aspaklaria.info/050_NUN/נשא  לב.html]
[www.aspaklaria.info/050_NUN/נשא  עון.html]
[www.aspaklaria.info/050_NUN/נשא  עין.html]
[www.aspaklaria.info/050_NUN/נשא  פנים.html]
[www.aspaklaria.info/050_NUN/נשא  ראש.html]
[www.aspaklaria.info/050_NUN/נשא  רגל.html]
[www.aspaklaria.info/050_NUN/נשה.html]
[www.aspaklaria.info/050_NUN/נשואות.html]
[www.aspaklaria.info/050_NUN/נשואין      סעודה.html]
[www.aspaklaria.info/050_NUN/נשואין      שנה  ראשונה.html]
[www.aspaklaria.info/050_NUN/נשיא.html]
[www.aspaklaria.info/050_NUN/נשיאים.html]
[www.aspaklaria.info/050_NUN/נשיאת  כפים.html]
[www.aspaklaria.info/050_NUN/נשואין.html]
[www.aspaklaria.info/050_NUN/נשיקה.html]
[www.aspaklaria.info/050_NUN/נשל.html]
[www.aspaklaria.info/050_NUN/נשמה      וגוף.html]
[www.aspaklaria.info/050_NUN/נשמה      גלגול.html]
[www.aspaklaria.info/050_NUN/נשמה      יחידה.html]
[www.aspaklaria.info/050_NUN/נשמה      יתרה.html]
[www.aspaklaria.info/050_NUN/נשף.html]
[www.aspaklaria.info/050_NUN/נשפה.html]
[www.aspaklaria.info/050_NUN/נשק.html]
[www.aspaklaria.info/050_NUN/נשר.html]
[www.aspaklaria.info/050_NUN/נשמה.html]
[www.aspaklaria.info/050_NUN/נתח.html]
[www.aspaklaria.info/050_NUN/נתיב.html]
[www.aspaklaria.info/050_NUN/נתין.html]
[www.aspaklaria.info/050_NUN/נתן.html]
[www.aspaklaria.info/050_NUN/נתן  הנביא.html]
[www.aspaklaria.info/050_NUN/נתנאל.html]
[www.aspaklaria.info/050_NUN/נתץ.html]
[www.aspaklaria.info/050_NUN/נתק.html]
[www.aspaklaria.info/050_NUN/NUN.html]
[www.aspaklaria.info/050_NUN/נתר.html]
[www.aspaklaria.info/060_SAMEKH/ס.html]
[www.aspaklaria.info/060_SAMEKH/סאה.html]
[www.aspaklaria.info/060_SAMEKH/סאסאה.html]
[www.aspaklaria.info/060_SAMEKH/סב.html]
[www.aspaklaria.info/060_SAMEKH/סבב.html]
[www.aspaklaria.info/060_SAMEKH/סבה.html]
[www.aspaklaria.info/060_SAMEKH/סביבה.html]
[www.aspaklaria.info/060_SAMEKH/סבל   סבלנות.html]
[www.aspaklaria.info/060_SAMEKH/סברא.html]
[www.aspaklaria.info/060_SAMEKH/סגד.html]
[www.aspaklaria.info/060_SAMEKH/סגלה.html]
[www.aspaklaria.info/060_SAMEKH/סגן.html]
[www.aspaklaria.info/060_SAMEKH/סגר.html]
[www.aspaklaria.info/060_SAMEKH/סד.html]
[www.aspaklaria.info/060_SAMEKH/סדום.html]
[www.aspaklaria.info/060_SAMEKH/סדום   מדת.html]
[www.aspaklaria.info/060_SAMEKH/סדום   מלך.html]
[www.aspaklaria.info/060_SAMEKH/סדר.html]
[www.aspaklaria.info/060_SAMEKH/סוד.html]
[www.aspaklaria.info/060_SAMEKH/סוחר.html]
[www.aspaklaria.info/060_SAMEKH/סוטה.html]
[www.aspaklaria.info/060_SAMEKH/סוכה.html]
[www.aspaklaria.info/060_SAMEKH/סכות.html]
[www.aspaklaria.info/060_SAMEKH/סוכות.html]
[www.aspaklaria.info/060_SAMEKH/סוכן.html]
[www.aspaklaria.info/060_SAMEKH/סוכנת.html]
[www.aspaklaria.info/060_SAMEKH/סוללה.html]
[www.aspaklaria.info/060_SAMEKH/סולם.html]
[www.aspaklaria.info/060_SAMEKH/סולת.html]
[www.aspaklaria.info/060_SAMEKH/סומא.html]
[www.aspaklaria.info/060_SAMEKH/סוס.html]
[www.aspaklaria.info/060_SAMEKH/סוס עגור.html]
[www.aspaklaria.info/060_SAMEKH/סוף   גמר.html]
[www.aspaklaria.info/060_SAMEKH/סוף   ים סוף.html]
[www.aspaklaria.info/060_SAMEKH/סופה.html]
[www.aspaklaria.info/060_SAMEKH/סופר   סופרים.html]
[www.aspaklaria.info/060_SAMEKH/סור.html]
[www.aspaklaria.info/060_SAMEKH/סורא.html]
[www.aspaklaria.info/060_SAMEKH/סוריה.html]
[www.aspaklaria.info/060_SAMEKH/סורר.html]
[www.aspaklaria.info/060_SAMEKH/סורר ומורה.html]
[www.aspaklaria.info/060_SAMEKH/סות.html]
[www.aspaklaria.info/060_SAMEKH/סחר   סחורה.html]
[www.aspaklaria.info/060_SAMEKH/סחיש.html]
[www.aspaklaria.info/060_SAMEKH/סטירה.html]
[www.aspaklaria.info/060_SAMEKH/סטרא אחרא.html]
[www.aspaklaria.info/060_SAMEKH/סיד.html]
[www.aspaklaria.info/060_SAMEKH/סיום.html]
[www.aspaklaria.info/060_SAMEKH/סיון.html]
[www.aspaklaria.info/060_SAMEKH/סיחון.html]
[www.aspaklaria.info/060_SAMEKH/סייג.html]
[www.aspaklaria.info/060_SAMEKH/סימן.html]
[www.aspaklaria.info/060_SAMEKH/סין.html]
[www.aspaklaria.info/060_SAMEKH/סיני.html]
[www.aspaklaria.info/060_SAMEKH/סיסרא.html]
[www.aspaklaria.info/060_SAMEKH/סכין.html]
[www.aspaklaria.info/060_SAMEKH/סכל.html]
[www.aspaklaria.info/060_SAMEKH/סכן.html]
[www.aspaklaria.info/060_SAMEKH/סכנה.html]
[www.aspaklaria.info/060_SAMEKH/סכסך.html]
[www.aspaklaria.info/060_SAMEKH/סכר.html]
[www.aspaklaria.info/060_SAMEKH/סלה   לעולם.html]
[www.aspaklaria.info/060_SAMEKH/סלה   סולו.html]
[www.aspaklaria.info/060_SAMEKH/סלה.html]
[www.aspaklaria.info/060_SAMEKH/סלח   סליחה.html]
[www.aspaklaria.info/060_SAMEKH/סלמנדרא.html]
[www.aspaklaria.info/060_SAMEKH/סלסל.html]
[www.aspaklaria.info/060_SAMEKH/סלע.html]
[www.aspaklaria.info/060_SAMEKH/סלף.html]
[www.aspaklaria.info/060_SAMEKH/סם.html]
[www.aspaklaria.info/060_SAMEKH/סמאל.html]
[www.aspaklaria.info/060_SAMEKH/סמבטיון.html]
[www.aspaklaria.info/060_SAMEKH/סמיכה   קרבן.html]
[www.aspaklaria.info/060_SAMEKH/סמיכה   בית דין.html]
[www.aspaklaria.info/060_SAMEKH/סמיכות.html]
[www.aspaklaria.info/060_SAMEKH/סמים.html]
[www.aspaklaria.info/060_SAMEKH/סמך.html]
[www.aspaklaria.info/060_SAMEKH/סמל.html]
[www.aspaklaria.info/060_SAMEKH/סנבלט.html]
[www.aspaklaria.info/060_SAMEKH/סנדק.html]
[www.aspaklaria.info/060_SAMEKH/סנה.html]
[www.aspaklaria.info/060_SAMEKH/סנהדרין.html]
[www.aspaklaria.info/060_SAMEKH/סנורים.html]
[www.aspaklaria.info/060_SAMEKH/סנחריב.html]
[www.aspaklaria.info/060_SAMEKH/סניגור וקטיגור.html]
[www.aspaklaria.info/060_SAMEKH/סנפיר.html]
[www.aspaklaria.info/060_SAMEKH/סנפירינון.html]
[www.aspaklaria.info/060_SAMEKH/סעודה.html]
[www.aspaklaria.info/060_SAMEKH/סעודה של לויתן.html]
[www.aspaklaria.info/060_SAMEKH/סעדיה גאון.html]
[www.aspaklaria.info/060_SAMEKH/סעפים.html]
[www.aspaklaria.info/060_SAMEKH/סערה.html]
[www.aspaklaria.info/060_SAMEKH/סף.html]
[www.aspaklaria.info/060_SAMEKH/ספד.html]
[www.aspaklaria.info/060_SAMEKH/ספה.html]
[www.aspaklaria.info/060_SAMEKH/ספור   ספר.html]
[www.aspaklaria.info/060_SAMEKH/ספות.html]
[www.aspaklaria.info/060_SAMEKH/ספיח.html]
[www.aspaklaria.info/060_SAMEKH/ספינה.html]
[www.aspaklaria.info/060_SAMEKH/ספיר.html]
[www.aspaklaria.info/060_SAMEKH/מנין.html]
[www.aspaklaria.info/060_SAMEKH/ספירות.html]
[www.aspaklaria.info/060_SAMEKH/ספק.html]
[www.aspaklaria.info/060_SAMEKH/ספר.html]
[www.aspaklaria.info/060_SAMEKH/ספרים חיצוניים.html]
[www.aspaklaria.info/060_SAMEKH/ספר יצירה.html]
[www.aspaklaria.info/060_SAMEKH/ספר הישר.html]
[www.aspaklaria.info/060_SAMEKH/ספר תורה.html]
[www.aspaklaria.info/060_SAMEKH/ספר תורה   כתיבה.html]
[www.aspaklaria.info/060_SAMEKH/ספרד.html]
[www.aspaklaria.info/060_SAMEKH/סקילה.html]
[www.aspaklaria.info/060_SAMEKH/סקרנות.html]
[www.aspaklaria.info/060_SAMEKH/סרה.html]
[www.aspaklaria.info/060_SAMEKH/סרוב.html]
[www.aspaklaria.info/060_SAMEKH/סרוס.html]
[www.aspaklaria.info/060_SAMEKH/סרח.html]
[www.aspaklaria.info/060_SAMEKH/סריס.html]
[www.aspaklaria.info/060_SAMEKH/סרסור.html]
[www.aspaklaria.info/060_SAMEKH/סתום.html]
[www.aspaklaria.info/060_SAMEKH/סתם.html]
[www.aspaklaria.info/060_SAMEKH/סתירה.html]
[www.aspaklaria.info/060_SAMEKH/SAMEKH.html]
[www.aspaklaria.info/060_SAMEKH/סתר.html]
[www.aspaklaria.info/070_AYIN/ע.html]
[www.aspaklaria.info/070_AYIN/עב.html]
[www.aspaklaria.info/070_AYIN/עבד.html]
[www.aspaklaria.info/070_AYIN/עבד ה.html]
[www.aspaklaria.info/070_AYIN/עבד   כנעני.html]
[www.aspaklaria.info/070_AYIN/עבד כנעני   הסגרה.html]
[www.aspaklaria.info/070_AYIN/עבד כנעני   יום או יומים.html]
[www.aspaklaria.info/070_AYIN/עבד כנעני   שן ועין.html]
[www.aspaklaria.info/070_AYIN/עבד מלך הכושי.html]
[www.aspaklaria.info/070_AYIN/עבד עברי.html]
[www.aspaklaria.info/070_AYIN/עבד עברי   הענקה.html]
[www.aspaklaria.info/070_AYIN/עבד עברי   נרצע.html]
[www.aspaklaria.info/070_AYIN/עבד עברי   שפחה.html]
[www.aspaklaria.info/070_AYIN/עבודה   פעולה.html]
[www.aspaklaria.info/070_AYIN/עבודה   ועבודה.html]
[www.aspaklaria.info/070_AYIN/עבודת ה   אהבה.html]
[www.aspaklaria.info/070_AYIN/עבודת ה   עול מלכות שמים.html]
[www.aspaklaria.info/070_AYIN/עבודה זרה   אשרה.html]
[www.aspaklaria.info/070_AYIN/עבודה זרה   בטול.html]
[www.aspaklaria.info/070_AYIN/עבודה זרה   דגון.html]
[www.aspaklaria.info/070_AYIN/עבודה זרה   חמנים.html]
[www.aspaklaria.info/070_AYIN/עבודת ה   יראת שמים.html]
[www.aspaklaria.info/070_AYIN/עבודה זרה   כונים.html]
[www.aspaklaria.info/070_AYIN/עבודה זרה   מולך.html]
[www.aspaklaria.info/070_AYIN/עבודת אדמה.html]
[www.aspaklaria.info/070_AYIN/עבודה זרה.html]
[www.aspaklaria.info/070_AYIN/עבור   הריון.html]
[www.aspaklaria.info/070_AYIN/עבור.html]
[www.aspaklaria.info/070_AYIN/עבור   מעבור הארץ.html]
[www.aspaklaria.info/070_AYIN/עבור שנה.html]
[www.aspaklaria.info/070_AYIN/עבות.html]
[www.aspaklaria.info/070_AYIN/עבטיט.html]
[www.aspaklaria.info/070_AYIN/עגול   ועדשים עגולים.html]
[www.aspaklaria.info/070_AYIN/עובר.html]
[www.aspaklaria.info/070_AYIN/עבר   בנו של שם.html]
[www.aspaklaria.info/070_AYIN/עבר   פאה.html]
[www.aspaklaria.info/070_AYIN/עבודת ה.html]
[www.aspaklaria.info/070_AYIN/עבר הירדן.html]
[www.aspaklaria.info/070_AYIN/עברה.html]
[www.aspaklaria.info/070_AYIN/עברי.html]
[www.aspaklaria.info/070_AYIN/עגב.html]
[www.aspaklaria.info/070_AYIN/עגול.html]
[www.aspaklaria.info/070_AYIN/עגל.html]
[www.aspaklaria.info/070_AYIN/עגל   חטא.html]
[www.aspaklaria.info/070_AYIN/עגלה.html]
[www.aspaklaria.info/070_AYIN/עגלה ערופה.html]
[www.aspaklaria.info/070_AYIN/עגלה שלישיה.html]
[www.aspaklaria.info/070_AYIN/עגלון.html]
[www.aspaklaria.info/070_AYIN/עד.html]
[www.aspaklaria.info/070_AYIN/עדד.html]
[www.aspaklaria.info/070_AYIN/עדה.html]
[www.aspaklaria.info/070_AYIN/עדו.html]
[www.aspaklaria.info/070_AYIN/עדות.html]
[www.aspaklaria.info/070_AYIN/עדות   עדים זוממים.html]
[www.aspaklaria.info/070_AYIN/עדות   עדותיו.html]
[www.aspaklaria.info/070_AYIN/עדי.html]
[www.aspaklaria.info/070_AYIN/עדן.html]
[www.aspaklaria.info/070_AYIN/עדנה.html]
[www.aspaklaria.info/070_AYIN/עדינו.html]
[www.aspaklaria.info/070_AYIN/עדשים.html]
[www.aspaklaria.info/070_AYIN/עובד.html]
[www.aspaklaria.info/070_AYIN/עובד אדום.html]
[www.aspaklaria.info/070_AYIN/עובד כוכבים.html]
[www.aspaklaria.info/070_AYIN/עובדיה.html]
[www.aspaklaria.info/070_AYIN/עוג.html]
[www.aspaklaria.info/070_AYIN/עוד.html]
[www.aspaklaria.info/070_AYIN/עוה.html]
[www.aspaklaria.info/070_AYIN/עוון.html]
[www.aspaklaria.info/070_AYIN/עוור.html]
[www.aspaklaria.info/070_AYIN/עוות.html]
[www.aspaklaria.info/070_AYIN/עוז.html]
[www.aspaklaria.info/070_AYIN/עוזא.html]
[www.aspaklaria.info/070_AYIN/עזא ועזאל.html]
[www.aspaklaria.info/070_AYIN/עוזיאל.html]
[www.aspaklaria.info/070_AYIN/עוזיה.html]
[www.aspaklaria.info/070_AYIN/עוים.html]
[www.aspaklaria.info/070_AYIN/עול.html]
[www.aspaklaria.info/070_AYIN/עולל.html]
[www.aspaklaria.info/070_AYIN/עוללות.html]
[www.aspaklaria.info/070_AYIN/עולם.html]
[www.aspaklaria.info/070_AYIN/עולם הזה.html]
[www.aspaklaria.info/070_AYIN/עולם   ועד.html]
[www.aspaklaria.info/070_AYIN/עולם   מן העולם.html]
[www.aspaklaria.info/070_AYIN/עומר.html]
[www.aspaklaria.info/070_AYIN/עומר   ספירת.html]
[www.aspaklaria.info/070_AYIN/עולם הבא.html]
[www.aspaklaria.info/070_AYIN/עון.html]
[www.aspaklaria.info/070_AYIN/עונג.html]
[www.aspaklaria.info/070_AYIN/עוני   עני.html]
[www.aspaklaria.info/070_AYIN/עונן.html]
[www.aspaklaria.info/070_AYIN/עועים.html]
[www.aspaklaria.info/070_AYIN/עוף.html]
[www.aspaklaria.info/070_AYIN/עופל.html]
[www.aspaklaria.info/070_AYIN/עופר.html]
[www.aspaklaria.info/070_AYIN/עופרת.html]
[www.aspaklaria.info/070_AYIN/עוץ.html]
[www.aspaklaria.info/070_AYIN/עוקר הרים.html]
[www.aspaklaria.info/070_AYIN/עור.html]
[www.aspaklaria.info/070_AYIN/עונש.html]
[www.aspaklaria.info/070_AYIN/עורב.html]
[www.aspaklaria.info/070_AYIN/עורך דין.html]
[www.aspaklaria.info/070_AYIN/עורף.html]
[www.aspaklaria.info/070_AYIN/עורק.html]
[www.aspaklaria.info/070_AYIN/עושר.html]
[www.aspaklaria.info/070_AYIN/עז.html]
[www.aspaklaria.info/070_AYIN/עז פנים.html]
[www.aspaklaria.info/070_AYIN/עזאזל.html]
[www.aspaklaria.info/070_AYIN/עזב.html]
[www.aspaklaria.info/070_AYIN/עזות.html]
[www.aspaklaria.info/070_AYIN/עזק.html]
[www.aspaklaria.info/070_AYIN/עזר.html]
[www.aspaklaria.info/070_AYIN/עזרא.html]
[www.aspaklaria.info/070_AYIN/עזרה.html]
[www.aspaklaria.info/070_AYIN/עזריהו בן עודד.html]
[www.aspaklaria.info/070_AYIN/עטוף.html]
[www.aspaklaria.info/070_AYIN/עטוש.html]
[www.aspaklaria.info/070_AYIN/עטין.html]
[www.aspaklaria.info/070_AYIN/עטף   עטוף.html]
[www.aspaklaria.info/070_AYIN/עטרה.html]
[www.aspaklaria.info/070_AYIN/עי   עיי העברים.html]
[www.aspaklaria.info/070_AYIN/עי.html]
[www.aspaklaria.info/070_AYIN/עידית.html]
[www.aspaklaria.info/070_AYIN/עיט.html]
[www.aspaklaria.info/070_AYIN/עיט צבוע.html]
[www.aspaklaria.info/070_AYIN/עילם.html]
[www.aspaklaria.info/070_AYIN/עין.html]
[www.aspaklaria.info/070_AYIN/עין   מעין.html]
[www.aspaklaria.info/070_AYIN/עין דאר.html]
[www.aspaklaria.info/070_AYIN/עין גדי.html]
[www.aspaklaria.info/070_AYIN/עין יעקב.html]
[www.aspaklaria.info/070_AYIN/עין רוגל.html]
[www.aspaklaria.info/070_AYIN/עין   חושים.html]
[www.aspaklaria.info/070_AYIN/עין טובה   יפה.html]
[www.aspaklaria.info/070_AYIN/עין   רעה.html]
[www.aspaklaria.info/070_AYIN/עין תחת עין.html]
[www.aspaklaria.info/070_AYIN/עיף.html]
[www.aspaklaria.info/070_AYIN/עיר.html]
[www.aspaklaria.info/070_AYIN/עיר חומה.html]
[www.aspaklaria.info/070_AYIN/עיר   לוים.html]
[www.aspaklaria.info/070_AYIN/עיר מקלט.html]
[www.aspaklaria.info/070_AYIN/עיר הנדחת.html]
[www.aspaklaria.info/070_AYIN/עיר   מלאך.html]
[www.aspaklaria.info/070_AYIN/עירא היאירי.html]
[www.aspaklaria.info/070_AYIN/עיש.html]
[www.aspaklaria.info/070_AYIN/עכבר.html]
[www.aspaklaria.info/070_AYIN/עכו.html]
[www.aspaklaria.info/070_AYIN/עכן.html]
[www.aspaklaria.info/070_AYIN/עכס.html]
[www.aspaklaria.info/070_AYIN/עכסה.html]
[www.aspaklaria.info/070_AYIN/עכר.html]
[www.aspaklaria.info/070_AYIN/עכשוב.html]
[www.aspaklaria.info/070_AYIN/על.html]
[www.aspaklaria.info/070_AYIN/על אודות.html]
[www.aspaklaria.info/070_AYIN/על דבר.html]
[www.aspaklaria.info/070_AYIN/על יד.html]
[www.aspaklaria.info/070_AYIN/על כן.html]
[www.aspaklaria.info/070_AYIN/על פי.html]
[www.aspaklaria.info/070_AYIN/על פני.html]
[www.aspaklaria.info/070_AYIN/עלה   עליה.html]
[www.aspaklaria.info/070_AYIN/עלות.html]
[www.aspaklaria.info/070_AYIN/עלז.html]
[www.aspaklaria.info/070_AYIN/עלטה.html]
[www.aspaklaria.info/070_AYIN/עלי.html]
[www.aspaklaria.info/070_AYIN/עלי   בני.html]
[www.aspaklaria.info/070_AYIN/עליה לרגל.html]
[www.aspaklaria.info/070_AYIN/עליל.html]
[www.aspaklaria.info/070_AYIN/עלילה.html]
[www.aspaklaria.info/070_AYIN/עלמה.html]
[www.aspaklaria.info/070_AYIN/עלמות.html]
[www.aspaklaria.info/070_AYIN/עלמות   כלי שיר.html]
[www.aspaklaria.info/070_AYIN/עלץ.html]
[www.aspaklaria.info/070_AYIN/עלף.html]
[www.aspaklaria.info/070_AYIN/עם   עמו.html]
[www.aspaklaria.info/070_AYIN/עם   אומה.html]
[www.aspaklaria.info/070_AYIN/עם הארץ.html]
[www.aspaklaria.info/070_AYIN/עמד   עמידה.html]
[www.aspaklaria.info/070_AYIN/עמדי.html]
[www.aspaklaria.info/070_AYIN/עמוד ענן.html]
[www.aspaklaria.info/070_AYIN/עמון.html]
[www.aspaklaria.info/070_AYIN/עמוס.html]
[www.aspaklaria.info/070_AYIN/עמורה.html]
[www.aspaklaria.info/070_AYIN/עמית.html]
[www.aspaklaria.info/070_AYIN/עמל.html]
[www.aspaklaria.info/070_AYIN/עמלק.html]
[www.aspaklaria.info/070_AYIN/עמלק   מלחמת.html]
[www.aspaklaria.info/070_AYIN/עמלק   מחיית זכר.html]
[www.aspaklaria.info/070_AYIN/עמנואל.html]
[www.aspaklaria.info/070_AYIN/עמק.html]
[www.aspaklaria.info/070_AYIN/עמרי.html]
[www.aspaklaria.info/070_AYIN/עמרם.html]
[www.aspaklaria.info/070_AYIN/עמשא.html]
[www.aspaklaria.info/070_AYIN/ענבים.html]
[www.aspaklaria.info/070_AYIN/ענה.html]
[www.aspaklaria.info/070_AYIN/ענה   תענית.html]
[www.aspaklaria.info/070_AYIN/עני.html]
[www.aspaklaria.info/070_AYIN/ענן.html]
[www.aspaklaria.info/070_AYIN/ענק.html]
[www.aspaklaria.info/070_AYIN/ענוה.html]
[www.aspaklaria.info/070_AYIN/ענר.html]
[www.aspaklaria.info/070_AYIN/ענתות.html]
[www.aspaklaria.info/070_AYIN/עסה.html]
[www.aspaklaria.info/070_AYIN/עסיס.html]
[www.aspaklaria.info/070_AYIN/עפר.html]
[www.aspaklaria.info/070_AYIN/עפרון.html]
[www.aspaklaria.info/070_AYIN/עץ.html]
[www.aspaklaria.info/070_AYIN/עץ הדעת.html]
[www.aspaklaria.info/070_AYIN/עץ החיים.html]
[www.aspaklaria.info/070_AYIN/עצב.html]
[www.aspaklaria.info/070_AYIN/עצבים.html]
[www.aspaklaria.info/070_AYIN/עצה   לעומת העצה.html]
[www.aspaklaria.info/070_AYIN/עצה.html]
[www.aspaklaria.info/070_AYIN/עצום.html]
[www.aspaklaria.info/070_AYIN/עצומות.html]
[www.aspaklaria.info/070_AYIN/עצור.html]
[www.aspaklaria.info/070_AYIN/עציון גבר.html]
[www.aspaklaria.info/070_AYIN/עצל   עצלות.html]
[www.aspaklaria.info/070_AYIN/עצלנות.html]
[www.aspaklaria.info/070_AYIN/עצם.html]
[www.aspaklaria.info/070_AYIN/עצם היום.html]
[www.aspaklaria.info/070_AYIN/עצרה.html]
[www.aspaklaria.info/070_AYIN/עצרת.html]
[www.aspaklaria.info/070_AYIN/עקב   עקב תשמעון.html]
[www.aspaklaria.info/070_AYIN/עקב.html]
[www.aspaklaria.info/070_AYIN/עקב   ויעקבני.html]
[www.aspaklaria.info/070_AYIN/עקד.html]
[www.aspaklaria.info/070_AYIN/עקדה.html]
[www.aspaklaria.info/070_AYIN/עקילס.html]
[www.aspaklaria.info/070_AYIN/עקר.html]
[www.aspaklaria.info/070_AYIN/עקר   עקרה.html]
[www.aspaklaria.info/070_AYIN/עקרב.html]
[www.aspaklaria.info/070_AYIN/עקרת.html]
[www.aspaklaria.info/070_AYIN/ער   בכור יהודה.html]
[www.aspaklaria.info/070_AYIN/ער   מואב.html]
[www.aspaklaria.info/070_AYIN/ער.html]
[www.aspaklaria.info/070_AYIN/ערב.html]
[www.aspaklaria.info/070_AYIN/ערב יום טוב.html]
[www.aspaklaria.info/070_AYIN/ערב פסח.html]
[www.aspaklaria.info/070_AYIN/ערב שבת.html]
[www.aspaklaria.info/070_AYIN/ערב   ערבות.html]
[www.aspaklaria.info/070_AYIN/ערב רב.html]
[www.aspaklaria.info/070_AYIN/ערבה   סוכות.html]
[www.aspaklaria.info/070_AYIN/ערבה   בקעה.html]
[www.aspaklaria.info/070_AYIN/ערבות.html]
[www.aspaklaria.info/070_AYIN/ערבות   שמים.html]
[www.aspaklaria.info/070_AYIN/ערבי.html]
[www.aspaklaria.info/070_AYIN/ערג.html]
[www.aspaklaria.info/070_AYIN/ערה.html]
[www.aspaklaria.info/070_AYIN/ערום   ערמה.html]
[www.aspaklaria.info/070_AYIN/ערום.html]
[www.aspaklaria.info/070_AYIN/עריות.html]
[www.aspaklaria.info/070_AYIN/ערירי.html]
[www.aspaklaria.info/070_AYIN/ערכין.html]
[www.aspaklaria.info/070_AYIN/ערל   ערלה.html]
[www.aspaklaria.info/070_AYIN/ערלה.html]
[www.aspaklaria.info/070_AYIN/ערמה.html]
[www.aspaklaria.info/070_AYIN/ערער.html]
[www.aspaklaria.info/070_AYIN/ערף.html]
[www.aspaklaria.info/070_AYIN/ערפה.html]
[www.aspaklaria.info/070_AYIN/ערפל.html]
[www.aspaklaria.info/070_AYIN/ערץ.html]
[www.aspaklaria.info/070_AYIN/עש.html]
[www.aspaklaria.info/070_AYIN/עשב.html]
[www.aspaklaria.info/070_AYIN/עשה.html]
[www.aspaklaria.info/070_AYIN/עשהאל.html]
[www.aspaklaria.info/070_AYIN/עשיר.html]
[www.aspaklaria.info/070_AYIN/עשירית האפה.html]
[www.aspaklaria.info/070_AYIN/עשן.html]
[www.aspaklaria.info/070_AYIN/עשק.html]
[www.aspaklaria.info/070_AYIN/עשר מכות.html]
[www.aspaklaria.info/070_AYIN/עשו.html]
[www.aspaklaria.info/070_AYIN/עשר מכות   תנין.html]
[www.aspaklaria.info/070_AYIN/עשר מכות   דם.html]
[www.aspaklaria.info/070_AYIN/עשר מכות   צפרדע.html]
[www.aspaklaria.info/070_AYIN/עשר מכות   כנים.html]
[www.aspaklaria.info/070_AYIN/עשר מכות   ערוב.html]
[www.aspaklaria.info/070_AYIN/עשר מכות   דבר.html]
[www.aspaklaria.info/070_AYIN/עשר מכות   שחין.html]
[www.aspaklaria.info/070_AYIN/עשר מכות   ברד.html]
[www.aspaklaria.info/070_AYIN/עשר מכות   ארבה.html]
[www.aspaklaria.info/070_AYIN/עשר מכות   חושך.html]
[www.aspaklaria.info/070_AYIN/עשר מכות   מכת בכורות.html]
[www.aspaklaria.info/070_AYIN/עשר מכות   התראה.html]
[www.aspaklaria.info/070_AYIN/עשר מכות   והחרטומים.html]
[www.aspaklaria.info/070_AYIN/עשר מכות   שפטים.html]
[www.aspaklaria.info/070_AYIN/עשרה.html]
[www.aspaklaria.info/070_AYIN/עשרה בטלנים.html]
[www.aspaklaria.info/070_AYIN/עשרה הרוגי מלכות.html]
[www.aspaklaria.info/070_AYIN/עשרה עממין.html]
[www.aspaklaria.info/070_AYIN/עשרת הדברות.html]
[www.aspaklaria.info/070_AYIN/עשרת הדברות   אנכי.html]
[www.aspaklaria.info/070_AYIN/עשרת הדברות   לא יהיה לך.html]
[www.aspaklaria.info/070_AYIN/עשרת הדברות   לא תשא.html]
[www.aspaklaria.info/070_AYIN/עשרת הדברות   שבת.html]
[www.aspaklaria.info/070_AYIN/עשרת הדברות   כבד את אביך.html]
[www.aspaklaria.info/070_AYIN/עשרת הדברות   לא תחמוד.html]
[www.aspaklaria.info/070_AYIN/עשרת ימי תשובה.html]
[www.aspaklaria.info/070_AYIN/עשרת השבטים.html]
[www.aspaklaria.info/070_AYIN/עשת.html]
[www.aspaklaria.info/070_AYIN/עשתרות.html]
[www.aspaklaria.info/070_AYIN/עת.html]
[www.aspaklaria.info/070_AYIN/עתה.html]
[www.aspaklaria.info/070_AYIN/עתודות.html]
[www.aspaklaria.info/070_AYIN/עתי.html]
[www.aspaklaria.info/070_AYIN/עתליה.html]
[www.aspaklaria.info/070_AYIN/AYIN.html]
[www.aspaklaria.info/070_AYIN/עתניאל.html]
[www.aspaklaria.info/080_PE/פ.html]
[www.aspaklaria.info/080_PE/פאה   מתנות עניים.html]
[www.aspaklaria.info/080_PE/פאה   עבר.html]
[www.aspaklaria.info/080_PE/פאת הראש והזקן.html]
[www.aspaklaria.info/080_PE/פאה נכרית.html]
[www.aspaklaria.info/080_PE/פאר   תפארת.html]
[www.aspaklaria.info/080_PE/פאר   לא תפאר.html]
[www.aspaklaria.info/080_PE/פגול.html]
[www.aspaklaria.info/080_PE/פגע.html]
[www.aspaklaria.info/080_PE/פגר.html]
[www.aspaklaria.info/080_PE/פגש.html]
[www.aspaklaria.info/080_PE/פדיון   פדה.html]
[www.aspaklaria.info/080_PE/פדיון הבן.html]
[www.aspaklaria.info/080_PE/פדיון שבויים.html]
[www.aspaklaria.info/080_PE/פדן.html]
[www.aspaklaria.info/080_PE/פדר.html]
[www.aspaklaria.info/080_PE/פה.html]
[www.aspaklaria.info/080_PE/פהוק.html]
[www.aspaklaria.info/080_PE/פוג.html]
[www.aspaklaria.info/080_PE/פודגרא.html]
[www.aspaklaria.info/080_PE/פוטיאל.html]
[www.aspaklaria.info/080_PE/פוטיפר.html]
[www.aspaklaria.info/080_PE/פומבדיתא.html]
[www.aspaklaria.info/080_PE/פועל.html]
[www.aspaklaria.info/080_PE/פועל   יצר.html]
[www.aspaklaria.info/080_PE/פוקד עון.html]
[www.aspaklaria.info/080_PE/פורים.html]
[www.aspaklaria.info/080_PE/פורש מדרכי צבור.html]
[www.aspaklaria.info/080_PE/פורת.html]
[www.aspaklaria.info/080_PE/פושעי ישראל.html]
[www.aspaklaria.info/080_PE/פז.html]
[www.aspaklaria.info/080_PE/פחז.html]
[www.aspaklaria.info/080_PE/פחד.html]
[www.aspaklaria.info/080_PE/פחד יצחק.html]
[www.aspaklaria.info/080_PE/פחה.html]
[www.aspaklaria.info/080_PE/פחים.html]
[www.aspaklaria.info/080_PE/פחתת.html]
[www.aspaklaria.info/080_PE/פטר חמור.html]
[www.aspaklaria.info/080_PE/פי החירות.html]
[www.aspaklaria.info/080_PE/פיוט.html]
[www.aspaklaria.info/080_PE/פיוס.html]
[www.aspaklaria.info/080_PE/פיכול.html]
[www.aspaklaria.info/080_PE/פיל.html]
[www.aspaklaria.info/080_PE/פילוסוף   פילוסופיה.html]
[www.aspaklaria.info/080_PE/פירוש.html]
[www.aspaklaria.info/080_PE/פישון.html]
[www.aspaklaria.info/080_PE/פיתום.html]
[www.aspaklaria.info/080_PE/פלא   אות.html]
[www.aspaklaria.info/080_PE/פלא   לפלא.html]
[www.aspaklaria.info/080_PE/פלגש.html]
[www.aspaklaria.info/080_PE/פלגש בגבעה.html]
[www.aspaklaria.info/080_PE/פלוני אלמוני.html]
[www.aspaklaria.info/080_PE/פלטי בן ליש.html]
[www.aspaklaria.info/080_PE/פלילים.html]
[www.aspaklaria.info/080_PE/פלל.html]
[www.aspaklaria.info/080_PE/פלפול.html]
[www.aspaklaria.info/080_PE/פלפל.html]
[www.aspaklaria.info/080_PE/פלשתים.html]
[www.aspaklaria.info/080_PE/פן.html]
[www.aspaklaria.info/080_PE/פנה   פנה.html]
[www.aspaklaria.info/080_PE/פנחס.html]
[www.aspaklaria.info/080_PE/פנים.html]
[www.aspaklaria.info/080_PE/פנים בפנים.html]
[www.aspaklaria.info/080_PE/פנינה.html]
[www.aspaklaria.info/080_PE/פסוקי דזמרא.html]
[www.aspaklaria.info/080_PE/פסח.html]
[www.aspaklaria.info/080_PE/פסח מצרים.html]
[www.aspaklaria.info/080_PE/פסח   ערב.html]
[www.aspaklaria.info/080_PE/פסח שני.html]
[www.aspaklaria.info/080_PE/פסוח.html]
[www.aspaklaria.info/080_PE/פסל.html]
[www.aspaklaria.info/080_PE/פעל   פעולה.html]
[www.aspaklaria.info/080_PE/פעור.html]
[www.aspaklaria.info/080_PE/פעם.html]
[www.aspaklaria.info/080_PE/פעמות.html]
[www.aspaklaria.info/080_PE/פפא בר אבא.html]
[www.aspaklaria.info/080_PE/פפוניא.html]
[www.aspaklaria.info/080_PE/פצוע דכא.html]
[www.aspaklaria.info/080_PE/פצע.html]
[www.aspaklaria.info/080_PE/פצר.html]
[www.aspaklaria.info/080_PE/פקד.html]
[www.aspaklaria.info/080_PE/פקד יפקד.html]
[www.aspaklaria.info/080_PE/פקודה.html]
[www.aspaklaria.info/080_PE/פקודים.html]
[www.aspaklaria.info/080_PE/פקדון.html]
[www.aspaklaria.info/080_PE/פקוח נפש.html]
[www.aspaklaria.info/080_PE/פקח.html]
[www.aspaklaria.info/080_PE/פקידה.html]
[www.aspaklaria.info/080_PE/פר.html]
[www.aspaklaria.info/080_PE/פרא אדם.html]
[www.aspaklaria.info/080_PE/פרד.html]
[www.aspaklaria.info/080_PE/פרדס.html]
[www.aspaklaria.info/080_PE/פרה.html]
[www.aspaklaria.info/080_PE/פרה אדומה.html]
[www.aspaklaria.info/080_PE/פרוד.html]
[www.aspaklaria.info/080_PE/פרוזבול.html]
[www.aspaklaria.info/080_PE/פרוטה.html]
[www.aspaklaria.info/080_PE/פרוכת.html]
[www.aspaklaria.info/080_PE/פרוע ראש.html]
[www.aspaklaria.info/080_PE/פרישות   פרושים.html]
[www.aspaklaria.info/080_PE/פרח   פרוח.html]
[www.aspaklaria.info/080_PE/פרט.html]
[www.aspaklaria.info/080_PE/פרידה.html]
[www.aspaklaria.info/080_PE/פריה ורביה.html]
[www.aspaklaria.info/080_PE/פריקה וטעינה.html]
[www.aspaklaria.info/080_PE/פרישה   פרישות.html]
[www.aspaklaria.info/080_PE/פרך.html]
[www.aspaklaria.info/080_PE/פרנס.html]
[www.aspaklaria.info/080_PE/פרס   שכר.html]
[www.aspaklaria.info/080_PE/פרס   אומות העולם.html]
[www.aspaklaria.info/080_PE/פרע   פרע.html]
[www.aspaklaria.info/080_PE/פרעה.html]
[www.aspaklaria.info/080_PE/פרעה   חזוק לבו.html]
[www.aspaklaria.info/080_PE/פרעה   חלום.html]
[www.aspaklaria.info/080_PE/פרעה   ויוסף.html]
[www.aspaklaria.info/080_PE/פרנסה.html]
[www.aspaklaria.info/080_PE/פרעה   וישראל.html]
[www.aspaklaria.info/080_PE/פרעה   ושרה.html]
[www.aspaklaria.info/080_PE/פרעה נכה.html]
[www.aspaklaria.info/080_PE/פרעון.html]
[www.aspaklaria.info/080_PE/פרץ  פרצה  פריצות.html]
[www.aspaklaria.info/080_PE/פרץ.html]
[www.aspaklaria.info/080_PE/פרק.html]
[www.aspaklaria.info/080_PE/פרש כנף.html]
[www.aspaklaria.info/080_PE/פרשה.html]
[www.aspaklaria.info/080_PE/פרת.html]
[www.aspaklaria.info/080_PE/פשה.html]
[www.aspaklaria.info/080_PE/פשחור.html]
[www.aspaklaria.info/080_PE/פשט.html]
[www.aspaklaria.info/080_PE/פשטות   פשיטות.html]
[www.aspaklaria.info/080_PE/פשע.html]
[www.aspaklaria.info/080_PE/פשרה.html]
[www.aspaklaria.info/080_PE/פשתים   פשתן.html]
[www.aspaklaria.info/080_PE/פת.html]
[www.aspaklaria.info/080_PE/פתאום   פתע.html]
[www.aspaklaria.info/080_PE/פתה.html]
[www.aspaklaria.info/080_PE/פתואל.html]
[www.aspaklaria.info/080_PE/פתור.html]
[www.aspaklaria.info/080_PE/פתח.html]
[www.aspaklaria.info/080_PE/פתח   דלת.html]
[www.aspaklaria.info/080_PE/פתח עינים.html]
[www.aspaklaria.info/080_PE/פתחון פה.html]
[www.aspaklaria.info/080_PE/פתחיה.html]
[www.aspaklaria.info/080_PE/פתי.html]
[www.aspaklaria.info/080_PE/פתיל.html]
[www.aspaklaria.info/080_PE/פתלתול.html]
[www.aspaklaria.info/080_PE/PE.html]
[www.aspaklaria.info/080_PE/פתע.html]
[www.aspaklaria.info/090_TSADI/צ.html]
[www.aspaklaria.info/090_TSADI/צאן.html]
[www.aspaklaria.info/090_TSADI/צאלים.html]
[www.aspaklaria.info/090_TSADI/צב.html]
[www.aspaklaria.info/090_TSADI/צבא.html]
[www.aspaklaria.info/090_TSADI/צבא מרום.html]
[www.aspaklaria.info/090_TSADI/צבור.html]
[www.aspaklaria.info/090_TSADI/צבור   ויחיד.html]
[www.aspaklaria.info/090_TSADI/צבור   צרכי.html]
[www.aspaklaria.info/090_TSADI/צבוע   רשע.html]
[www.aspaklaria.info/090_TSADI/צבוע.html]
[www.aspaklaria.info/090_TSADI/צבי.html]
[www.aspaklaria.info/090_TSADI/צבע.html]
[www.aspaklaria.info/090_TSADI/צבר.html]
[www.aspaklaria.info/090_TSADI/צד.html]
[www.aspaklaria.info/090_TSADI/צדה.html]
[www.aspaklaria.info/090_TSADI/צדה   מזון.html]
[www.aspaklaria.info/090_TSADI/צדוק.html]
[www.aspaklaria.info/090_TSADI/צדוק הדין.html]
[www.aspaklaria.info/090_TSADI/צדוקי.html]
[www.aspaklaria.info/090_TSADI/צדיק   מיתה.html]
[www.aspaklaria.info/090_TSADI/צדיק   ורע לו.html]
[www.aspaklaria.info/090_TSADI/צדק.html]
[www.aspaklaria.info/090_TSADI/צדקיה.html]
[www.aspaklaria.info/090_TSADI/צדקיה בן כנענה.html]
[www.aspaklaria.info/090_TSADI/צהר.html]
[www.aspaklaria.info/090_TSADI/צהוב.html]
[www.aspaklaria.info/090_TSADI/צהלה.html]
[www.aspaklaria.info/090_TSADI/צדיק.html]
[www.aspaklaria.info/090_TSADI/צהרים.html]
[www.aspaklaria.info/090_TSADI/צו   צוה.html]
[www.aspaklaria.info/090_TSADI/צואה   בית הכסא.html]
[www.aspaklaria.info/090_TSADI/צואה   ירושה.html]
[www.aspaklaria.info/090_TSADI/צואר.html]
[www.aspaklaria.info/090_TSADI/צובאות.html]
[www.aspaklaria.info/090_TSADI/צדקה.html]
[www.aspaklaria.info/090_TSADI/צום.html]
[www.aspaklaria.info/090_TSADI/צוער.html]
[www.aspaklaria.info/090_TSADI/צוף.html]
[www.aspaklaria.info/090_TSADI/צופה.html]
[www.aspaklaria.info/090_TSADI/צופר.html]
[www.aspaklaria.info/090_TSADI/צור   אבן.html]
[www.aspaklaria.info/090_TSADI/צור   חירם.html]
[www.aspaklaria.info/090_TSADI/צורבא מרבנן.html]
[www.aspaklaria.info/090_TSADI/צורה.html]
[www.aspaklaria.info/090_TSADI/צח.html]
[www.aspaklaria.info/090_TSADI/צחיח.html]
[www.aspaklaria.info/090_TSADI/צחוק.html]
[www.aspaklaria.info/090_TSADI/צי.html]
[www.aspaklaria.info/090_TSADI/ציד.html]
[www.aspaklaria.info/090_TSADI/צידה.html]
[www.aspaklaria.info/090_TSADI/צידון.html]
[www.aspaklaria.info/090_TSADI/ציה.html]
[www.aspaklaria.info/090_TSADI/ציים.html]
[www.aspaklaria.info/090_TSADI/ציון.html]
[www.aspaklaria.info/090_TSADI/ציונות.html]
[www.aspaklaria.info/090_TSADI/ציץ.html]
[www.aspaklaria.info/090_TSADI/ציצית הכסת.html]
[www.aspaklaria.info/090_TSADI/ציר   דגים.html]
[www.aspaklaria.info/090_TSADI/ציר   מלאך.html]
[www.aspaklaria.info/090_TSADI/צירים.html]
[www.aspaklaria.info/090_TSADI/צל.html]
[www.aspaklaria.info/090_TSADI/צלה.html]
[www.aspaklaria.info/090_TSADI/ציצית.html]
[www.aspaklaria.info/090_TSADI/צלח.html]
[www.aspaklaria.info/090_TSADI/צלחת.html]
[www.aspaklaria.info/090_TSADI/צלי   צליה.html]
[www.aspaklaria.info/090_TSADI/צליבה.html]
[www.aspaklaria.info/090_TSADI/צליה.html]
[www.aspaklaria.info/090_TSADI/צללפונית.html]
[www.aspaklaria.info/090_TSADI/צלם.html]
[www.aspaklaria.info/090_TSADI/צלמות.html]
[www.aspaklaria.info/090_TSADI/צלע.html]
[www.aspaklaria.info/090_TSADI/צלפחד.html]
[www.aspaklaria.info/090_TSADI/צלפחד   בנות.html]
[www.aspaklaria.info/090_TSADI/צלצל.html]
[www.aspaklaria.info/090_TSADI/צלצל   למד קמוצה.html]
[www.aspaklaria.info/090_TSADI/צלצל כנפים.html]
[www.aspaklaria.info/090_TSADI/צמח.html]
[www.aspaklaria.info/090_TSADI/צמים.html]
[www.aspaklaria.info/090_TSADI/צמיתות.html]
[www.aspaklaria.info/090_TSADI/צמצום.html]
[www.aspaklaria.info/090_TSADI/צמר.html]
[www.aspaklaria.info/090_TSADI/צנה.html]
[www.aspaklaria.info/090_TSADI/צנום.html]
[www.aspaklaria.info/090_TSADI/צנף.html]
[www.aspaklaria.info/090_TSADI/צניעות.html]
[www.aspaklaria.info/090_TSADI/צנים.html]
[www.aspaklaria.info/090_TSADI/צנצנת.html]
[www.aspaklaria.info/090_TSADI/צעה.html]
[www.aspaklaria.info/090_TSADI/צעיר.html]
[www.aspaklaria.info/090_TSADI/צעק   צעקה.html]
[www.aspaklaria.info/090_TSADI/צער.html]
[www.aspaklaria.info/090_TSADI/צער בעלי חיים.html]
[www.aspaklaria.info/090_TSADI/צפה.html]
[www.aspaklaria.info/090_TSADI/צפון.html]
[www.aspaklaria.info/090_TSADI/צפוני.html]
[www.aspaklaria.info/090_TSADI/צפור.html]
[www.aspaklaria.info/090_TSADI/צפורה.html]
[www.aspaklaria.info/090_TSADI/צפורן.html]
[www.aspaklaria.info/090_TSADI/צפיחית.html]
[www.aspaklaria.info/090_TSADI/צפיעות.html]
[www.aspaklaria.info/090_TSADI/צפירה.html]
[www.aspaklaria.info/090_TSADI/צפניה.html]
[www.aspaklaria.info/090_TSADI/צפנית   צפנת בת פניאל.html]
[www.aspaklaria.info/090_TSADI/צפנת פענח.html]
[www.aspaklaria.info/090_TSADI/צפרדע.html]
[www.aspaklaria.info/090_TSADI/צר.html]
[www.aspaklaria.info/090_TSADI/צרה.html]
[www.aspaklaria.info/090_TSADI/צרוף.html]
[www.aspaklaria.info/090_TSADI/צרור החיים.html]
[www.aspaklaria.info/090_TSADI/צרי.html]
[www.aspaklaria.info/090_TSADI/צרכי צבור.html]
[www.aspaklaria.info/090_TSADI/צרעה.html]
[www.aspaklaria.info/090_TSADI/צרעת   בגדים.html]
[www.aspaklaria.info/090_TSADI/צרעת   בתים.html]
[www.aspaklaria.info/090_TSADI/צרף   צרוף.html]
[www.aspaklaria.info/090_TSADI/צרעת.html]
[www.aspaklaria.info/090_TSADI/צרפית.html]
[www.aspaklaria.info/090_TSADI/TSADI.html]
[www.aspaklaria.info/090_TSADI/צרפת.html]
[www.aspaklaria.info/100_QOF/QOF.html]
[www.aspaklaria.info/200_RESH/RESH.html]
[www.aspaklaria.info/300_SHIN/SHIN.html]
[www.aspaklaria.info/400_TAV/TAV.html]
[www.aspaklaria.info/001_ALEF/א.html]
[www.aspaklaria.info/001_ALEF/אב.html]
[www.aspaklaria.info/001_ALEF/אב   ובת.html]
[www.aspaklaria.info/001_ALEF/אב חודש.html]
[www.aspaklaria.info/001_ALEF/אבא אומנא.html]
[www.aspaklaria.info/001_ALEF/אבא סוראה.html]
[www.aspaklaria.info/001_ALEF/אבדה.html]
[www.aspaklaria.info/001_ALEF/אבדון.html]
[www.aspaklaria.info/001_ALEF/אבה חשק.html]
[www.aspaklaria.info/001_ALEF/אבה אניות.html]
[www.aspaklaria.info/001_ALEF/אבוד עצמו לדעת.html]
[www.aspaklaria.info/001_ALEF/אבות.html]
[www.aspaklaria.info/001_ALEF/אבות   אלוקי.html]
[www.aspaklaria.info/001_ALEF/אבות   ברית והבטחה.html]
[www.aspaklaria.info/001_ALEF/אבות   ברכה והשגחה.html]
[www.aspaklaria.info/001_ALEF/אבות   זכות.html]
[www.aspaklaria.info/001_ALEF/אבות   מעשה אבות סימן לבנים.html]
[www.aspaklaria.info/001_ALEF/אבות   נבואה.html]
[www.aspaklaria.info/001_ALEF/אבות   רכוש.html]
[www.aspaklaria.info/001_ALEF/אבות   תורה.html]
[www.aspaklaria.info/001_ALEF/אבות   תפלה.html]
[www.aspaklaria.info/001_ALEF/אביב.html]
[www.aspaklaria.info/001_ALEF/אביאל.html]
[www.aspaklaria.info/001_ALEF/אביגיל.html]
[www.aspaklaria.info/001_ALEF/אביה מלך יהודה.html]
[www.aspaklaria.info/001_ALEF/אביה.html]
[www.aspaklaria.info/001_ALEF/אביון   דל.html]
[www.aspaklaria.info/001_ALEF/אביונה.html]
[www.aspaklaria.info/001_ALEF/אבימלך.html]
[www.aspaklaria.info/001_ALEF/אבימלך   ואברהם.html]
[www.aspaklaria.info/001_ALEF/אבימלך   ויצחק.html]
[www.aspaklaria.info/001_ALEF/אבימלך   ושרה.html]
[www.aspaklaria.info/001_ALEF/אבימלך   בן ירובעל.html]
[www.aspaklaria.info/001_ALEF/אביר.html]
[www.aspaklaria.info/001_ALEF/אביר יעקב.html]
[www.aspaklaria.info/001_ALEF/אבישג.html]
[www.aspaklaria.info/001_ALEF/אבישי.html]
[www.aspaklaria.info/001_ALEF/אביתר.html]
[www.aspaklaria.info/001_ALEF/אבל.html]
[www.aspaklaria.info/001_ALEF/אבלות.html]
[www.aspaklaria.info/001_ALEF/אבן.html]
[www.aspaklaria.info/001_ALEF/אבן אקדח.html]
[www.aspaklaria.info/001_ALEF/אבן בוחן.html]
[www.aspaklaria.info/001_ALEF/אבן זוחלת.html]
[www.aspaklaria.info/001_ALEF/אבן שתיה.html]
[www.aspaklaria.info/001_ALEF/אבן עזרא.html]
[www.aspaklaria.info/001_ALEF/אבנים.html]
[www.aspaklaria.info/001_ALEF/אבנר.html]
[www.aspaklaria.info/001_ALEF/אבצן.html]
[www.aspaklaria.info/001_ALEF/אבר.html]
[www.aspaklaria.info/001_ALEF/אבר מן החי.html]
[www.aspaklaria.info/001_ALEF/אברבנאל.html]
[www.aspaklaria.info/001_ALEF/אברה.html]
[www.aspaklaria.info/001_ALEF/אברהם.html]
[www.aspaklaria.info/001_ALEF/אברהם   ואבימלך.html]
[www.aspaklaria.info/001_ALEF/אברהם   באור כשדים ויציאתו משם.html]
[www.aspaklaria.info/001_ALEF/אברהם   אמונה.html]
[www.aspaklaria.info/001_ALEF/אברהם   אלקי.html]
[www.aspaklaria.info/001_ALEF/אברהם   ובני חת.html]
[www.aspaklaria.info/001_ALEF/אברהם   בניו.html]
[www.aspaklaria.info/001_ALEF/אברהם   ברית.html]
[www.aspaklaria.info/001_ALEF/אברהם   ברכה והבטחה.html]
[www.aspaklaria.info/001_ALEF/אברהם   והגר.html]
[www.aspaklaria.info/001_ALEF/אברהם   זכות ואמונה.html]
[www.aspaklaria.info/001_ALEF/אברהם   ויצחק.html]
[www.aspaklaria.info/001_ALEF/אברהם   וישמעאל.html]
[www.aspaklaria.info/001_ALEF/אברהם   ולוט.html]
[www.aspaklaria.info/001_ALEF/אברהם   והמלאכים.html]
[www.aspaklaria.info/001_ALEF/אברהם   והמלכים.html]
[www.aspaklaria.info/001_ALEF/אברהם   במצרים.html]
[www.aspaklaria.info/001_ALEF/אברהם   נבואה.html]
[www.aspaklaria.info/001_ALEF/אברהם   נסיון.html]
[www.aspaklaria.info/001_ALEF/אברהם   וסביבתו.html]
[www.aspaklaria.info/001_ALEF/אברהם   וסדום.html]
[www.aspaklaria.info/001_ALEF/אברהם   רכוש.html]
[www.aspaklaria.info/001_ALEF/אברהם   ושרה.html]
[www.aspaklaria.info/001_ALEF/אברהם   תורה ומצוות.html]
[www.aspaklaria.info/001_ALEF/אברהם   תפלה.html]
[www.aspaklaria.info/001_ALEF/אברך.html]
[www.aspaklaria.info/001_ALEF/אבשלום.html]
[www.aspaklaria.info/001_ALEF/אגג.html]
[www.aspaklaria.info/001_ALEF/אגדה.html]
[www.aspaklaria.info/001_ALEF/אגודה.html]
[www.aspaklaria.info/001_ALEF/אגוז.html]
[www.aspaklaria.info/001_ALEF/אגור.html]
[www.aspaklaria.info/001_ALEF/אגם.html]
[www.aspaklaria.info/001_ALEF/אגמון.html]
[www.aspaklaria.info/001_ALEF/אגמי נפש.html]
[www.aspaklaria.info/001_ALEF/אגן.html]
[www.aspaklaria.info/001_ALEF/אגף.html]
[www.aspaklaria.info/001_ALEF/אגרוף.html]
[www.aspaklaria.info/001_ALEF/אגריפס.html]
[www.aspaklaria.info/001_ALEF/אדום.html]
[www.aspaklaria.info/001_ALEF/אדום   צבע.html]
[www.aspaklaria.info/001_ALEF/אדון.html]
[www.aspaklaria.info/001_ALEF/אדוניה.html]
[www.aspaklaria.info/001_ALEF/אדיר.html]
[www.aspaklaria.info/001_ALEF/אדם.html]
[www.aspaklaria.info/001_ALEF/אדם בחירה.html]
[www.aspaklaria.info/001_ALEF/אדם   וביתו.html]
[www.aspaklaria.info/001_ALEF/אדם   ובעלי חיים.html]
[www.aspaklaria.info/001_ALEF/אדם   בריאה.html]
[www.aspaklaria.info/001_ALEF/אדם   וחברו.html]
[www.aspaklaria.info/001_ALEF/אדם   חייו.html]
[www.aspaklaria.info/001_ALEF/אדם טבע   ומדות.html]
[www.aspaklaria.info/001_ALEF/אדם   ידיעה.html]
[www.aspaklaria.info/001_ALEF/אדם מדות.html]
[www.aspaklaria.info/001_ALEF/אדם   ומלאך.html]
[www.aspaklaria.info/001_ALEF/אדם   מעשה.html]
[www.aspaklaria.info/001_ALEF/אדם   ומציאות.html]
[www.aspaklaria.info/001_ALEF/אדם   נשמה.html]
[www.aspaklaria.info/001_ALEF/אדם   פרנסה.html]
[www.aspaklaria.info/001_ALEF/אדם   צלם אלקים.html]
[www.aspaklaria.info/001_ALEF/אדם   שם.html]
[www.aspaklaria.info/001_ALEF/אדם   תפקיד ושלמות.html]
[www.aspaklaria.info/001_ALEF/אדם הראשון.html]
[www.aspaklaria.info/001_ALEF/אדם הראשון   אחר החטא.html]
[www.aspaklaria.info/001_ALEF/אדם הראשון   אכילה.html]
[www.aspaklaria.info/001_ALEF/אדם הראשון   וחוה.html]
[www.aspaklaria.info/001_ALEF/אדם הראשון   חטא ועונש.html]
[www.aspaklaria.info/001_ALEF/אדם הראשון   כתנות עור.html]
[www.aspaklaria.info/001_ALEF/אדם הראשון   קודם ואחר החטא.html]
[www.aspaklaria.info/001_ALEF/אדם הראשון   קריאת שמות.html]
[www.aspaklaria.info/001_ALEF/אדמה.html]
[www.aspaklaria.info/001_ALEF/אדמה   חטא וקללה.html]
[www.aspaklaria.info/001_ALEF/אדר.html]
[www.aspaklaria.info/001_ALEF/אדרינוס.html]
[www.aspaklaria.info/001_ALEF/אהבה.html]
[www.aspaklaria.info/001_ALEF/אהה.html]
[www.aspaklaria.info/001_ALEF/אהוד.html]
[www.aspaklaria.info/001_ALEF/אהליאב.html]
[www.aspaklaria.info/001_ALEF/אהרן.html]
[www.aspaklaria.info/001_ALEF/אהרן   ובניו.html]
[www.aspaklaria.info/001_ALEF/אהרן   חטא.html]
[www.aspaklaria.info/001_ALEF/אהרן   מטה.html]
[www.aspaklaria.info/001_ALEF/אהרן   מיתה.html]
[www.aspaklaria.info/001_ALEF/אהרן   ומשה.html]
[www.aspaklaria.info/001_ALEF/או.html]
[www.aspaklaria.info/001_ALEF/אוב.html]
[www.aspaklaria.info/001_ALEF/אובל.html]
[www.aspaklaria.info/001_ALEF/אוד.html]
[www.aspaklaria.info/001_ALEF/אודות.html]
[www.aspaklaria.info/001_ALEF/אוה.html]
[www.aspaklaria.info/001_ALEF/אוהל.html]
[www.aspaklaria.info/001_ALEF/אוהל מועד.html]
[www.aspaklaria.info/001_ALEF/אוז.html]
[www.aspaklaria.info/001_ALEF/אוזן.html]
[www.aspaklaria.info/001_ALEF/אוח.html]
[www.aspaklaria.info/001_ALEF/אוי.html]
[www.aspaklaria.info/001_ALEF/אויב.html]
[www.aspaklaria.info/001_ALEF/אויל.html]
[www.aspaklaria.info/001_ALEF/אויל מרודך.html]
[www.aspaklaria.info/001_ALEF/אויר.html]
[www.aspaklaria.info/001_ALEF/אוכל.html]
[www.aspaklaria.info/001_ALEF/אולי.html]
[www.aspaklaria.info/001_ALEF/אולם.html]
[www.aspaklaria.info/001_ALEF/אולת.html]
[www.aspaklaria.info/001_ALEF/אומה.html]
[www.aspaklaria.info/001_ALEF/אומות העולם.html]
[www.aspaklaria.info/001_ALEF/אומות העולם   ד מלכויות.html]
[www.aspaklaria.info/001_ALEF/אומות העולם   וישראל.html]
[www.aspaklaria.info/001_ALEF/אומות העולם   לעתיד לבא.html]
[www.aspaklaria.info/001_ALEF/אומות העולם   מלך צפון ומלך נגב.html]
[www.aspaklaria.info/001_ALEF/אומות העולם   נבואה.html]
[www.aspaklaria.info/001_ALEF/אומות העולם   תורה.html]
[www.aspaklaria.info/001_ALEF/אומלל.html]
[www.aspaklaria.info/001_ALEF/אומן.html]
[www.aspaklaria.info/001_ALEF/אומנות.html]
[www.aspaklaria.info/001_ALEF/אומנם.html]
[www.aspaklaria.info/001_ALEF/אומץ.html]
[www.aspaklaria.info/001_ALEF/און.html]
[www.aspaklaria.info/001_ALEF/און   כח.html]
[www.aspaklaria.info/001_ALEF/און בן פלת.html]
[www.aspaklaria.info/001_ALEF/אונאה   מסחר.html]
[www.aspaklaria.info/001_ALEF/אונאה.html]
[www.aspaklaria.info/001_ALEF/אונן.html]
[www.aspaklaria.info/001_ALEF/אונן   אבלות.html]
[www.aspaklaria.info/001_ALEF/אונס.html]
[www.aspaklaria.info/001_ALEF/אונקלוס.html]
[www.aspaklaria.info/001_ALEF/אופז.html]
[www.aspaklaria.info/001_ALEF/אופי.html]
[www.aspaklaria.info/001_ALEF/אופל.html]
[www.aspaklaria.info/001_ALEF/אופנים.html]
[www.aspaklaria.info/001_ALEF/אוץ.html]
[www.aspaklaria.info/001_ALEF/אוצר.html]
[www.aspaklaria.info/001_ALEF/אוקינוס.html]
[www.aspaklaria.info/001_ALEF/אור.html]
[www.aspaklaria.info/001_ALEF/אור הראשון.html]
[www.aspaklaria.info/001_ALEF/אור ישראל.html]
[www.aspaklaria.info/001_ALEF/אור כשדים.html]
[www.aspaklaria.info/001_ALEF/אור פנים.html]
[www.aspaklaria.info/001_ALEF/אורות.html]
[www.aspaklaria.info/001_ALEF/אורז.html]
[www.aspaklaria.info/001_ALEF/אורח.html]
[www.aspaklaria.info/001_ALEF/אורח   דרך.html]
[www.aspaklaria.info/001_ALEF/אוריה החתי.html]
[www.aspaklaria.info/001_ALEF/אוריה.html]
[www.aspaklaria.info/001_ALEF/אורים ותומים.html]
[www.aspaklaria.info/001_ALEF/אושר.html]
[www.aspaklaria.info/001_ALEF/אות   מופת.html]
[www.aspaklaria.info/001_ALEF/אות   אותיות.html]
[www.aspaklaria.info/001_ALEF/אותה.html]
[www.aspaklaria.info/001_ALEF/אותו.html]
[www.aspaklaria.info/001_ALEF/אותו האיש.html]
[www.aspaklaria.info/001_ALEF/אותו ואת בנו.html]
[www.aspaklaria.info/001_ALEF/אז.html]
[www.aspaklaria.info/001_ALEF/אזהרה.html]
[www.aspaklaria.info/001_ALEF/אזוב.html]
[www.aspaklaria.info/001_ALEF/אזן.html]
[www.aspaklaria.info/001_ALEF/אזרח.html]
[www.aspaklaria.info/001_ALEF/אח   אחות.html]
[www.aspaklaria.info/001_ALEF/אח.html]
[www.aspaklaria.info/001_ALEF/אחאב.html]
[www.aspaklaria.info/001_ALEF/אחד.html]
[www.aspaklaria.info/001_ALEF/אחדות.html]
[www.aspaklaria.info/001_ALEF/אחדים.html]
[www.aspaklaria.info/001_ALEF/אחו.html]
[www.aspaklaria.info/001_ALEF/אחוזה.html]
[www.aspaklaria.info/001_ALEF/אחוזת.html]
[www.aspaklaria.info/001_ALEF/אחז.html]
[www.aspaklaria.info/001_ALEF/אחזיה.html]
[www.aspaklaria.info/001_ALEF/אחיה השילוני.html]
[www.aspaklaria.info/001_ALEF/אחיזת עינים.html]
[www.aspaklaria.info/001_ALEF/אחימלך.html]
[www.aspaklaria.info/001_ALEF/אחימעץ.html]
[www.aspaklaria.info/001_ALEF/אחימן.html]
[www.aspaklaria.info/001_ALEF/אחיתופל.html]
[www.aspaklaria.info/001_ALEF/אחר   סמוך.html]
[www.aspaklaria.info/001_ALEF/אחר.html]
[www.aspaklaria.info/001_ALEF/אחר כן.html]
[www.aspaklaria.info/001_ALEF/אחר   אלישע בן אבויה.html]
[www.aspaklaria.info/001_ALEF/אחר   בשש.html]
[www.aspaklaria.info/001_ALEF/אחרון.html]
[www.aspaklaria.info/001_ALEF/אחרי.html]
[www.aspaklaria.info/001_ALEF/אחרית.html]
[www.aspaklaria.info/001_ALEF/אחרית הימים.html]
[www.aspaklaria.info/001_ALEF/אחשורוש.html]
[www.aspaklaria.info/001_ALEF/אחשורוש   ואסתר.html]
[www.aspaklaria.info/001_ALEF/אחשורוש   והמן.html]
[www.aspaklaria.info/001_ALEF/אחשורוש   וושתי.html]
[www.aspaklaria.info/001_ALEF/אחשורוש   משתה.html]
[www.aspaklaria.info/001_ALEF/אחשתרנים.html]
[www.aspaklaria.info/001_ALEF/אטליה.html]
[www.aspaklaria.info/001_ALEF/אי.html]
[www.aspaklaria.info/001_ALEF/אי   שבים.html]
[www.aspaklaria.info/001_ALEF/אי   איפה.html]
[www.aspaklaria.info/001_ALEF/אי מזה.html]
[www.aspaklaria.info/001_ALEF/איבה.html]
[www.aspaklaria.info/001_ALEF/איוב.html]
[www.aspaklaria.info/001_ALEF/איוב   וחבריו.html]
[www.aspaklaria.info/001_ALEF/איזבל.html]
[www.aspaklaria.info/001_ALEF/אייר.html]
[www.aspaklaria.info/001_ALEF/איכה.html]
[www.aspaklaria.info/001_ALEF/איל   כח.html]
[www.aspaklaria.info/001_ALEF/איל   מישר.html]
[www.aspaklaria.info/001_ALEF/איל   אילה.html]
[www.aspaklaria.info/001_ALEF/איל.html]
[www.aspaklaria.info/001_ALEF/אילה.html]
[www.aspaklaria.info/001_ALEF/אילן.html]
[www.aspaklaria.info/001_ALEF/אילת השחר.html]
[www.aspaklaria.info/001_ALEF/אימא שלום.html]
[www.aspaklaria.info/001_ALEF/אימה.html]
[www.aspaklaria.info/001_ALEF/אימים.html]
[www.aspaklaria.info/001_ALEF/אין.html]
[www.aspaklaria.info/001_ALEF/איפה   שיעור.html]
[www.aspaklaria.info/001_ALEF/איפה   איה.html]
[www.aspaklaria.info/001_ALEF/איפוא.html]
[www.aspaklaria.info/001_ALEF/איפרא הורמיז.html]
[www.aspaklaria.info/001_ALEF/אירוסין.html]
[www.aspaklaria.info/001_ALEF/איש.html]
[www.aspaklaria.info/001_ALEF/איש   ואשה.html]
[www.aspaklaria.info/001_ALEF/איש האדמה.html]
[www.aspaklaria.info/001_ALEF/איש האלקים.html]
[www.aspaklaria.info/001_ALEF/איש בושת.html]
[www.aspaklaria.info/001_ALEF/איש חיל.html]
[www.aspaklaria.info/001_ALEF/אישון.html]
[www.aspaklaria.info/001_ALEF/אישים.html]
[www.aspaklaria.info/001_ALEF/איתיאל.html]
[www.aspaklaria.info/001_ALEF/איתם   מדבר.html]
[www.aspaklaria.info/001_ALEF/איתם   תמים.html]
[www.aspaklaria.info/001_ALEF/איתמר.html]
[www.aspaklaria.info/001_ALEF/איתן.html]
[www.aspaklaria.info/001_ALEF/אך.html]
[www.aspaklaria.info/001_ALEF/אכזריות.html]
[www.aspaklaria.info/001_ALEF/אכילה.html]
[www.aspaklaria.info/001_ALEF/אכן.html]
[www.aspaklaria.info/001_ALEF/אכסניא.html]
[www.aspaklaria.info/001_ALEF/אכיש.html]
[www.aspaklaria.info/001_ALEF/אכף.html]
[www.aspaklaria.info/001_ALEF/אל   לא.html]
[www.aspaklaria.info/001_ALEF/אל   מלאכים.html]
[www.aspaklaria.info/001_ALEF/אל   עם.html]
[www.aspaklaria.info/001_ALEF/אלגביש.html]
[www.aspaklaria.info/001_ALEF/אלדד ומידד.html]
[www.aspaklaria.info/001_ALEF/אלה.html]
[www.aspaklaria.info/001_ALEF/אלה   שבועה.html]
[www.aspaklaria.info/001_ALEF/אלקים.html]
[www.aspaklaria.info/001_ALEF/אלקים   אבות.html]
[www.aspaklaria.info/001_ALEF/אלקים   אדם.html]
[www.aspaklaria.info/001_ALEF/אלקים   ואומות העולם.html]
[www.aspaklaria.info/001_ALEF/אלקים   אמירה.html]
[www.aspaklaria.info/001_ALEF/אלקים   אמת.html]
[www.aspaklaria.info/001_ALEF/אלקים   ארך אפים.html]
[www.aspaklaria.info/001_ALEF/אלקים   גדולה.html]
[www.aspaklaria.info/001_ALEF/אלקים   דבור ואמירה.html]
[www.aspaklaria.info/001_ALEF/אלקים   דין.html]
[www.aspaklaria.info/001_ALEF/אלקים   הגשמה.html]
[www.aspaklaria.info/001_ALEF/אלקים   והעדר.html]
[www.aspaklaria.info/001_ALEF/אלקים   השגחה.html]
[www.aspaklaria.info/001_ALEF/אלקים   זכרון.html]
[www.aspaklaria.info/001_ALEF/אלקים   זמן ומקום.html]
[www.aspaklaria.info/001_ALEF/אלקים   חנון חסד.html]
[www.aspaklaria.info/001_ALEF/אלקים   חרון אף.html]
[www.aspaklaria.info/001_ALEF/אלקים   יד.html]
[www.aspaklaria.info/001_ALEF/אלקים   ידיעה.html]
[www.aspaklaria.info/001_ALEF/אלקים   יחוד.html]
[www.aspaklaria.info/001_ALEF/אלקים   יכולת.html]
[www.aspaklaria.info/001_ALEF/אלקים   ירד ישב עמד קום.html]
[www.aspaklaria.info/001_ALEF/אלקים   וישראל.html]
[www.aspaklaria.info/001_ALEF/אלקים   כבוד   מלכות   כסא.html]
[www.aspaklaria.info/001_ALEF/אלקים   מדות   יג מדות חסד חנון.html]
[www.aspaklaria.info/001_ALEF/אלקים   מדות   מדת הדין   מדת הרחמים.html]
[www.aspaklaria.info/001_ALEF/אלקים   מלכות.html]
[www.aspaklaria.info/001_ALEF/אלקים   מלחמה.html]
[www.aspaklaria.info/001_ALEF/אלקים   מעשה.html]
[www.aspaklaria.info/001_ALEF/אלקים   מציאותו.html]
[www.aspaklaria.info/001_ALEF/אלקים   ומציאות.html]
[www.aspaklaria.info/001_ALEF/אלקים   מקום.html]
[www.aspaklaria.info/001_ALEF/אלקים   נורא.html]
[www.aspaklaria.info/001_ALEF/אלקים   נושא עון.html]
[www.aspaklaria.info/001_ALEF/אלקים   ונקה.html]
[www.aspaklaria.info/001_ALEF/אלקים   נשמת רוח.html]
[www.aspaklaria.info/001_ALEF/אלקים   סליחה.html]
[www.aspaklaria.info/001_ALEF/אלקים   ספר.html]
[www.aspaklaria.info/001_ALEF/אלקים   פוקד עון אבות.html]
[www.aspaklaria.info/001_ALEF/אלקים   פנים אחור.html]
[www.aspaklaria.info/001_ALEF/אלקים   צבא.html]
[www.aspaklaria.info/001_ALEF/אלקים   קנא.html]
[www.aspaklaria.info/001_ALEF/אלקים   ראיה עיני.html]
[www.aspaklaria.info/001_ALEF/אלקים   רוח.html]
[www.aspaklaria.info/001_ALEF/אלקים   ורע.html]
[www.aspaklaria.info/001_ALEF/אלקים   רצון.html]
[www.aspaklaria.info/001_ALEF/אלקים   שבח.html]
[www.aspaklaria.info/001_ALEF/אלקים   שינוי.html]
[www.aspaklaria.info/001_ALEF/אלקים   שלמותו.html]
[www.aspaklaria.info/001_ALEF/אלקים   שם.html]
[www.aspaklaria.info/001_ALEF/אלקים   שמחה.html]
[www.aspaklaria.info/001_ALEF/אלקים   תאר.html]
[www.aspaklaria.info/001_ALEF/אלקים   תהלה.html]
[www.aspaklaria.info/001_ALEF/אלקים   תורה.html]
[www.aspaklaria.info/001_ALEF/אלו.html]
[www.aspaklaria.info/001_ALEF/אלול.html]
[www.aspaklaria.info/001_ALEF/אלון.html]
[www.aspaklaria.info/001_ALEF/אלוני.html]
[www.aspaklaria.info/001_ALEF/אלוף.html]
[www.aspaklaria.info/001_ALEF/אליאב.html]
[www.aspaklaria.info/001_ALEF/אליה.html]
[www.aspaklaria.info/001_ALEF/אליהו.html]
[www.aspaklaria.info/001_ALEF/אליהוא.html]
[www.aspaklaria.info/001_ALEF/אליו.html]
[www.aspaklaria.info/001_ALEF/אליל.html]
[www.aspaklaria.info/001_ALEF/אלים   שמות קדש.html]
[www.aspaklaria.info/001_ALEF/אלים   מדבר.html]
[www.aspaklaria.info/001_ALEF/אלימלך.html]
[www.aspaklaria.info/001_ALEF/אליעזר.html]
[www.aspaklaria.info/001_ALEF/אליפז.html]
[www.aspaklaria.info/001_ALEF/אליקים.html]
[www.aspaklaria.info/001_ALEF/אלישבע.html]
[www.aspaklaria.info/001_ALEF/אלישמע בן פיכאי.html]
[www.aspaklaria.info/001_ALEF/אלישע.html]
[www.aspaklaria.info/001_ALEF/אלישע בעל כנפים.html]
[www.aspaklaria.info/001_ALEF/אלישע בן אבויה.html]
[www.aspaklaria.info/001_ALEF/אלכימיה.html]
[www.aspaklaria.info/001_ALEF/אלכסנדר.html]
[www.aspaklaria.info/001_ALEF/אלכסנדריא.html]
[www.aspaklaria.info/001_ALEF/אלם.html]
[www.aspaklaria.info/001_ALEF/אלמוג.html]
[www.aspaklaria.info/001_ALEF/אלמוני.html]
[www.aspaklaria.info/001_ALEF/אלמן   אלמנה.html]
[www.aspaklaria.info/001_ALEF/אלעזר.html]
[www.aspaklaria.info/001_ALEF/אלף   אות.html]
[www.aspaklaria.info/001_ALEF/אלף   מספר.html]
[www.aspaklaria.info/001_ALEF/אלפי.html]
[www.aspaklaria.info/001_ALEF/אלקנה.html]
[www.aspaklaria.info/001_ALEF/אם   הורים.html]
[www.aspaklaria.info/001_ALEF/אם   אולי.html]
[www.aspaklaria.info/001_ALEF/אם ירצה ה.html]
[www.aspaklaria.info/001_ALEF/אמה   שפחה.html]
[www.aspaklaria.info/001_ALEF/אמה   שעור.html]
[www.aspaklaria.info/001_ALEF/אמהות.html]
[www.aspaklaria.info/001_ALEF/אמון.html]
[www.aspaklaria.info/001_ALEF/אמון נא.html]
[www.aspaklaria.info/001_ALEF/אמונה.html]
[www.aspaklaria.info/001_ALEF/אמוץ.html]
[www.aspaklaria.info/001_ALEF/אמורי.html]
[www.aspaklaria.info/001_ALEF/אמות.html]
[www.aspaklaria.info/001_ALEF/אמילם.html]
[www.aspaklaria.info/001_ALEF/אמיר.html]
[www.aspaklaria.info/001_ALEF/אמן.html]
[www.aspaklaria.info/001_ALEF/אמנה.html]
[www.aspaklaria.info/001_ALEF/אמנון.html]
[www.aspaklaria.info/001_ALEF/אמנות.html]
[www.aspaklaria.info/001_ALEF/אמנם.html]
[www.aspaklaria.info/001_ALEF/אמץ.html]
[www.aspaklaria.info/001_ALEF/אמציה.html]
[www.aspaklaria.info/001_ALEF/אמצע.html]
[www.aspaklaria.info/001_ALEF/אמר.html]
[www.aspaklaria.info/001_ALEF/אמרפל.html]
[www.aspaklaria.info/001_ALEF/אמת.html]
[www.aspaklaria.info/001_ALEF/אמתחת.html]
[www.aspaklaria.info/001_ALEF/אמתלאה.html]
[www.aspaklaria.info/001_ALEF/אנא.html]
[www.aspaklaria.info/001_ALEF/אנדרינוס.html]
[www.aspaklaria.info/001_ALEF/אנה.html]
[www.aspaklaria.info/001_ALEF/אנה   זימן.html]
[www.aspaklaria.info/001_ALEF/אנוכיות.html]
[www.aspaklaria.info/001_ALEF/אנוסים.html]
[www.aspaklaria.info/001_ALEF/אנש.html]
[www.aspaklaria.info/001_ALEF/אני ה.html]
[www.aspaklaria.info/001_ALEF/אניה.html]
[www.aspaklaria.info/001_ALEF/אנך.html]
[www.aspaklaria.info/001_ALEF/אנכי.html]
[www.aspaklaria.info/001_ALEF/אנף.html]
[www.aspaklaria.info/001_ALEF/אנשי כנסת הגדולה.html]
[www.aspaklaria.info/001_ALEF/אסא.html]
[www.aspaklaria.info/001_ALEF/אסון.html]
[www.aspaklaria.info/001_ALEF/אסטרונומיה.html]
[www.aspaklaria.info/001_ALEF/אסמכתא.html]
[www.aspaklaria.info/001_ALEF/אסנת.html]
[www.aspaklaria.info/001_ALEF/אסף   קבץ.html]
[www.aspaklaria.info/001_ALEF/אסף   תהלים.html]
[www.aspaklaria.info/001_ALEF/אספסוף.html]
[www.aspaklaria.info/001_ALEF/אספסינוס.html]
[www.aspaklaria.info/001_ALEF/אספקלריא.html]
[www.aspaklaria.info/001_ALEF/אסתר.html]
[www.aspaklaria.info/001_ALEF/אף   אפים.html]
[www.aspaklaria.info/001_ALEF/אף   חוטם.html]
[www.aspaklaria.info/001_ALEF/אף   גם.html]
[www.aspaklaria.info/001_ALEF/אף ברי.html]
[www.aspaklaria.info/001_ALEF/אפוד.html]
[www.aspaklaria.info/001_ALEF/אפודה.html]
[www.aspaklaria.info/001_ALEF/אפיה.html]
[www.aspaklaria.info/001_ALEF/אפים.html]
[www.aspaklaria.info/001_ALEF/אפיק.html]
[www.aspaklaria.info/001_ALEF/אפיקורוס.html]
[www.aspaklaria.info/001_ALEF/אפלה.html]
[www.aspaklaria.info/001_ALEF/אפס.html]
[www.aspaklaria.info/001_ALEF/אפסי ארץ.html]
[www.aspaklaria.info/001_ALEF/אפעה.html]
[www.aspaklaria.info/001_ALEF/אפף.html]
[www.aspaklaria.info/001_ALEF/אפקה.html]
[www.aspaklaria.info/001_ALEF/אפר.html]
[www.aspaklaria.info/001_ALEF/אפרים.html]
[www.aspaklaria.info/001_ALEF/אפריקי.html]
[www.aspaklaria.info/001_ALEF/אפרת.html]
[www.aspaklaria.info/001_ALEF/אפשר.html]
[www.aspaklaria.info/001_ALEF/אצבע.html]
[www.aspaklaria.info/001_ALEF/אצטגנינות.html]
[www.aspaklaria.info/001_ALEF/אצל   אצילות.html]
[www.aspaklaria.info/001_ALEF/אקלים.html]
[www.aspaklaria.info/001_ALEF/אראלם.html]
[www.aspaklaria.info/001_ALEF/ארבה.html]
[www.aspaklaria.info/001_ALEF/ארבע.html]
[www.aspaklaria.info/001_ALEF/ארבעה בנים.html]
[www.aspaklaria.info/001_ALEF/ארבעה חרשים.html]
[www.aspaklaria.info/001_ALEF/ארבעה יסודות.html]
[www.aspaklaria.info/001_ALEF/ארבע כוסות.html]
[www.aspaklaria.info/001_ALEF/ארבע לשונות של גאולה.html]
[www.aspaklaria.info/001_ALEF/ארבעה מינים.html]
[www.aspaklaria.info/001_ALEF/ארבע מלכויות.html]
[www.aspaklaria.info/001_ALEF/ארבעה נהרות.html]
[www.aspaklaria.info/001_ALEF/ארבע פרשיות.html]
[www.aspaklaria.info/001_ALEF/ארגוב.html]
[www.aspaklaria.info/001_ALEF/ארגמן.html]
[www.aspaklaria.info/001_ALEF/ארה.html]
[www.aspaklaria.info/001_ALEF/ארונה.html]
[www.aspaklaria.info/001_ALEF/ארון.html]
[www.aspaklaria.info/001_ALEF/ארוסין.html]
[www.aspaklaria.info/001_ALEF/ארז.html]
[www.aspaklaria.info/001_ALEF/אריאל.html]
[www.aspaklaria.info/001_ALEF/אריה.html]
[www.aspaklaria.info/001_ALEF/אריסטו.html]
[www.aspaklaria.info/001_ALEF/ארם.html]
[www.aspaklaria.info/001_ALEF/ארמילוס.html]
[www.aspaklaria.info/001_ALEF/ארנבת.html]
[www.aspaklaria.info/001_ALEF/ארנון.html]
[www.aspaklaria.info/001_ALEF/ארץ.html]
[www.aspaklaria.info/001_ALEF/ארץ החיים.html]
[www.aspaklaria.info/001_ALEF/ארץ נוד.html]
[www.aspaklaria.info/001_ALEF/ארץ ישראל.html]
[www.aspaklaria.info/001_ALEF/ארץ ישראל   גבול.html]
[www.aspaklaria.info/001_ALEF/ארץ ישראל   הבטחה זכות.html]
[www.aspaklaria.info/001_ALEF/ארץ ישראל   השגחה.html]
[www.aspaklaria.info/001_ALEF/ארץ ישראל   חורבן.html]
[www.aspaklaria.info/001_ALEF/ארץ ישראל   ירושה.html]
[www.aspaklaria.info/001_ALEF/ארץ ישראל   ישוב.html]
[www.aspaklaria.info/001_ALEF/ארץ ישראל   כבוש וחלוקה.html]
[www.aspaklaria.info/001_ALEF/ארץ ישראל   קדושה ברכה השגחה מעלה.html]
[www.aspaklaria.info/001_ALEF/ארץ עוץ.html]
[www.aspaklaria.info/001_ALEF/ארקא.html]
[www.aspaklaria.info/001_ALEF/ארר.html]
[www.aspaklaria.info/001_ALEF/אררט.html]
[www.aspaklaria.info/001_ALEF/ארשת.html]
[www.aspaklaria.info/001_ALEF/אש.html]
[www.aspaklaria.info/001_ALEF/אשד.html]
[www.aspaklaria.info/001_ALEF/אשה   קרבן.html]
[www.aspaklaria.info/001_ALEF/אשה.html]
[www.aspaklaria.info/001_ALEF/אשור.html]
[www.aspaklaria.info/001_ALEF/אשישה.html]
[www.aspaklaria.info/001_ALEF/אשישי.html]
[www.aspaklaria.info/001_ALEF/אשכל.html]
[www.aspaklaria.info/001_ALEF/אשכנז.html]
[www.aspaklaria.info/001_ALEF/אשל.html]
[www.aspaklaria.info/001_ALEF/אשם.html]
[www.aspaklaria.info/001_ALEF/אשמדאי.html]
[www.aspaklaria.info/001_ALEF/אשמורה.html]
[www.aspaklaria.info/001_ALEF/אשמנים.html]
[www.aspaklaria.info/001_ALEF/אשנב.html]
[www.aspaklaria.info/001_ALEF/אשף.html]
[www.aspaklaria.info/001_ALEF/אשקלון.html]
[www.aspaklaria.info/001_ALEF/אשר   בן יעקב.html]
[www.aspaklaria.info/001_ALEF/אשר   אם.html]
[www.aspaklaria.info/001_ALEF/אשר.html]
[www.aspaklaria.info/001_ALEF/אשרה.html]
[www.aspaklaria.info/001_ALEF/אשרי.html]
[www.aspaklaria.info/001_ALEF/אשת.html]
[www.aspaklaria.info/001_ALEF/את.html]
[www.aspaklaria.info/001_ALEF/אתה.html]
[www.aspaklaria.info/001_ALEF/אתונה.html]
[www.aspaklaria.info/001_ALEF/אתי הגתי.html]
[www.aspaklaria.info/001_ALEF/אתיק.html]
[www.aspaklaria.info/001_ALEF/אתנן.html]
[www.aspaklaria.info/001_ALEF/אתרוג.html]
[www.aspaklaria.info/002_BET/ב.html]
[www.aspaklaria.info/002_BET/בא.html]
[www.aspaklaria.info/002_BET/בא   בימים.html]
[www.aspaklaria.info/002_BET/באר   פרש.html]
[www.aspaklaria.info/002_BET/באר   בור.html]
[www.aspaklaria.info/002_BET/באר   לחי   רואי.html]
[www.aspaklaria.info/002_BET/באר   שבע.html]
[www.aspaklaria.info/002_BET/בארה.html]
[www.aspaklaria.info/002_BET/בארי.html]
[www.aspaklaria.info/002_BET/בבל.html]
[www.aspaklaria.info/002_BET/בבל   חורבן.html]
[www.aspaklaria.info/002_BET/בגד   מרד.html]
[www.aspaklaria.info/002_BET/בגד   לבוש.html]
[www.aspaklaria.info/002_BET/בגדי   כהונה.html]
[www.aspaklaria.info/002_BET/בגדי   כהונה   אבנט.html]
[www.aspaklaria.info/002_BET/בגדי   כהונה   אפוד.html]
[www.aspaklaria.info/002_BET/בגדי   כהונה   חושן.html]
[www.aspaklaria.info/002_BET/בגדי   כהונה   כפרה.html]
[www.aspaklaria.info/002_BET/בגדי   כהונה   כתונת.html]
[www.aspaklaria.info/002_BET/בגדי   כהונה   מגבעת   ומצנפת.html]
[www.aspaklaria.info/002_BET/בגדי   כהונה   מכנסים.html]
[www.aspaklaria.info/002_BET/בגדי   כהונה   מעיל.html]
[www.aspaklaria.info/002_BET/בגדי   כהונה   ציץ.html]
[www.aspaklaria.info/002_BET/בגדי   כהונה   בגדי   שרד.html]
[www.aspaklaria.info/002_BET/בגלל.html]
[www.aspaklaria.info/002_BET/בגתן   ותרש.html]
[www.aspaklaria.info/002_BET/בד.html]
[www.aspaklaria.info/002_BET/בד   בבד.html]
[www.aspaklaria.info/002_BET/בדד   בדידות.html]
[www.aspaklaria.info/002_BET/בדולח.html]
[www.aspaklaria.info/002_BET/בדיחות.html]
[www.aspaklaria.info/002_BET/בהו.html]
[www.aspaklaria.info/002_BET/בהלה.html]
[www.aspaklaria.info/002_BET/בהם.html]
[www.aspaklaria.info/002_BET/בהמה.html]
[www.aspaklaria.info/002_BET/בהמות.html]
[www.aspaklaria.info/002_BET/בהן.html]
[www.aspaklaria.info/002_BET/בול.html]
[www.aspaklaria.info/002_BET/בולס.html]
[www.aspaklaria.info/002_BET/בולקה.html]
[www.aspaklaria.info/002_BET/בועז.html]
[www.aspaklaria.info/002_BET/בוקה.html]
[www.aspaklaria.info/002_BET/בוקק.html]
[www.aspaklaria.info/002_BET/בור.html]
[www.aspaklaria.info/002_BET/בור   עם   הארץ.html]
[www.aspaklaria.info/002_BET/בושה   בושת.html]
[www.aspaklaria.info/002_BET/בזבז.html]
[www.aspaklaria.info/002_BET/בזה.html]
[www.aspaklaria.info/002_BET/בזוטוס.html]
[www.aspaklaria.info/002_BET/בזז.html]
[www.aspaklaria.info/002_BET/בחור.html]
[www.aspaklaria.info/002_BET/בחן.html]
[www.aspaklaria.info/002_BET/בחירה.html]
[www.aspaklaria.info/002_BET/בחר.html]
[www.aspaklaria.info/002_BET/בטא.html]
[www.aspaklaria.info/002_BET/בטול.html]
[www.aspaklaria.info/002_BET/בטחון.html]
[www.aspaklaria.info/002_BET/בטלה.html]
[www.aspaklaria.info/002_BET/בי.html]
[www.aspaklaria.info/002_BET/ביאה.html]
[www.aspaklaria.info/002_BET/ביאת   מקדש.html]
[www.aspaklaria.info/002_BET/בית.html]
[www.aspaklaria.info/002_BET/בית   אבטינס.html]
[www.aspaklaria.info/002_BET/בית   און.html]
[www.aspaklaria.info/002_BET/בית   א ל.html]
[www.aspaklaria.info/002_BET/בית   דין.html]
[www.aspaklaria.info/002_BET/בית   חוניו.html]
[www.aspaklaria.info/002_BET/בית   יעקב.html]
[www.aspaklaria.info/002_BET/בית   יער   הלבנון.html]
[www.aspaklaria.info/002_BET/בית   כנסת.html]
[www.aspaklaria.info/002_BET/בית   כסא.html]
[www.aspaklaria.info/002_BET/בית   המדרש.html]
[www.aspaklaria.info/002_BET/בית   המקדש.html]
[www.aspaklaria.info/002_BET/בית   המקדש   בנין.html]
[www.aspaklaria.info/002_BET/בית   המקדש   בית   שני.html]
[www.aspaklaria.info/002_BET/בית   המקדש   חורבן.html]
[www.aspaklaria.info/002_BET/בית   המקדש   חנכת.html]
[www.aspaklaria.info/002_BET/בית   המקדש   עבודה.html]
[www.aspaklaria.info/002_BET/בית   עיר   חומה.html]
[www.aspaklaria.info/002_BET/בית   ספר.html]
[www.aspaklaria.info/002_BET/בית   העם.html]
[www.aspaklaria.info/002_BET/בית   קברות.html]
[www.aspaklaria.info/002_BET/בית   שמאי   ובית   הלל.html]
[www.aspaklaria.info/002_BET/בית   שמש.html]
[www.aspaklaria.info/002_BET/ביתוסים.html]
[www.aspaklaria.info/002_BET/ביתן.html]
[www.aspaklaria.info/002_BET/ביתר.html]
[www.aspaklaria.info/002_BET/בכורים.html]
[www.aspaklaria.info/002_BET/בכיה.html]
[www.aspaklaria.info/002_BET/בל   עבודה   זרה.html]
[www.aspaklaria.info/002_BET/בל.html]
[www.aspaklaria.info/002_BET/בל   תוסיף.html]
[www.aspaklaria.info/002_BET/בל   תשחית.html]
[www.aspaklaria.info/002_BET/בלדד.html]
[www.aspaklaria.info/002_BET/בלהה.html]
[www.aspaklaria.info/002_BET/בלימה.html]
[www.aspaklaria.info/002_BET/בליעל.html]
[www.aspaklaria.info/002_BET/בלל.html]
[www.aspaklaria.info/002_BET/בלע.html]
[www.aspaklaria.info/002_BET/בלעדי.html]
[www.aspaklaria.info/002_BET/בלעם.html]
[www.aspaklaria.info/002_BET/בלעם   והאתון.html]
[www.aspaklaria.info/002_BET/בלעם   וישראל.html]
[www.aspaklaria.info/002_BET/בלעם   נבואה.html]
[www.aspaklaria.info/002_BET/בלק.html]
[www.aspaklaria.info/002_BET/בלשאצר.html]
[www.aspaklaria.info/002_BET/במה.html]
[www.aspaklaria.info/002_BET/בן.html]
[www.aspaklaria.info/002_BET/בן   אדם.html]
[www.aspaklaria.info/002_BET/בן   אמה.html]
[www.aspaklaria.info/002_BET/בן   אשר.html]
[www.aspaklaria.info/002_BET/בן   הדד.html]
[www.aspaklaria.info/002_BET/בן   זקונים.html]
[www.aspaklaria.info/002_BET/בן   נח.html]
[www.aspaklaria.info/002_BET/בן   נח   קרבן.html]
[www.aspaklaria.info/002_BET/בן   סורר   ומורה.html]
[www.aspaklaria.info/002_BET/בן   סטדא.html]
[www.aspaklaria.info/002_BET/בן   סירא.html]
[www.aspaklaria.info/002_BET/בן   עשרים.html]
[www.aspaklaria.info/002_BET/בן   ציצית   הכסת.html]
[www.aspaklaria.info/002_BET/בן   תמליון.html]
[www.aspaklaria.info/002_BET/בנה   בנין.html]
[www.aspaklaria.info/002_BET/בנות   צלפחד.html]
[www.aspaklaria.info/002_BET/בני   האלהים.html]
[www.aspaklaria.info/002_BET/בני   קדם.html]
[www.aspaklaria.info/002_BET/בני   רשף.html]
[www.aspaklaria.info/002_BET/בניהו.html]
[www.aspaklaria.info/002_BET/בנימין.html]
[www.aspaklaria.info/002_BET/בנימין   הצדיק.html]
[www.aspaklaria.info/002_BET/בעבור.html]
[www.aspaklaria.info/002_BET/בעד.html]
[www.aspaklaria.info/002_BET/בעוד.html]
[www.aspaklaria.info/002_BET/בעל.html]
[www.aspaklaria.info/002_BET/בעל   אוב.html]
[www.aspaklaria.info/002_BET/בעלי   חיים.html]
[www.aspaklaria.info/002_BET/בעל   מום.html]
[www.aspaklaria.info/002_BET/בעל   מלאכה.html]
[www.aspaklaria.info/002_BET/בעל   צפון.html]
[www.aspaklaria.info/002_BET/בעל   קרי.html]
[www.aspaklaria.info/002_BET/בעלי   משכונות.html]
[www.aspaklaria.info/002_BET/בעצם   היום.html]
[www.aspaklaria.info/002_BET/בער   כסיל.html]
[www.aspaklaria.info/002_BET/בער   שרף.html]
[www.aspaklaria.info/002_BET/בעשא.html]
[www.aspaklaria.info/002_BET/בצורת.html]
[www.aspaklaria.info/002_BET/בצלאל   ואהליאב.html]
[www.aspaklaria.info/002_BET/בצע.html]
[www.aspaklaria.info/002_BET/בצק.html]
[www.aspaklaria.info/002_BET/בצרה.html]
[www.aspaklaria.info/002_BET/בקור   חולים.html]
[www.aspaklaria.info/002_BET/בקיאות.html]
[www.aspaklaria.info/002_BET/בקעת   דורא.html]
[www.aspaklaria.info/002_BET/בקק.html]
[www.aspaklaria.info/002_BET/בקר   בעלי   חיים.html]
[www.aspaklaria.info/002_BET/בקר   שחר.html]
[www.aspaklaria.info/002_BET/בקר   יבקש.html]
[www.aspaklaria.info/002_BET/בקרב.html]
[www.aspaklaria.info/002_BET/בקש   בקשה.html]
[www.aspaklaria.info/002_BET/בר.html]
[www.aspaklaria.info/002_BET/בר   דרומא.html]
[www.aspaklaria.info/002_BET/בר   כוכבא.html]
[www.aspaklaria.info/002_BET/בר   מצוה.html]
[www.aspaklaria.info/002_BET/ברא.html]
[www.aspaklaria.info/002_BET/בראשית.html]
[www.aspaklaria.info/002_BET/ברוך.html]
[www.aspaklaria.info/002_BET/ברוך   בן   נריה.html]
[www.aspaklaria.info/002_BET/ברוך   שם   כבוד   מלכותו.html]
[www.aspaklaria.info/002_BET/ברוריה.html]
[www.aspaklaria.info/002_BET/ברזילי הגלעדי.html]
[www.aspaklaria.info/002_BET/ברזל.html]
[www.aspaklaria.info/002_BET/ברח.html]
[www.aspaklaria.info/002_BET/בריאה.html]
[www.aspaklaria.info/002_BET/בריאה   אדם.html]
[www.aspaklaria.info/002_BET/בריאה   אור   מאורות.html]
[www.aspaklaria.info/002_BET/בריאה   ארץ.html]
[www.aspaklaria.info/002_BET/בריאה   בין   השמשות.html]
[www.aspaklaria.info/002_BET/בריאה   בעלי   חיים.html]
[www.aspaklaria.info/002_BET/בריאה   יום   א.html]
[www.aspaklaria.info/002_BET/בריאה   יום   ב.html]
[www.aspaklaria.info/002_BET/בריאה   יום   ג.html]
[www.aspaklaria.info/002_BET/בריאה   כי   טוב.html]
[www.aspaklaria.info/002_BET/בריאה   מאורות.html]
[www.aspaklaria.info/002_BET/בריאה   מאמר.html]
[www.aspaklaria.info/002_BET/בריאה   מים.html]
[www.aspaklaria.info/002_BET/בריאה   מלאכים.html]
[www.aspaklaria.info/002_BET/בריאה   עץ   ועשב.html]
[www.aspaklaria.info/002_BET/בריאה   קודם   לעולם.html]
[www.aspaklaria.info/002_BET/בריאה   שבת.html]
[www.aspaklaria.info/002_BET/בריאה   שמים   וארץ   רקיע.html]
[www.aspaklaria.info/002_BET/בריאה   תכלית.html]
[www.aspaklaria.info/002_BET/בריאות.html]
[www.aspaklaria.info/002_BET/ברית.html]
[www.aspaklaria.info/002_BET/ברית   אבות.html]
[www.aspaklaria.info/002_BET/ברית   בין   הבתרים.html]
[www.aspaklaria.info/002_BET/ברית   ישראל.html]
[www.aspaklaria.info/002_BET/ברית   כהונה.html]
[www.aspaklaria.info/002_BET/ברית   לעתיד   לבא.html]
[www.aspaklaria.info/002_BET/ברית   נח.html]
[www.aspaklaria.info/002_BET/ברכה.html]
[www.aspaklaria.info/002_BET/ברכות.html]
[www.aspaklaria.info/002_BET/ברכת   הגומל.html]
[www.aspaklaria.info/002_BET/ברכות   חתנים.html]
[www.aspaklaria.info/002_BET/ברכת הלבנה.html]
[www.aspaklaria.info/002_BET/ברכת   המזון.html]
[www.aspaklaria.info/002_BET/ברכת   המצות.html]
[www.aspaklaria.info/002_BET/ברכות   הנהנין.html]
[www.aspaklaria.info/002_BET/ברכת   הפטרה.html]
[www.aspaklaria.info/002_BET/ברכת   התורה.html]
[www.aspaklaria.info/002_BET/ברכת   כהנים.html]
[www.aspaklaria.info/002_BET/בשש   בושה.html]
[www.aspaklaria.info/002_BET/בשש   עכוב.html]
[www.aspaklaria.info/002_BET/בת.html]
[www.aspaklaria.info/002_BET/בת   יענה.html]
[www.aspaklaria.info/002_BET/בת   קול.html]
[www.aspaklaria.info/002_BET/בת   שבע.html]
[www.aspaklaria.info/002_BET/בתואל.html]
[www.aspaklaria.info/002_BET/בתולה   בתולים.html]
[www.aspaklaria.info/002_BET/בתוך.html]
[www.aspaklaria.info/002_BET/בתיה.html]
[www.aspaklaria.info/003_GIMEL/ג.html]
[www.aspaklaria.info/003_GIMEL/גאוה.html]
[www.aspaklaria.info/003_GIMEL/גאולה.html]
[www.aspaklaria.info/003_GIMEL/גאולה   זמן.html]
[www.aspaklaria.info/003_GIMEL/גבאי.html]
[www.aspaklaria.info/003_GIMEL/גבול.html]
[www.aspaklaria.info/003_GIMEL/גביע.html]
[www.aspaklaria.info/003_GIMEL/גביעא בן פסיסא.html]
[www.aspaklaria.info/003_GIMEL/גבעה.html]
[www.aspaklaria.info/003_GIMEL/גבעונים.html]
[www.aspaklaria.info/003_GIMEL/גבר.html]
[www.aspaklaria.info/003_GIMEL/גבריאל.html]
[www.aspaklaria.info/003_GIMEL/גד   כזרע גד.html]
[www.aspaklaria.info/003_GIMEL/גד   מזל.html]
[www.aspaklaria.info/003_GIMEL/גד.html]
[www.aspaklaria.info/003_GIMEL/גד וראובן.html]
[www.aspaklaria.info/003_GIMEL/גד החוזה.html]
[www.aspaklaria.info/003_GIMEL/גדול   גדולה.html]
[www.aspaklaria.info/003_GIMEL/גדי.html]
[www.aspaklaria.info/003_GIMEL/גדיל.html]
[www.aspaklaria.info/003_GIMEL/גדליה.html]
[www.aspaklaria.info/003_GIMEL/גדעון.html]
[www.aspaklaria.info/003_GIMEL/גדרים.html]
[www.aspaklaria.info/003_GIMEL/גהה.html]
[www.aspaklaria.info/003_GIMEL/גואל.html]
[www.aspaklaria.info/003_GIMEL/גואל הדם.html]
[www.aspaklaria.info/003_GIMEL/גוג ומגוג.html]
[www.aspaklaria.info/003_GIMEL/גוזל.html]
[www.aspaklaria.info/003_GIMEL/גוי.html]
[www.aspaklaria.info/003_GIMEL/גוע.html]
[www.aspaklaria.info/003_GIMEL/גוף.html]
[www.aspaklaria.info/003_GIMEL/גורל.html]
[www.aspaklaria.info/003_GIMEL/גושן.html]
[www.aspaklaria.info/003_GIMEL/גזית.html]
[www.aspaklaria.info/003_GIMEL/גזל   גזלן.html]
[www.aspaklaria.info/003_GIMEL/גזר דין   גזירה.html]
[www.aspaklaria.info/003_GIMEL/גזרה שוה.html]
[www.aspaklaria.info/003_GIMEL/גזרות שמד.html]
[www.aspaklaria.info/003_GIMEL/גחזי.html]
[www.aspaklaria.info/003_GIMEL/גט.html]
[www.aspaklaria.info/003_GIMEL/גטו.html]
[www.aspaklaria.info/003_GIMEL/גיד הנשה.html]
[www.aspaklaria.info/003_GIMEL/גיהנם.html]
[www.aspaklaria.info/003_GIMEL/גיחון.html]
[www.aspaklaria.info/003_GIMEL/גיל.html]
[www.aspaklaria.info/003_GIMEL/גימטריא.html]
[www.aspaklaria.info/003_GIMEL/גל.html]
[www.aspaklaria.info/003_GIMEL/גלגול.html]
[www.aspaklaria.info/003_GIMEL/גלגל.html]
[www.aspaklaria.info/003_GIMEL/גלגלים.html]
[www.aspaklaria.info/003_GIMEL/גלוח.html]
[www.aspaklaria.info/003_GIMEL/גלוי עריות.html]
[www.aspaklaria.info/003_GIMEL/גלוי הראש.html]
[www.aspaklaria.info/003_GIMEL/גלות.html]
[www.aspaklaria.info/003_GIMEL/גלות בבל.html]
[www.aspaklaria.info/003_GIMEL/גלות יון.html]
[www.aspaklaria.info/003_GIMEL/גלות   ישראל.html]
[www.aspaklaria.info/003_GIMEL/גלות   ישראל בגלות.html]
[www.aspaklaria.info/003_GIMEL/גלות מצרים.html]
[www.aspaklaria.info/003_GIMEL/גלות מצרים   גאולה.html]
[www.aspaklaria.info/003_GIMEL/גלות מצרים   גזרת הבנים.html]
[www.aspaklaria.info/003_GIMEL/גלות מצרים   ישראל במצרים.html]
[www.aspaklaria.info/003_GIMEL/גלות מצרים   המילדות.html]
[www.aspaklaria.info/003_GIMEL/גלות מצרים   שאלת רכוש.html]
[www.aspaklaria.info/003_GIMEL/גלות מצרים   שעבוד.html]
[www.aspaklaria.info/003_GIMEL/גליל.html]
[www.aspaklaria.info/003_GIMEL/גלית.html]
[www.aspaklaria.info/003_GIMEL/גלמוד.html]
[www.aspaklaria.info/003_GIMEL/גלעד.html]
[www.aspaklaria.info/003_GIMEL/גם.html]
[www.aspaklaria.info/003_GIMEL/גמילות חסד.html]
[www.aspaklaria.info/003_GIMEL/גמל   גמילות חסד.html]
[www.aspaklaria.info/003_GIMEL/גמל   בעלי חיים.html]
[www.aspaklaria.info/003_GIMEL/גמרא.html]
[www.aspaklaria.info/003_GIMEL/גן עדן.html]
[www.aspaklaria.info/003_GIMEL/גנב   גנבה.html]
[www.aspaklaria.info/003_GIMEL/גנב   נפש.html]
[www.aspaklaria.info/003_GIMEL/גנב   תשלומי ד וה.html]
[www.aspaklaria.info/003_GIMEL/גסות רוח.html]
[www.aspaklaria.info/003_GIMEL/געל.html]
[www.aspaklaria.info/003_GIMEL/גפן.html]
[www.aspaklaria.info/003_GIMEL/גר.html]
[www.aspaklaria.info/003_GIMEL/גר תושב.html]
[www.aspaklaria.info/003_GIMEL/גרושין.html]
[www.aspaklaria.info/003_GIMEL/גרמניה.html]
[www.aspaklaria.info/003_GIMEL/גרסאות.html]
[www.aspaklaria.info/003_GIMEL/גרש.html]
[www.aspaklaria.info/003_GIMEL/גרשם.html]
[www.aspaklaria.info/003_GIMEL/גשה.html]
[www.aspaklaria.info/003_GIMEL/גשם.html]
[www.aspaklaria.info/003_GIMEL/גתית.html]
[www.aspaklaria.info/004_DALET/ד.html]
[www.aspaklaria.info/004_DALET/דאג   דאגה.html]
[www.aspaklaria.info/004_DALET/דבה.html]
[www.aspaklaria.info/004_DALET/דבור.html]
[www.aspaklaria.info/004_DALET/דבורה   מינקת רבקה.html]
[www.aspaklaria.info/004_DALET/דבורה   דבש.html]
[www.aspaklaria.info/004_DALET/דביקות.html]
[www.aspaklaria.info/004_DALET/דביר.html]
[www.aspaklaria.info/004_DALET/דבר.html]
[www.aspaklaria.info/004_DALET/דבר   עשר מכות.html]
[www.aspaklaria.info/004_DALET/דבש.html]
[www.aspaklaria.info/004_DALET/דג.html]
[www.aspaklaria.info/004_DALET/דגל.html]
[www.aspaklaria.info/004_DALET/דגן.html]
[www.aspaklaria.info/004_DALET/דואג.html]
[www.aspaklaria.info/004_DALET/דד.html]
[www.aspaklaria.info/004_DALET/דוד.html]
[www.aspaklaria.info/004_DALET/דוד ואבשלום.html]
[www.aspaklaria.info/004_DALET/דוד   והארון.html]
[www.aspaklaria.info/004_DALET/דוד   בית.html]
[www.aspaklaria.info/004_DALET/דוד   ובית המקדש.html]
[www.aspaklaria.info/004_DALET/דוד   וגלית.html]
[www.aspaklaria.info/004_DALET/דוד   חטא.html]
[www.aspaklaria.info/004_DALET/דוד   ויהונתן.html]
[www.aspaklaria.info/004_DALET/דוד   כנור.html]
[www.aspaklaria.info/004_DALET/דוד   מלחמות.html]
[www.aspaklaria.info/004_DALET/דוד   מנין.html]
[www.aspaklaria.info/004_DALET/דוד   ונבל.html]
[www.aspaklaria.info/004_DALET/דוד   ופלשתים.html]
[www.aspaklaria.info/004_DALET/דוד   הרעב.html]
[www.aspaklaria.info/004_DALET/דוד   ושאול.html]
[www.aspaklaria.info/004_DALET/דוד   שירה.html]
[www.aspaklaria.info/004_DALET/דודאים.html]
[www.aspaklaria.info/004_DALET/דוה.html]
[www.aspaklaria.info/004_DALET/דולפין.html]
[www.aspaklaria.info/004_DALET/דום   דומיה.html]
[www.aspaklaria.info/004_DALET/דומה.html]
[www.aspaklaria.info/004_DALET/דור.html]
[www.aspaklaria.info/004_DALET/דור אנוש.html]
[www.aspaklaria.info/004_DALET/דור הפלגה.html]
[www.aspaklaria.info/004_DALET/דור המבול.html]
[www.aspaklaria.info/004_DALET/דור המדבר.html]
[www.aspaklaria.info/004_DALET/דור המדבר   חטא מרגלים.html]
[www.aspaklaria.info/004_DALET/דור המדבר   ואדום.html]
[www.aspaklaria.info/004_DALET/דור המדבר   אילים.html]
[www.aspaklaria.info/004_DALET/דור המדבר   אמונה.html]
[www.aspaklaria.info/004_DALET/דור המדבר   באר.html]
[www.aspaklaria.info/004_DALET/דור המדבר   בגדים.html]
[www.aspaklaria.info/004_DALET/דור המדבר   בשר.html]
[www.aspaklaria.info/004_DALET/דור המדבר   דיינים.html]
[www.aspaklaria.info/004_DALET/דור המדבר   חטא.html]
[www.aspaklaria.info/004_DALET/דור המדבר   חטא העגל.html]
[www.aspaklaria.info/004_DALET/דור המדבר   חטא פעור.html]
[www.aspaklaria.info/004_DALET/דור המדבר   בים סוף.html]
[www.aspaklaria.info/004_DALET/דור המדבר   למוד.html]
[www.aspaklaria.info/004_DALET/דור המדבר   מדין.html]
[www.aspaklaria.info/004_DALET/דור המדבר   מילה.html]
[www.aspaklaria.info/004_DALET/דור המדבר   מלחמת מדין.html]
[www.aspaklaria.info/004_DALET/דור המדבר   מלחמת סיחון ועוג.html]
[www.aspaklaria.info/004_DALET/דור המדבר   מחנה.html]
[www.aspaklaria.info/004_DALET/דור המדבר   מן.html]
[www.aspaklaria.info/004_DALET/דור המדבר   מנין.html]
[www.aspaklaria.info/004_DALET/דור המדבר   מסע.html]
[www.aspaklaria.info/004_DALET/דור המדבר   מעפילים.html]
[www.aspaklaria.info/004_DALET/דור המדבר   מקושש.html]
[www.aspaklaria.info/004_DALET/דור המדבר   מרגלים.html]
[www.aspaklaria.info/004_DALET/דור המדבר   מרה.html]
[www.aspaklaria.info/004_DALET/דור המדבר   ומשה.html]
[www.aspaklaria.info/004_DALET/דור המדבר   מתאוננים.html]
[www.aspaklaria.info/004_DALET/דור המדבר   מתן תורה.html]
[www.aspaklaria.info/004_DALET/דור המדבר נחשים.html]
[www.aspaklaria.info/004_DALET/דור המדבר   נעשה ונשמע.html]
[www.aspaklaria.info/004_DALET/דור המדבר   סיחון ועוג.html]
[www.aspaklaria.info/004_DALET/דור המדבר   עדי.html]
[www.aspaklaria.info/004_DALET/דור המדבר   קרבן.html]
[www.aspaklaria.info/004_DALET/דור המדבר   תלונה וריב.html]
[www.aspaklaria.info/004_DALET/דורות ראשונים.html]
[www.aspaklaria.info/004_DALET/דורש אל המת.html]
[www.aspaklaria.info/004_DALET/דחה   דחייה.html]
[www.aspaklaria.info/004_DALET/דיו.html]
[www.aspaklaria.info/004_DALET/דיין.html]
[www.aspaklaria.info/004_DALET/דין.html]
[www.aspaklaria.info/004_DALET/דינה.html]
[www.aspaklaria.info/004_DALET/דיראון.html]
[www.aspaklaria.info/004_DALET/דירה.html]
[www.aspaklaria.info/004_DALET/דמאי.html]
[www.aspaklaria.info/004_DALET/דמות.html]
[www.aspaklaria.info/004_DALET/דמיו בו.html]
[www.aspaklaria.info/004_DALET/דמיון.html]
[www.aspaklaria.info/004_DALET/דמע.html]
[www.aspaklaria.info/004_DALET/דמעה.html]
[www.aspaklaria.info/004_DALET/דן.html]
[www.aspaklaria.info/004_DALET/דניאל.html]
[www.aspaklaria.info/004_DALET/דעת.html]
[www.aspaklaria.info/004_DALET/דקדוק.html]
[www.aspaklaria.info/004_DALET/דרום.html]
[www.aspaklaria.info/004_DALET/דרור.html]
[www.aspaklaria.info/004_DALET/דריוש.html]
[www.aspaklaria.info/004_DALET/דרך.html]
[www.aspaklaria.info/004_DALET/דרך ארץ.html]
[www.aspaklaria.info/004_DALET/דרך התורה.html]
[www.aspaklaria.info/004_DALET/דרכי האמורי.html]
[www.aspaklaria.info/004_DALET/דרכי שלום.html]
[www.aspaklaria.info/004_DALET/דרקון.html]
[www.aspaklaria.info/004_DALET/דרש   דרשה.html]
[www.aspaklaria.info/004_DALET/דרש ה.html]
[www.aspaklaria.info/004_DALET/דשא.html]
[www.aspaklaria.info/004_DALET/דשן.html]
[www.aspaklaria.info/004_DALET/דת.html]
[www.aspaklaria.info/004_DALET/דתן ואבירם.html]
[www.aspaklaria.info/005_HE/ה.html]
[www.aspaklaria.info/005_HE/האבק.html]
[www.aspaklaria.info/005_HE/האזן.html]
[www.aspaklaria.info/005_HE/האח.html]
[www.aspaklaria.info/005_HE/האמן.html]
[www.aspaklaria.info/005_HE/האמר.html]
[www.aspaklaria.info/005_HE/האסף.html]
[www.aspaklaria.info/005_HE/האסף אל עמיו.html]
[www.aspaklaria.info/005_HE/הבדל.html]
[www.aspaklaria.info/005_HE/הבדלה.html]
[www.aspaklaria.info/005_HE/הבה.html]
[www.aspaklaria.info/005_HE/הבט.html]
[www.aspaklaria.info/005_HE/הבטחה.html]
[www.aspaklaria.info/005_HE/הבין.html]
[www.aspaklaria.info/005_HE/הבל   רוח.html]
[www.aspaklaria.info/005_HE/הבל.html]
[www.aspaklaria.info/005_HE/הבל   קרבן.html]
[www.aspaklaria.info/005_HE/הגד.html]
[www.aspaklaria.info/005_HE/הגדה.html]
[www.aspaklaria.info/005_HE/הגה   משך.html]
[www.aspaklaria.info/005_HE/הגה   והגית.html]
[www.aspaklaria.info/005_HE/הגה.html]
[www.aspaklaria.info/005_HE/הגיע.html]
[www.aspaklaria.info/005_HE/הגמל.html]
[www.aspaklaria.info/005_HE/הגר.html]
[www.aspaklaria.info/005_HE/הדיוט.html]
[www.aspaklaria.info/005_HE/הדיח.html]
[www.aspaklaria.info/005_HE/הדלק.html]
[www.aspaklaria.info/005_HE/הדס.html]
[www.aspaklaria.info/005_HE/הדף.html]
[www.aspaklaria.info/005_HE/הדר.html]
[www.aspaklaria.info/005_HE/הוא.html]
[www.aspaklaria.info/005_HE/הואל.html]
[www.aspaklaria.info/005_HE/הוד.html]
[www.aspaklaria.info/005_HE/הודאה   תודה.html]
[www.aspaklaria.info/005_HE/הודאה.html]
[www.aspaklaria.info/005_HE/הודו.html]
[www.aspaklaria.info/005_HE/הוה.html]
[www.aspaklaria.info/005_HE/הוות.html]
[www.aspaklaria.info/005_HE/הויה.html]
[www.aspaklaria.info/005_HE/הוכח.html]
[www.aspaklaria.info/005_HE/הולל   הוללות.html]
[www.aspaklaria.info/005_HE/הון.html]
[www.aspaklaria.info/005_HE/הוסיף.html]
[www.aspaklaria.info/005_HE/הוצאת שכבת זרע לבטלה.html]
[www.aspaklaria.info/005_HE/הוראה.html]
[www.aspaklaria.info/005_HE/הוראת שעה.html]
[www.aspaklaria.info/005_HE/הורדוס.html]
[www.aspaklaria.info/005_HE/הורים.html]
[www.aspaklaria.info/005_HE/הורמיז.html]
[www.aspaklaria.info/005_HE/הורקנוס.html]
[www.aspaklaria.info/005_HE/הורקנוס   רבי אליעזר.html]
[www.aspaklaria.info/005_HE/הושיע.html]
[www.aspaklaria.info/005_HE/הושע   המלך.html]
[www.aspaklaria.info/005_HE/הושע   הנביא.html]
[www.aspaklaria.info/005_HE/הושענא רבה.html]
[www.aspaklaria.info/005_HE/הותיר.html]
[www.aspaklaria.info/005_HE/הזאה.html]
[www.aspaklaria.info/005_HE/הזכרת נשמות.html]
[www.aspaklaria.info/005_HE/החזק.html]
[www.aspaklaria.info/005_HE/החלף   החלפה.html]
[www.aspaklaria.info/005_HE/החלץ.html]
[www.aspaklaria.info/005_HE/החנף.html]
[www.aspaklaria.info/005_HE/החרם.html]
[www.aspaklaria.info/005_HE/הטמן.html]
[www.aspaklaria.info/005_HE/היה.html]
[www.aspaklaria.info/005_HE/הימן.html]
[www.aspaklaria.info/005_HE/הכי.html]
[www.aspaklaria.info/005_HE/הכלם.html]
[www.aspaklaria.info/005_HE/הכן   הכנה.html]
[www.aspaklaria.info/005_HE/הכנסת אורחים.html]
[www.aspaklaria.info/005_HE/הכנעה.html]
[www.aspaklaria.info/005_HE/הכרת טובה.html]
[www.aspaklaria.info/005_HE/הכרת הבורא.html]
[www.aspaklaria.info/005_HE/הלבנת פנים.html]
[www.aspaklaria.info/005_HE/הלואה.html]
[www.aspaklaria.info/005_HE/הלא.html]
[www.aspaklaria.info/005_HE/הלאה.html]
[www.aspaklaria.info/005_HE/הלום.html]
[www.aspaklaria.info/005_HE/הלזה.html]
[www.aspaklaria.info/005_HE/הלך   הליכה.html]
[www.aspaklaria.info/005_HE/הלכה.html]
[www.aspaklaria.info/005_HE/הלכה למשה מסיני.html]
[www.aspaklaria.info/005_HE/הלל.html]
[www.aspaklaria.info/005_HE/הלל   תודה.html]
[www.aspaklaria.info/005_HE/הללויה.html]
[www.aspaklaria.info/005_HE/הלעט.html]
[www.aspaklaria.info/005_HE/המטר.html]
[www.aspaklaria.info/005_HE/המן.html]
[www.aspaklaria.info/005_HE/המר.html]
[www.aspaklaria.info/005_HE/הן.html]
[www.aspaklaria.info/005_HE/הנאה.html]
[www.aspaklaria.info/005_HE/הנה.html]
[www.aspaklaria.info/005_HE/הנהגה.html]
[www.aspaklaria.info/005_HE/הנחם.html]
[www.aspaklaria.info/005_HE/הניא.html]
[www.aspaklaria.info/005_HE/הניח.html]
[www.aspaklaria.info/005_HE/הנפש.html]
[www.aspaklaria.info/005_HE/הנקה.html]
[www.aspaklaria.info/005_HE/הסגת גבול.html]
[www.aspaklaria.info/005_HE/הסח הדעת.html]
[www.aspaklaria.info/005_HE/הסטוריה.html]
[www.aspaklaria.info/005_HE/הסטוריה   בית ראשון.html]
[www.aspaklaria.info/005_HE/הסטוריה   בית ראשון חורבן.html]
[www.aspaklaria.info/005_HE/הסטוריה   בית ראשון חטא.html]
[www.aspaklaria.info/005_HE/הסטוריה   בית שני.html]
[www.aspaklaria.info/005_HE/הסטוריה בית שני  בנין.html]
[www.aspaklaria.info/005_HE/הסטוריה בית שני   חטא.html]
[www.aspaklaria.info/005_HE/הסטוריה   גלות בבל.html]
[www.aspaklaria.info/005_HE/הסטוריה   שופטים.html]
[www.aspaklaria.info/005_HE/הסכת.html]
[www.aspaklaria.info/005_HE/הספד.html]
[www.aspaklaria.info/005_HE/הסת.html]
[www.aspaklaria.info/005_HE/הסתולל.html]
[www.aspaklaria.info/005_HE/הסתפקות.html]
[www.aspaklaria.info/005_HE/הסתר.html]
[www.aspaklaria.info/005_HE/העד.html]
[www.aspaklaria.info/005_HE/העדר.html]
[www.aspaklaria.info/005_HE/העלם.html]
[www.aspaklaria.info/005_HE/העתר.html]
[www.aspaklaria.info/005_HE/הפח.html]
[www.aspaklaria.info/005_HE/הפטרה.html]
[www.aspaklaria.info/005_HE/הפך   הפכים.html]
[www.aspaklaria.info/005_HE/הפלא.html]
[www.aspaklaria.info/005_HE/הפלגה.html]
[www.aspaklaria.info/005_HE/הפלה.html]
[www.aspaklaria.info/005_HE/הפסד.html]
[www.aspaklaria.info/005_HE/הפר.html]
[www.aspaklaria.info/005_HE/הפרש.html]
[www.aspaklaria.info/005_HE/הצל   הצלה.html]
[www.aspaklaria.info/005_HE/הצלחה.html]
[www.aspaklaria.info/005_HE/הצללפוני.html]
[www.aspaklaria.info/005_HE/הצנע לכת.html]
[www.aspaklaria.info/005_HE/הקדש.html]
[www.aspaklaria.info/005_HE/הקהל.html]
[www.aspaklaria.info/005_HE/הקזת דם.html]
[www.aspaklaria.info/005_HE/הקטרה.html]
[www.aspaklaria.info/005_HE/הקע.html]
[www.aspaklaria.info/005_HE/הקף   הקפות.html]
[www.aspaklaria.info/005_HE/הקפת הראש.html]
[www.aspaklaria.info/005_HE/הקרה.html]
[www.aspaklaria.info/005_HE/הר.html]
[www.aspaklaria.info/005_HE/הר הבית.html]
[www.aspaklaria.info/005_HE/הר גריזים ועיבל.html]
[www.aspaklaria.info/005_HE/הר ההר.html]
[www.aspaklaria.info/005_HE/הר חושך.html]
[www.aspaklaria.info/005_HE/הר חורב.html]
[www.aspaklaria.info/005_HE/הר מועד.html]
[www.aspaklaria.info/005_HE/הר המוריה.html]
[www.aspaklaria.info/005_HE/הר נבו.html]
[www.aspaklaria.info/005_HE/הר סיני.html]
[www.aspaklaria.info/005_HE/הר תבור.html]
[www.aspaklaria.info/005_HE/הראל.html]
[www.aspaklaria.info/005_HE/הרבעה.html]
[www.aspaklaria.info/005_HE/הרג.html]
[www.aspaklaria.info/005_HE/הרגל.html]
[www.aspaklaria.info/005_HE/הרדם.html]
[www.aspaklaria.info/005_HE/הרהור.html]
[www.aspaklaria.info/005_HE/הרוגי מלכות.html]
[www.aspaklaria.info/005_HE/הריון.html]
[www.aspaklaria.info/005_HE/הרכבה.html]
[www.aspaklaria.info/005_HE/הרם יד.html]
[www.aspaklaria.info/005_HE/הרן.html]
[www.aspaklaria.info/005_HE/הרנן.html]
[www.aspaklaria.info/005_HE/הרס.html]
[www.aspaklaria.info/005_HE/הרשיע.html]
[www.aspaklaria.info/005_HE/השאר.html]
[www.aspaklaria.info/005_HE/השבת.html]
[www.aspaklaria.info/005_HE/השבת אבדה.html]
[www.aspaklaria.info/005_HE/השג.html]
[www.aspaklaria.info/005_HE/השגחה.html]
[www.aspaklaria.info/005_HE/השחת.html]
[www.aspaklaria.info/005_HE/השיא   השיאני.html]
[www.aspaklaria.info/005_HE/השיא   והשיאו.html]
[www.aspaklaria.info/005_HE/השכיל.html]
[www.aspaklaria.info/005_HE/השכם   השכמה.html]
[www.aspaklaria.info/005_HE/השמר.html]
[www.aspaklaria.info/005_HE/השקף.html]
[www.aspaklaria.info/005_HE/השתאה.html]
[www.aspaklaria.info/005_HE/השתדלות.html]
[www.aspaklaria.info/005_HE/השתחוה.html]
[www.aspaklaria.info/005_HE/התאוה.html]
[www.aspaklaria.info/005_HE/התאונן.html]
[www.aspaklaria.info/005_HE/התאמר.html]
[www.aspaklaria.info/005_HE/התאפק.html]
[www.aspaklaria.info/005_HE/התבודדות.html]
[www.aspaklaria.info/005_HE/התבוללות.html]
[www.aspaklaria.info/005_HE/התהלך.html]
[www.aspaklaria.info/005_HE/התהלך את האלקים.html]
[www.aspaklaria.info/005_HE/התגולל.html]
[www.aspaklaria.info/005_HE/התחדשות.html]
[www.aspaklaria.info/005_HE/התחלה.html]
[www.aspaklaria.info/005_HE/התיצב.html]
[www.aspaklaria.info/005_HE/התך.html]
[www.aspaklaria.info/005_HE/התלהבות.html]
[www.aspaklaria.info/005_HE/התמהמה.html]
[www.aspaklaria.info/005_HE/התנחם.html]
[www.aspaklaria.info/005_HE/התנכל.html]
[www.aspaklaria.info/005_HE/התעוררות.html]
[www.aspaklaria.info/005_HE/התעלל.html]
[www.aspaklaria.info/005_HE/התעלף.html]
[www.aspaklaria.info/005_HE/התעמר.html]
[www.aspaklaria.info/005_HE/התענינות.html]
[www.aspaklaria.info/005_HE/התעשת.html]
[www.aspaklaria.info/005_HE/התפלל.html]
[www.aspaklaria.info/005_HE/התפתחות.html]
[www.aspaklaria.info/005_HE/התראה.html]
[www.aspaklaria.info/006_VAV/ו.html]
[www.aspaklaria.info/006_VAV/ואלה.html]
[www.aspaklaria.info/006_VAV/ואני.html]
[www.aspaklaria.info/006_VAV/ואתה.html]
[www.aspaklaria.info/006_VAV/והב.html]
[www.aspaklaria.info/006_VAV/והיה.html]
[www.aspaklaria.info/006_VAV/והלאה.html]
[www.aspaklaria.info/006_VAV/ויאמר.html]
[www.aspaklaria.info/006_VAV/וידוי.html]
[www.aspaklaria.info/006_VAV/ויהי.html]
[www.aspaklaria.info/006_VAV/ויהי אחרי.html]
[www.aspaklaria.info/006_VAV/ויהי איש.html]
[www.aspaklaria.info/006_VAV/ויניציאה.html]
[www.aspaklaria.info/006_VAV/וכוח.html]
[www.aspaklaria.info/006_VAV/ומעלה.html]
[www.aspaklaria.info/006_VAV/ועד.html]
[www.aspaklaria.info/006_VAV/ועתה.html]
[www.aspaklaria.info/006_VAV/ושט.html]
[www.aspaklaria.info/006_VAV/ושתי.html]
[www.aspaklaria.info/006_VAV/ותור   ותרנות.html]
[www.aspaklaria.info/006_VAV/ותיק   ותיקין.html]
[www.aspaklaria.info/007_ZAYIN/ז.html]
[www.aspaklaria.info/007_ZAYIN/זאב.html]
[www.aspaklaria.info/007_ZAYIN/זאת.html]
[www.aspaklaria.info/007_ZAYIN/זב.html]
[www.aspaklaria.info/007_ZAYIN/זבה.html]
[www.aspaklaria.info/007_ZAYIN/זבוב.html]
[www.aspaklaria.info/007_ZAYIN/זבל   זבול.html]
[www.aspaklaria.info/007_ZAYIN/זבולון.html]
[www.aspaklaria.info/007_ZAYIN/זבח.html]
[www.aspaklaria.info/007_ZAYIN/זבת חלב ודבש.html]
[www.aspaklaria.info/007_ZAYIN/זד.html]
[www.aspaklaria.info/007_ZAYIN/זדון.html]
[www.aspaklaria.info/007_ZAYIN/זה.html]
[www.aspaklaria.info/007_ZAYIN/זהב.html]
[www.aspaklaria.info/007_ZAYIN/זהירות.html]
[www.aspaklaria.info/007_ZAYIN/זהר.html]
[www.aspaklaria.info/007_ZAYIN/זווג.html]
[www.aspaklaria.info/007_ZAYIN/זוגות.html]
[www.aspaklaria.info/007_ZAYIN/זונה.html]
[www.aspaklaria.info/007_ZAYIN/זוועות.html]
[www.aspaklaria.info/007_ZAYIN/זיו.html]
[www.aspaklaria.info/007_ZAYIN/זיז.html]
[www.aspaklaria.info/007_ZAYIN/זיעה.html]
[www.aspaklaria.info/007_ZAYIN/זיקין.html]
[www.aspaklaria.info/007_ZAYIN/זית.html]
[www.aspaklaria.info/007_ZAYIN/זכוכית.html]
[www.aspaklaria.info/007_ZAYIN/זכור.html]
[www.aspaklaria.info/007_ZAYIN/זכות.html]
[www.aspaklaria.info/007_ZAYIN/זכר   זכירה.html]
[www.aspaklaria.info/007_ZAYIN/זכר.html]
[www.aspaklaria.info/007_ZAYIN/זכריה   בית ראשון.html]
[www.aspaklaria.info/007_ZAYIN/זכריה   בית שני.html]
[www.aspaklaria.info/007_ZAYIN/זלפה.html]
[www.aspaklaria.info/007_ZAYIN/זמה.html]
[www.aspaklaria.info/007_ZAYIN/זמן.html]
[www.aspaklaria.info/007_ZAYIN/זמננו.html]
[www.aspaklaria.info/007_ZAYIN/זמר   זמירות.html]
[www.aspaklaria.info/007_ZAYIN/זמרי.html]
[www.aspaklaria.info/007_ZAYIN/זנות.html]
[www.aspaklaria.info/007_ZAYIN/זעוה.html]
[www.aspaklaria.info/007_ZAYIN/זעם.html]
[www.aspaklaria.info/007_ZAYIN/זעף.html]
[www.aspaklaria.info/007_ZAYIN/זעק.html]
[www.aspaklaria.info/007_ZAYIN/זקן.html]
[www.aspaklaria.info/007_ZAYIN/זקן   זקנה.html]
[www.aspaklaria.info/007_ZAYIN/זקן ממרא.html]
[www.aspaklaria.info/007_ZAYIN/זר.html]
[www.aspaklaria.info/007_ZAYIN/זרא.html]
[www.aspaklaria.info/007_ZAYIN/זרובבל.html]
[www.aspaklaria.info/007_ZAYIN/זרוע.html]
[www.aspaklaria.info/007_ZAYIN/זרוע נטויה.html]
[www.aspaklaria.info/007_ZAYIN/זריזות.html]
[www.aspaklaria.info/007_ZAYIN/זרע.html]
[www.aspaklaria.info/007_ZAYIN/זרש.html]
[www.aspaklaria.info/007_ZAYIN/זרת.html]
[www.aspaklaria.info/008_HET/ח.html]
[www.aspaklaria.info/008_HET/חבה.html]
[www.aspaklaria.info/008_HET/חבורה.html]
[www.aspaklaria.info/008_HET/חבל.html]
[www.aspaklaria.info/008_HET/חבל   לידה.html]
[www.aspaklaria.info/008_HET/חבל   גורל.html]
[www.aspaklaria.info/008_HET/חבצלת.html]
[www.aspaklaria.info/008_HET/חבק.html]
[www.aspaklaria.info/008_HET/חבקוק.html]
[www.aspaklaria.info/008_HET/חבר   אדם.html]
[www.aspaklaria.info/008_HET/חבר   תלמיד חכם.html]
[www.aspaklaria.info/008_HET/חברה   חבורה.html]
[www.aspaklaria.info/008_HET/חולדה   נביאה.html]
[www.aspaklaria.info/008_HET/חולדה.html]
[www.aspaklaria.info/008_HET/חולה.html]
[www.aspaklaria.info/008_HET/חולה   בקור.html]
[www.aspaklaria.info/008_HET/חום.html]
[www.aspaklaria.info/008_HET/חומץ.html]
[www.aspaklaria.info/008_HET/חומר.html]
[www.aspaklaria.info/008_HET/חומרה.html]
[www.aspaklaria.info/008_HET/חומש.html]
[www.aspaklaria.info/008_HET/חוני המעגל.html]
[www.aspaklaria.info/008_HET/חוס.html]
[www.aspaklaria.info/008_HET/חוסן.html]
[www.aspaklaria.info/008_HET/חוף.html]
[www.aspaklaria.info/008_HET/חופה.html]
[www.aspaklaria.info/008_HET/חופש.html]
[www.aspaklaria.info/008_HET/חוץ.html]
[www.aspaklaria.info/008_HET/חוץ לארץ.html]
[www.aspaklaria.info/008_HET/חוצן.html]
[www.aspaklaria.info/008_HET/חוצפה.html]
[www.aspaklaria.info/008_HET/חוק.html]
[www.aspaklaria.info/008_HET/חוקות הגוי.html]
[www.aspaklaria.info/008_HET/חור.html]
[www.aspaklaria.info/008_HET/חורב.html]
[www.aspaklaria.info/008_HET/חורבה.html]
[www.aspaklaria.info/008_HET/חורבן.html]
[www.aspaklaria.info/008_HET/חורי   שבעה עמים.html]
[www.aspaklaria.info/008_HET/חורי   סלי.html]
[www.aspaklaria.info/008_HET/חורף.html]
[www.aspaklaria.info/008_HET/חושי.html]
[www.aspaklaria.info/008_HET/חושים   אדם.html]
[www.aspaklaria.info/008_HET/חושים   בן דן.html]
[www.aspaklaria.info/008_HET/חושך.html]
[www.aspaklaria.info/008_HET/חותן.html]
[www.aspaklaria.info/008_HET/חזאל.html]
[www.aspaklaria.info/008_HET/חזון   חזה.html]
[www.aspaklaria.info/008_HET/חזיר.html]
[www.aspaklaria.info/008_HET/חזן.html]
[www.aspaklaria.info/008_HET/חזק ואמץ.html]
[www.aspaklaria.info/008_HET/חזקיה.html]
[www.aspaklaria.info/008_HET/חח.html]
[www.aspaklaria.info/008_HET/חטא.html]
[www.aspaklaria.info/008_HET/חטא   פעולה.html]
[www.aspaklaria.info/008_HET/חטא   מחטיא.html]
[www.aspaklaria.info/008_HET/חטא   חסר.html]
[www.aspaklaria.info/008_HET/חטה.html]
[www.aspaklaria.info/008_HET/חיאל.html]
[www.aspaklaria.info/008_HET/חיה.html]
[www.aspaklaria.info/008_HET/חיך.html]
[www.aspaklaria.info/008_HET/חיל    כח.html]
[www.aspaklaria.info/008_HET/חיל   חומה.html]
[www.aspaklaria.info/008_HET/חימה.html]
[www.aspaklaria.info/008_HET/חירם.html]
[www.aspaklaria.info/008_HET/חכם.html]
[www.aspaklaria.info/008_HET/חכמה.html]
[www.aspaklaria.info/008_HET/חכמינו ז.html]
[www.aspaklaria.info/008_HET/חלב   קרבן.html]
[www.aspaklaria.info/008_HET/חלב.html]
[www.aspaklaria.info/008_HET/חלד.html]
[www.aspaklaria.info/008_HET/חלה   מתנות כהונה.html]
[www.aspaklaria.info/008_HET/חלה   פנים.html]
[www.aspaklaria.info/008_HET/חלול השם.html]
[www.aspaklaria.info/008_HET/חלום.html]
[www.aspaklaria.info/008_HET/חלון.html]
[www.aspaklaria.info/008_HET/חלוקא דרבנן.html]
[www.aspaklaria.info/008_HET/חלזון.html]
[www.aspaklaria.info/008_HET/חליל.html]
[www.aspaklaria.info/008_HET/חלילה.html]
[www.aspaklaria.info/008_HET/חליצה.html]
[www.aspaklaria.info/008_HET/חלל.html]
[www.aspaklaria.info/008_HET/חלק.html]
[www.aspaklaria.info/008_HET/חלקיה.html]
[www.aspaklaria.info/008_HET/חם.html]
[www.aspaklaria.info/008_HET/חמד   חמדה.html]
[www.aspaklaria.info/008_HET/חמה.html]
[www.aspaklaria.info/008_HET/חמור.html]
[www.aspaklaria.info/008_HET/חמי   חמות.html]
[www.aspaklaria.info/008_HET/חמל   חמלה.html]
[www.aspaklaria.info/008_HET/חמנים.html]
[www.aspaklaria.info/008_HET/חמס.html]
[www.aspaklaria.info/008_HET/חמץ.html]
[www.aspaklaria.info/008_HET/חמץ   בדיקה וביעור.html]
[www.aspaklaria.info/008_HET/חמריות.html]
[www.aspaklaria.info/008_HET/חמש.html]
[www.aspaklaria.info/008_HET/חמשה עשר באב.html]
[www.aspaklaria.info/008_HET/חמשה עשר בשבט.html]
[www.aspaklaria.info/008_HET/חן.html]
[www.aspaklaria.info/008_HET/חנה.html]
[www.aspaklaria.info/008_HET/חנה ושבעת בניה.html]
[www.aspaklaria.info/008_HET/חנוך   אב ובן.html]
[www.aspaklaria.info/008_HET/חנוך   בן ירד.html]
[www.aspaklaria.info/008_HET/חנכה.html]
[www.aspaklaria.info/008_HET/חנניה מישאל ועזריה.html]
[www.aspaklaria.info/008_HET/חנק.html]
[www.aspaklaria.info/008_HET/חסד.html]
[www.aspaklaria.info/008_HET/חסיד   חסידות.html]
[www.aspaklaria.info/008_HET/חסידים הראשונים.html]
[www.aspaklaria.info/008_HET/חסכון.html]
[www.aspaklaria.info/008_HET/חפה.html]
[www.aspaklaria.info/008_HET/חפזון.html]
[www.aspaklaria.info/008_HET/חפני ופנחס.html]
[www.aspaklaria.info/008_HET/חפץ.html]
[www.aspaklaria.info/008_HET/חפצי בה.html]
[www.aspaklaria.info/008_HET/חפר   בושה.html]
[www.aspaklaria.info/008_HET/חפר   כרה.html]
[www.aspaklaria.info/008_HET/חפש.html]
[www.aspaklaria.info/008_HET/חצוצרה.html]
[www.aspaklaria.info/008_HET/חצות.html]
[www.aspaklaria.info/008_HET/חצר.html]
[www.aspaklaria.info/008_HET/חצר מות.html]
[www.aspaklaria.info/008_HET/חקלאות.html]
[www.aspaklaria.info/008_HET/חקר   חקירה.html]
[www.aspaklaria.info/008_HET/חרב.html]
[www.aspaklaria.info/008_HET/חרב המתהפכת.html]
[www.aspaklaria.info/008_HET/חרבונה.html]
[www.aspaklaria.info/008_HET/חרד.html]
[www.aspaklaria.info/008_HET/חרון.html]
[www.aspaklaria.info/008_HET/חרוץ   חריצות.html]
[www.aspaklaria.info/008_HET/חרוץ.html]
[www.aspaklaria.info/008_HET/חרות.html]
[www.aspaklaria.info/008_HET/חרטה.html]
[www.aspaklaria.info/008_HET/חרטומים.html]
[www.aspaklaria.info/008_HET/חרם.html]
[www.aspaklaria.info/008_HET/חרמון.html]
[www.aspaklaria.info/008_HET/חרף חרפה.html]
[www.aspaklaria.info/008_HET/חרש.html]
[www.aspaklaria.info/008_HET/חרש ומסגר.html]
[www.aspaklaria.info/008_HET/חשבון.html]
[www.aspaklaria.info/008_HET/חשד.html]
[www.aspaklaria.info/008_HET/חשון.html]
[www.aspaklaria.info/008_HET/חשמונאים.html]
[www.aspaklaria.info/008_HET/חשמל.html]
[www.aspaklaria.info/008_HET/חשק.html]
[www.aspaklaria.info/008_HET/חתול.html]
[www.aspaklaria.info/008_HET/חתי.html]
[www.aspaklaria.info/008_HET/חתימה.html]
[www.aspaklaria.info/008_HET/חתן.html]
[www.aspaklaria.info/008_HET/חתה.html]
[www.aspaklaria.info/009_TET/ט.html]
[www.aspaklaria.info/009_TET/טבור.html]
[www.aspaklaria.info/009_TET/טבח.html]
[www.aspaklaria.info/009_TET/טבי.html]
[www.aspaklaria.info/009_TET/טבילה.html]
[www.aspaklaria.info/009_TET/טביעות עין.html]
[www.aspaklaria.info/009_TET/טבע.html]
[www.aspaklaria.info/009_TET/טבע   לפני ואחרי חטא אדם הראשון.html]
[www.aspaklaria.info/009_TET/טבע   לפני ואחרי המבול.html]
[www.aspaklaria.info/009_TET/טבעת.html]
[www.aspaklaria.info/009_TET/טבריה.html]
[www.aspaklaria.info/009_TET/טבת.html]
[www.aspaklaria.info/009_TET/טהור   טהרה.html]
[www.aspaklaria.info/009_TET/טוב   טובה.html]
[www.aspaklaria.info/009_TET/טוב.html]
[www.aspaklaria.info/009_TET/טוב עין.html]
[www.aspaklaria.info/009_TET/טוטפות.html]
[www.aspaklaria.info/009_TET/טומאה.html]
[www.aspaklaria.info/009_TET/טומאה   אוכלין ומשקין.html]
[www.aspaklaria.info/009_TET/טומאה   הכשר.html]
[www.aspaklaria.info/009_TET/טומאה   כלים.html]
[www.aspaklaria.info/009_TET/טומאה   לידה.html]
[www.aspaklaria.info/009_TET/טומאה   מקדש וקדשיו.html]
[www.aspaklaria.info/009_TET/טומאה   מת.html]
[www.aspaklaria.info/009_TET/טומאה   משקין.html]
[www.aspaklaria.info/009_TET/טומאה   נבלה.html]
[www.aspaklaria.info/009_TET/טומאה   ספק.html]
[www.aspaklaria.info/009_TET/טומאה   שלוח.html]
[www.aspaklaria.info/009_TET/טומאה   שרץ.html]
[www.aspaklaria.info/009_TET/טומטום ואנדרוגינוס.html]
[www.aspaklaria.info/009_TET/טוס.html]
[www.aspaklaria.info/009_TET/טורח.html]
[www.aspaklaria.info/009_TET/טורנוס רופוס.html]
[www.aspaklaria.info/009_TET/טחול.html]
[www.aspaklaria.info/009_TET/טטפות.html]
[www.aspaklaria.info/009_TET/טיטוס.html]
[www.aspaklaria.info/009_TET/טירה.html]
[www.aspaklaria.info/009_TET/טל.html]
[www.aspaklaria.info/009_TET/טלית.html]
[www.aspaklaria.info/009_TET/טעון.html]
[www.aspaklaria.info/009_TET/טעות.html]
[www.aspaklaria.info/009_TET/טעם.html]
[www.aspaklaria.info/009_TET/טעמים.html]
[www.aspaklaria.info/009_TET/טף.html]
[www.aspaklaria.info/009_TET/טפש.html]
[www.aspaklaria.info/009_TET/טרד   טרדה.html]
[www.aspaklaria.info/009_TET/טרח   טרחה.html]
[www.aspaklaria.info/009_TET/טרם.html]
[www.aspaklaria.info/009_TET/טרף   טרפה.html]
[www.aspaklaria.info/009_TET/טרף.html]
[www.aspaklaria.info/009_TET/טרקלין.html]
[www.aspaklaria.info/010_YOD/י.html]
[www.aspaklaria.info/010_YOD/יאהרצייט.html]
[www.aspaklaria.info/010_YOD/יאור.html]
[www.aspaklaria.info/010_YOD/יאיר.html]
[www.aspaklaria.info/010_YOD/יאשיה.html]
[www.aspaklaria.info/010_YOD/יבול.html]
[www.aspaklaria.info/010_YOD/יבום.html]
[www.aspaklaria.info/010_YOD/יבוס.html]
[www.aspaklaria.info/010_YOD/יבוסי.html]
[www.aspaklaria.info/010_YOD/יבוק.html]
[www.aspaklaria.info/010_YOD/יבנה.html]
[www.aspaklaria.info/010_YOD/יבש גלעד.html]
[www.aspaklaria.info/010_YOD/יבשה.html]
[www.aspaklaria.info/010_YOD/יגע.html]
[www.aspaklaria.info/010_YOD/יד.html]
[www.aspaklaria.info/010_YOD/יד חזקה.html]
[www.aspaklaria.info/010_YOD/ידותון.html]
[www.aspaklaria.info/010_YOD/ידיעה.html]
[www.aspaklaria.info/010_YOD/ידיעת ה.html]
[www.aspaklaria.info/010_YOD/ידעוני.html]
[www.aspaklaria.info/010_YOD/יהא שמיה רבא מברך.html]
[www.aspaklaria.info/010_YOD/יהדות.html]
[www.aspaklaria.info/010_YOD/יהוא.html]
[www.aspaklaria.info/010_YOD/יהואחז.html]
[www.aspaklaria.info/010_YOD/יהודה.html]
[www.aspaklaria.info/010_YOD/יהודה   בניו.html]
[www.aspaklaria.info/010_YOD/יהודה   ברכה.html]
[www.aspaklaria.info/010_YOD/יהודה   ויוסף.html]
[www.aspaklaria.info/010_YOD/יהודה   ועשרת השבטים.html]
[www.aspaklaria.info/010_YOD/יהודה   ותמר.html]
[www.aspaklaria.info/010_YOD/יהודה   ארץ.html]
[www.aspaklaria.info/010_YOD/יהודה   מלכות.html]
[www.aspaklaria.info/010_YOD/יהודה בן גרים.html]
[www.aspaklaria.info/010_YOD/יהודה המכבי.html]
[www.aspaklaria.info/010_YOD/יהודי.html]
[www.aspaklaria.info/010_YOD/יהודית.html]
[www.aspaklaria.info/010_YOD/יהוידע.html]
[www.aspaklaria.info/010_YOD/יהויכין.html]
[www.aspaklaria.info/010_YOD/יהויקים.html]
[www.aspaklaria.info/010_YOD/יהונדב בן רכב.html]
[www.aspaklaria.info/010_YOD/יהונתן   בן גרשם.html]
[www.aspaklaria.info/010_YOD/יהונתן   בן שאול.html]
[www.aspaklaria.info/010_YOD/יהורם   מלך יהודה.html]
[www.aspaklaria.info/010_YOD/יהורם   מלך ישראל.html]
[www.aspaklaria.info/010_YOD/יהושע.html]
[www.aspaklaria.info/010_YOD/יהושע   כבוש יריחו.html]
[www.aspaklaria.info/010_YOD/יהושע   מעבר הירדן.html]
[www.aspaklaria.info/010_YOD/יהושע   עמידת השמש.html]
[www.aspaklaria.info/010_YOD/יהושע   מרגלים.html]
[www.aspaklaria.info/010_YOD/יהושע   כהן גדול.html]
[www.aspaklaria.info/010_YOD/יהושפט.html]
[www.aspaklaria.info/010_YOD/יהי.html]
[www.aspaklaria.info/010_YOD/יהרג ואל יעבר.html]
[www.aspaklaria.info/010_YOD/יואב.html]
[www.aspaklaria.info/010_YOD/יואל.html]
[www.aspaklaria.info/010_YOD/יואש   מלך יהודה.html]
[www.aspaklaria.info/010_YOD/יואש   מלך ישראל.html]
[www.aspaklaria.info/010_YOD/יובל.html]
[www.aspaklaria.info/010_YOD/יוחנן כהן גדול.html]
[www.aspaklaria.info/010_YOD/יוכבד.html]
[www.aspaklaria.info/010_YOD/יולדת.html]
[www.aspaklaria.info/010_YOD/יום.html]
[www.aspaklaria.info/010_YOD/יום ב.html]
[www.aspaklaria.info/010_YOD/יום ג.html]
[www.aspaklaria.info/010_YOD/יום ד.html]
[www.aspaklaria.info/010_YOD/יום ה.html]
[www.aspaklaria.info/010_YOD/יום הדין.html]
[www.aspaklaria.info/010_YOD/יום השם.html]
[www.aspaklaria.info/010_YOD/יום חול.html]
[www.aspaklaria.info/010_YOD/יום הולדת.html]
[www.aspaklaria.info/010_YOD/יום טוב.html]
[www.aspaklaria.info/010_YOD/יום טוב   אסורי.html]
[www.aspaklaria.info/010_YOD/יום טוב   שני.html]
[www.aspaklaria.info/010_YOD/יום כפורים.html]
[www.aspaklaria.info/010_YOD/יום כפורים   אסורי.html]
[www.aspaklaria.info/010_YOD/יום כפורים   כפרה.html]
[www.aspaklaria.info/010_YOD/יום כפורים   עבודה.html]
[www.aspaklaria.info/010_YOD/יום כפורים   ערב.html]
[www.aspaklaria.info/010_YOD/יון.html]
[www.aspaklaria.info/010_YOD/יון   חכמת   לשון.html]
[www.aspaklaria.info/010_YOD/יונדב בן רכב.html]
[www.aspaklaria.info/010_YOD/יונה   עוף.html]
[www.aspaklaria.info/010_YOD/יונה   הנביא.html]
[www.aspaklaria.info/010_YOD/יוסף.html]
[www.aspaklaria.info/010_YOD/יוסף   ואחיו.html]
[www.aspaklaria.info/010_YOD/יוסף   ארון.html]
[www.aspaklaria.info/010_YOD/יוסף   ואשת פוטיפר.html]
[www.aspaklaria.info/010_YOD/יוסף   ובניו.html]
[www.aspaklaria.info/010_YOD/יוסף   ובנימין.html]
[www.aspaklaria.info/010_YOD/יוסף   ברכה.html]
[www.aspaklaria.info/010_YOD/יוסף   חלום.html]
[www.aspaklaria.info/010_YOD/יוסף   מכירת.html]
[www.aspaklaria.info/010_YOD/יוסף   ומצרים.html]
[www.aspaklaria.info/010_YOD/יוסף   ופוטיפר.html]
[www.aspaklaria.info/010_YOD/יוסף   ופרעה.html]
[www.aspaklaria.info/010_YOD/יוסף   צפנת פענח.html]
[www.aspaklaria.info/010_YOD/יוסף   ושר המשקים.html]
[www.aspaklaria.info/010_YOD/יוסף בן סימאי.html]
[www.aspaklaria.info/010_YOD/יוסף הכהן.html]
[www.aspaklaria.info/010_YOD/יוסף מוקיר שבת.html]
[www.aspaklaria.info/010_YOD/יופי.html]
[www.aspaklaria.info/010_YOD/יוקר.html]
[www.aspaklaria.info/010_YOD/יורה.html]
[www.aspaklaria.info/010_YOD/יורש עצר.html]
[www.aspaklaria.info/010_YOD/יושר.html]
[www.aspaklaria.info/010_YOD/יותם.html]
[www.aspaklaria.info/010_YOD/יותרת הכבד.html]
[www.aspaklaria.info/010_YOD/יזם.html]
[www.aspaklaria.info/010_YOD/יחדיו.html]
[www.aspaklaria.info/010_YOD/יחוד.html]
[www.aspaklaria.info/010_YOD/יחוס.html]
[www.aspaklaria.info/010_YOD/יחזקאל.html]
[www.aspaklaria.info/010_YOD/יחזקאל   נבואה.html]
[www.aspaklaria.info/010_YOD/יחי.html]
[www.aspaklaria.info/010_YOD/יחיד.html]
[www.aspaklaria.info/010_YOD/יחידה.html]
[www.aspaklaria.info/010_YOD/יחל.html]
[www.aspaklaria.info/010_YOD/יחסיות.html]
[www.aspaklaria.info/010_YOD/יין.html]
[www.aspaklaria.info/010_YOD/יין המשומר.html]
[www.aspaklaria.info/010_YOD/יין נסך.html]
[www.aspaklaria.info/010_YOD/יכל.html]
[www.aspaklaria.info/010_YOD/ילד   ילדות.html]
[www.aspaklaria.info/010_YOD/ילתא.html]
[www.aspaklaria.info/010_YOD/ים   מים.html]
[www.aspaklaria.info/010_YOD/ים.html]
[www.aspaklaria.info/010_YOD/ים טבריה.html]
[www.aspaklaria.info/010_YOD/ים המלח.html]
[www.aspaklaria.info/010_YOD/ים סוף.html]
[www.aspaklaria.info/010_YOD/ימים.html]
[www.aspaklaria.info/010_YOD/ימין.html]
[www.aspaklaria.info/010_YOD/ינאי.html]
[www.aspaklaria.info/010_YOD/ינוס וימברוס.html]
[www.aspaklaria.info/010_YOD/ינק.html]
[www.aspaklaria.info/010_YOD/יסודות.html]
[www.aspaklaria.info/010_YOD/יסורין.html]
[www.aspaklaria.info/010_YOD/יעבץ.html]
[www.aspaklaria.info/010_YOD/יעד.html]
[www.aspaklaria.info/010_YOD/יעל   אשת חבר הקיני.html]
[www.aspaklaria.info/010_YOD/יעל.html]
[www.aspaklaria.info/010_YOD/יען.html]
[www.aspaklaria.info/010_YOD/יענה.html]
[www.aspaklaria.info/010_YOD/יעקב.html]
[www.aspaklaria.info/010_YOD/יעקב   אלוקי.html]
[www.aspaklaria.info/010_YOD/יעקב   הבאר.html]
[www.aspaklaria.info/010_YOD/יעקב   בכורה.html]
[www.aspaklaria.info/010_YOD/יעקב   ובניו.html]
[www.aspaklaria.info/010_YOD/יעקב   ברכה.html]
[www.aspaklaria.info/010_YOD/יעקב   הבטחה.html]
[www.aspaklaria.info/010_YOD/יעקב   החלום.html]
[www.aspaklaria.info/010_YOD/יעקב   ויוסף.html]
[www.aspaklaria.info/010_YOD/יעקב   ולבן.html]
[www.aspaklaria.info/010_YOD/יעקב   מיתה.html]
[www.aspaklaria.info/010_YOD/יעקב   והמלאך.html]
[www.aspaklaria.info/010_YOD/יעקב   ומצרים.html]
[www.aspaklaria.info/010_YOD/יעקב   והמקלות.html]
[www.aspaklaria.info/010_YOD/יעקב   נדרו.html]
[www.aspaklaria.info/010_YOD/יעקב   נשיו.html]
[www.aspaklaria.info/010_YOD/יעקב   ועשו.html]
[www.aspaklaria.info/010_YOD/יעקב   פחדו.html]
[www.aspaklaria.info/010_YOD/יעקב   ופרעה.html]
[www.aspaklaria.info/010_YOD/יעקב   קבורה.html]
[www.aspaklaria.info/010_YOD/יעקב   ושכם.html]
[www.aspaklaria.info/010_YOD/יעקב   שם.html]
[www.aspaklaria.info/010_YOD/יעקב   תורה.html]
[www.aspaklaria.info/010_YOD/יעקב   תפלה.html]
[www.aspaklaria.info/010_YOD/יער.html]
[www.aspaklaria.info/010_YOD/יפו.html]
[www.aspaklaria.info/010_YOD/יפת.html]
[www.aspaklaria.info/010_YOD/יפת תאר.html]
[www.aspaklaria.info/010_YOD/יפתח.html]
[www.aspaklaria.info/010_YOD/יצא.html]
[www.aspaklaria.info/010_YOD/יצב.html]
[www.aspaklaria.info/010_YOD/יצחק.html]
[www.aspaklaria.info/010_YOD/יצחק   ואבימלך.html]
[www.aspaklaria.info/010_YOD/יצחק   בארות.html]
[www.aspaklaria.info/010_YOD/יצחק   ברכת.html]
[www.aspaklaria.info/010_YOD/יצחק   זכות.html]
[www.aspaklaria.info/010_YOD/יצחק   ויעקב.html]
[www.aspaklaria.info/010_YOD/יצחק   וישמעאל.html]
[www.aspaklaria.info/010_YOD/יצחק   נסיון.html]
[www.aspaklaria.info/010_YOD/יצחק   ועשו.html]
[www.aspaklaria.info/010_YOD/יצחק   ורבקה.html]
[www.aspaklaria.info/010_YOD/יצחק   תפלה.html]
[www.aspaklaria.info/010_YOD/יציאה.html]
[www.aspaklaria.info/010_YOD/יציאת מצרים.html]
[www.aspaklaria.info/010_YOD/יציאת מצרים   אותות.html]
[www.aspaklaria.info/010_YOD/יציאת מצרים   ארבעה לשונות גאולה.html]
[www.aspaklaria.info/010_YOD/יציאת מצרים   דם פסח.html]
[www.aspaklaria.info/010_YOD/יציאת מצרים   זכות.html]
[www.aspaklaria.info/010_YOD/יציאת מצרים   זכר.html]
[www.aspaklaria.info/010_YOD/יציאת מצרים   פקד יפקד.html]
[www.aspaklaria.info/010_YOD/יציאת מצרים   שאלת הרכוש.html]
[www.aspaklaria.info/010_YOD/יציאת מצרים   שפטים.html]
[www.aspaklaria.info/010_YOD/יצירה.html]
[www.aspaklaria.info/010_YOD/יצק.html]
[www.aspaklaria.info/010_YOD/יצר   ברא.html]
[www.aspaklaria.info/010_YOD/יצר   רצון.html]
[www.aspaklaria.info/010_YOD/יצר הטוב.html]
[www.aspaklaria.info/010_YOD/יצר הרע.html]
[www.aspaklaria.info/010_YOD/יצת.html]
[www.aspaklaria.info/010_YOD/יקד.html]
[www.aspaklaria.info/010_YOD/יקהת.html]
[www.aspaklaria.info/010_YOD/יקום.html]
[www.aspaklaria.info/010_YOD/יקום איש צרורות.html]
[www.aspaklaria.info/010_YOD/יקום פורקן.html]
[www.aspaklaria.info/010_YOD/יקטן.html]
[www.aspaklaria.info/010_YOD/יקץ.html]
[www.aspaklaria.info/010_YOD/יקר.html]
[www.aspaklaria.info/010_YOD/ירא   יראה.html]
[www.aspaklaria.info/010_YOD/ירבעם בן נבט.html]
[www.aspaklaria.info/010_YOD/ירבעם בן יואש.html]
[www.aspaklaria.info/010_YOD/ירד.html]
[www.aspaklaria.info/010_YOD/ירד   משה.html]
[www.aspaklaria.info/010_YOD/ירדן.html]
[www.aspaklaria.info/010_YOD/ירדן   מעבר ואבני.html]
[www.aspaklaria.info/010_YOD/ירה.html]
[www.aspaklaria.info/010_YOD/ירוק.html]
[www.aspaklaria.info/010_YOD/ירושה.html]
[www.aspaklaria.info/010_YOD/ירושלים.html]
[www.aspaklaria.info/010_YOD/ירושלים   אבלות.html]
[www.aspaklaria.info/010_YOD/ירושלים   חורבן.html]
[www.aspaklaria.info/010_YOD/ירושלים   לעתיד לבא.html]
[www.aspaklaria.info/010_YOD/ירח   לבנה.html]
[www.aspaklaria.info/010_YOD/ירח.html]
[www.aspaklaria.info/010_YOD/ירח האיתנים.html]
[www.aspaklaria.info/010_YOD/ירט.html]
[www.aspaklaria.info/010_YOD/יריחו.html]
[www.aspaklaria.info/010_YOD/יריחו   כבוש.html]
[www.aspaklaria.info/010_YOD/ירך.html]
[www.aspaklaria.info/010_YOD/ירכתי.html]
[www.aspaklaria.info/010_YOD/ירכתי צפון.html]
[www.aspaklaria.info/010_YOD/ירמיה.html]
[www.aspaklaria.info/010_YOD/ירקות.html]
[www.aspaklaria.info/010_YOD/ירקרק.html]
[www.aspaklaria.info/010_YOD/יש.html]
[www.aspaklaria.info/010_YOD/יש אם למקרא.html]
[www.aspaklaria.info/010_YOD/ישב.html]
[www.aspaklaria.info/010_YOD/ישבי.html]
[www.aspaklaria.info/010_YOD/ישוב.html]
[www.aspaklaria.info/010_YOD/ישועה.html]
[www.aspaklaria.info/010_YOD/ישורון.html]
[www.aspaklaria.info/010_YOD/ישיבה.html]
[www.aspaklaria.info/010_YOD/ישי.html]
[www.aspaklaria.info/010_YOD/ישימון.html]
[www.aspaklaria.info/010_YOD/ישמעאל.html]
[www.aspaklaria.info/010_YOD/ישמעאל בן נתניה.html]
[www.aspaklaria.info/010_YOD/ישמעאל בן פיאבי.html]
[www.aspaklaria.info/010_YOD/ישן.html]
[www.aspaklaria.info/010_YOD/ישעיה.html]
[www.aspaklaria.info/010_YOD/ישר.html]
[www.aspaklaria.info/010_YOD/ישראל.html]
[www.aspaklaria.info/010_YOD/ישראל   אחדות.html]
[www.aspaklaria.info/010_YOD/ישראל   וארץ ישראל.html]
[www.aspaklaria.info/010_YOD/ישראל   ברכה.html]
[www.aspaklaria.info/010_YOD/ישראל   גלות.html]
[www.aspaklaria.info/010_YOD/ישראל   השגחה.html]
[www.aspaklaria.info/010_YOD/ישראל   חטא.html]
[www.aspaklaria.info/010_YOD/ישראל   וה.html]
[www.aspaklaria.info/010_YOD/ישראל   לעתיד לבא.html]
[www.aspaklaria.info/010_YOD/ישראל   מדות וטבע.html]
[www.aspaklaria.info/010_YOD/ישראל   מזל.html]
[www.aspaklaria.info/010_YOD/ישראל   עונש.html]
[www.aspaklaria.info/010_YOD/ישראל   ועמים.html]
[www.aspaklaria.info/010_YOD/ישראל   ערבות.html]
[www.aspaklaria.info/010_YOD/ישראל   שם.html]
[www.aspaklaria.info/010_YOD/ישראל   תורה.html]
[www.aspaklaria.info/010_YOD/ישראל   תפקיד.html]
[www.aspaklaria.info/010_YOD/יששכר.html]
[www.aspaklaria.info/010_YOD/יששכר   וזבולון.html]
[www.aspaklaria.info/010_YOD/יששכר איש כפר ברקאי.html]
[www.aspaklaria.info/010_YOD/יתום.html]
[www.aspaklaria.info/010_YOD/יתוש.html]
[www.aspaklaria.info/010_YOD/יתכן.html]
[www.aspaklaria.info/010_YOD/יתר הישמעאלי.html]
[www.aspaklaria.info/010_YOD/יתרו.html]
[www.aspaklaria.info/020_KAF/כבוד.html]
[www.aspaklaria.info/020_KAF/כבוד אב ואם.html]
[www.aspaklaria.info/020_KAF/כבוד הבריות.html]
[www.aspaklaria.info/020_KAF/כבוד זקן ורב.html]
[www.aspaklaria.info/020_KAF/כבוד ה.html]
[www.aspaklaria.info/020_KAF/כבול.html]
[www.aspaklaria.info/020_KAF/כביר.html]
[www.aspaklaria.info/020_KAF/כבלע.html]
[www.aspaklaria.info/020_KAF/כבס.html]
[www.aspaklaria.info/020_KAF/כברת.html]
[www.aspaklaria.info/020_KAF/כבש   בעל חיים.html]
[www.aspaklaria.info/020_KAF/כבש   וכבשוה.html]
[www.aspaklaria.info/020_KAF/כבש   מזבח.html]
[www.aspaklaria.info/020_KAF/כבשן.html]
[www.aspaklaria.info/020_KAF/כדור.html]
[www.aspaklaria.info/020_KAF/כדכד.html]
[www.aspaklaria.info/020_KAF/כה.html]
[www.aspaklaria.info/020_KAF/כה לחי.html]
[www.aspaklaria.info/020_KAF/כהה.html]
[www.aspaklaria.info/020_KAF/כהונה.html]
[www.aspaklaria.info/020_KAF/כהן   אשה.html]
[www.aspaklaria.info/020_KAF/כהן   בת.html]
[www.aspaklaria.info/020_KAF/כהונה   בית אב.html]
[www.aspaklaria.info/020_KAF/כהונה   בעל מום.html]
[www.aspaklaria.info/020_KAF/כהונה   טומאה.html]
[www.aspaklaria.info/020_KAF/כהונה   חלוקה ונחלה.html]
[www.aspaklaria.info/020_KAF/כהונה   מלואים.html]
[www.aspaklaria.info/020_KAF/כהונה   משמרות.html]
[www.aspaklaria.info/020_KAF/כהונה   משוח מלחמה.html]
[www.aspaklaria.info/020_KAF/כהונה   עבודה.html]
[www.aspaklaria.info/020_KAF/כהונה   יין.html]
[www.aspaklaria.info/020_KAF/כהן גדול.html]
[www.aspaklaria.info/020_KAF/כהן גדול   אבלות.html]
[www.aspaklaria.info/020_KAF/כהן גדול  אשה.html]
[www.aspaklaria.info/020_KAF/כהן גדול   הוראה.html]
[www.aspaklaria.info/020_KAF/כוונה.html]
[www.aspaklaria.info/020_KAF/כוזרים.html]
[www.aspaklaria.info/020_KAF/כוחי ועוצם ידי.html]
[www.aspaklaria.info/020_KAF/כוי.html]
[www.aspaklaria.info/020_KAF/כויה.html]
[www.aspaklaria.info/020_KAF/כוכב.html]
[www.aspaklaria.info/020_KAF/כונה.html]
[www.aspaklaria.info/020_KAF/כונים.html]
[www.aspaklaria.info/020_KAF/כוס.html]
[www.aspaklaria.info/020_KAF/כוס של ברכה.html]
[www.aspaklaria.info/020_KAF/כופר.html]
[www.aspaklaria.info/020_KAF/כור.html]
[www.aspaklaria.info/020_KAF/כורש.html]
[www.aspaklaria.info/020_KAF/כורת.html]
[www.aspaklaria.info/020_KAF/כוש   כושי.html]
[www.aspaklaria.info/020_KAF/כושן רשעתים.html]
[www.aspaklaria.info/020_KAF/כותים.html]
[www.aspaklaria.info/020_KAF/כותל.html]
[www.aspaklaria.info/020_KAF/כותל מערבי.html]
[www.aspaklaria.info/020_KAF/כזב.html]
[www.aspaklaria.info/020_KAF/כזבי.html]
[www.aspaklaria.info/020_KAF/כזיב.html]
[www.aspaklaria.info/020_KAF/כח.html]
[www.aspaklaria.info/020_KAF/כחד.html]
[www.aspaklaria.info/020_KAF/כחש.html]
[www.aspaklaria.info/020_KAF/כי.html]
[www.aspaklaria.info/020_KAF/כידון.html]
[www.aspaklaria.info/020_KAF/כילות.html]
[www.aspaklaria.info/020_KAF/כימה.html]
[www.aspaklaria.info/020_KAF/כינוי.html]
[www.aspaklaria.info/020_KAF/כירים.html]
[www.aspaklaria.info/020_KAF/ככר   מישור.html]
[www.aspaklaria.info/020_KAF/ככר   שעור.html]
[www.aspaklaria.info/020_KAF/כל.html]
[www.aspaklaria.info/020_KAF/כלאב.html]
[www.aspaklaria.info/020_KAF/כלאים.html]
[www.aspaklaria.info/020_KAF/כלאים   כלאי בהמה.html]
[www.aspaklaria.info/020_KAF/כלב בן יפונה.html]
[www.aspaklaria.info/020_KAF/כלב.html]
[www.aspaklaria.info/020_KAF/כלבא שבוע.html]
[www.aspaklaria.info/020_KAF/כלה   סוף.html]
[www.aspaklaria.info/020_KAF/כלה   נשואין.html]
[www.aspaklaria.info/020_KAF/כלח.html]
[www.aspaklaria.info/020_KAF/כלי.html]
[www.aspaklaria.info/020_KAF/כלי גבר.html]
[www.aspaklaria.info/020_KAF/כלי זיין.html]
[www.aspaklaria.info/020_KAF/כלי חרס.html]
[www.aspaklaria.info/020_KAF/כלי נכרים.html]
[www.aspaklaria.info/020_KAF/כלי מקדש.html]
[www.aspaklaria.info/020_KAF/כלי מקדש   ארון.html]
[www.aspaklaria.info/020_KAF/כלי מקדש   ארון   כפורת וכרובים.html]
[www.aspaklaria.info/020_KAF/כלי מקדש   ארון   מסע.html]
[www.aspaklaria.info/020_KAF/כלי מקדש   ארון   בפלשתים.html]
[www.aspaklaria.info/020_KAF/כלי מקדש   כיור.html]
[www.aspaklaria.info/020_KAF/כלי מקדש   מזבח.html]
[www.aspaklaria.info/020_KAF/כלי משכן   מזבח   אש.html]
[www.aspaklaria.info/020_KAF/כלי מקדש   מזבח הזהב.html]
[www.aspaklaria.info/020_KAF/כלי מקדש   מנורה.html]
[www.aspaklaria.info/020_KAF/כלי מקדש   מנורה   הדלקה.html]
[www.aspaklaria.info/020_KAF/כלי מקדש   פרוכת.html]
[www.aspaklaria.info/020_KAF/כלי מקדש   שולחן.html]
[www.aspaklaria.info/020_KAF/כליון עינים.html]
[www.aspaklaria.info/020_KAF/כליות.html]
[www.aspaklaria.info/020_KAF/כלכל.html]
[www.aspaklaria.info/020_KAF/כלל.html]
[www.aspaklaria.info/020_KAF/כלמה.html]
[www.aspaklaria.info/020_KAF/כמוש.html]
[www.aspaklaria.info/020_KAF/כן.html]
[www.aspaklaria.info/020_KAF/כן   אמת.html]
[www.aspaklaria.info/020_KAF/כנוס.html]
[www.aspaklaria.info/020_KAF/כנור.html]
[www.aspaklaria.info/020_KAF/כנים.html]
[www.aspaklaria.info/020_KAF/כנים   עשר מכות.html]
[www.aspaklaria.info/020_KAF/כניסה.html]
[www.aspaklaria.info/020_KAF/כניעה.html]
[www.aspaklaria.info/020_KAF/כנסת הגדולה.html]
[www.aspaklaria.info/020_KAF/כנסת ישראל.html]
[www.aspaklaria.info/020_KAF/כנען.html]
[www.aspaklaria.info/020_KAF/כנף.html]
[www.aspaklaria.info/020_KAF/כנף הארץ.html]
[www.aspaklaria.info/020_KAF/כנף רננים.html]
[www.aspaklaria.info/020_KAF/כנרת.html]
[www.aspaklaria.info/020_KAF/כסא.html]
[www.aspaklaria.info/020_KAF/כסא הכבוד.html]
[www.aspaklaria.info/020_KAF/כסא   ליום הכסא.html]
[www.aspaklaria.info/020_KAF/כסוי הראש.html]
[www.aspaklaria.info/020_KAF/כסות.html]
[www.aspaklaria.info/020_KAF/כסות עינים.html]
[www.aspaklaria.info/020_KAF/כסיל   שוטה.html]
[www.aspaklaria.info/020_KAF/כסיל   כוכב.html]
[www.aspaklaria.info/020_KAF/כסל.html]
[www.aspaklaria.info/020_KAF/כסלו.html]
[www.aspaklaria.info/020_KAF/כסף.html]
[www.aspaklaria.info/020_KAF/כעס.html]
[www.aspaklaria.info/020_KAF/כעת.html]
[www.aspaklaria.info/020_KAF/כעת חיה.html]
[www.aspaklaria.info/020_KAF/כף.html]
[www.aspaklaria.info/020_KAF/כף הקלע.html]
[www.aspaklaria.info/020_KAF/כפה.html]
[www.aspaklaria.info/020_KAF/כפיה.html]
[www.aspaklaria.info/020_KAF/כפיית טובה.html]
[www.aspaklaria.info/020_KAF/כפור.html]
[www.aspaklaria.info/020_KAF/כפי.html]
[www.aspaklaria.info/020_KAF/כפיר.html]
[www.aspaklaria.info/020_KAF/כפירה.html]
[www.aspaklaria.info/020_KAF/כפל.html]
[www.aspaklaria.info/020_KAF/כפל ענין.html]
[www.aspaklaria.info/020_KAF/כפר.html]
[www.aspaklaria.info/020_KAF/כפרה.html]
[www.aspaklaria.info/020_KAF/כפרות.html]
[www.aspaklaria.info/020_KAF/כפתורים.html]
[www.aspaklaria.info/020_KAF/כר.html]
[www.aspaklaria.info/020_KAF/כרה.html]
[www.aspaklaria.info/020_KAF/כרום זולות.html]
[www.aspaklaria.info/020_KAF/כרי.html]
[www.aspaklaria.info/020_KAF/כרך.html]
[www.aspaklaria.info/020_KAF/כרכב.html]
[www.aspaklaria.info/020_KAF/כרם.html]
[www.aspaklaria.info/020_KAF/כרם רבעי.html]
[www.aspaklaria.info/020_KAF/כרמל.html]
[www.aspaklaria.info/020_KAF/כרע   כריעה.html]
[www.aspaklaria.info/020_KAF/כרעים.html]
[www.aspaklaria.info/020_KAF/כרת.html]
[www.aspaklaria.info/020_KAF/כרתי ופלתי.html]
[www.aspaklaria.info/020_KAF/כרתים.html]
[www.aspaklaria.info/020_KAF/כשדים.html]
[www.aspaklaria.info/020_KAF/כשה.html]
[www.aspaklaria.info/020_KAF/כשוף.html]
[www.aspaklaria.info/020_KAF/כשוף   דורש אל המתים.html]
[www.aspaklaria.info/020_KAF/כשוף   חובר חבר.html]
[www.aspaklaria.info/020_KAF/כשוף   ידעוני.html]
[www.aspaklaria.info/020_KAF/כתיב.html]
[www.aspaklaria.info/020_KAF/כתב   כתיבה.html]
[www.aspaklaria.info/020_KAF/כתבי הקדש.html]
[www.aspaklaria.info/020_KAF/כתובה.html]
[www.aspaklaria.info/020_KAF/כתובת קעקע.html]
[www.aspaklaria.info/020_KAF/כתונת.html]
[www.aspaklaria.info/020_KAF/כתים.html]
[www.aspaklaria.info/020_KAF/כתם.html]
[www.aspaklaria.info/020_KAF/כתר.html]
[www.aspaklaria.info/030_LAMED/ל.html]
[www.aspaklaria.info/030_LAMED/לא.html]
[www.aspaklaria.info/030_LAMED/לא ילבש גבר.html]
[www.aspaklaria.info/030_LAMED/לא תחמוד.html]
[www.aspaklaria.info/030_LAMED/לא תחסום.html]
[www.aspaklaria.info/030_LAMED/לא תתגודדו.html]
[www.aspaklaria.info/030_LAMED/לאה.html]
[www.aspaklaria.info/030_LAMED/לאו.html]
[www.aspaklaria.info/030_LAMED/לאום   לאומיות.html]
[www.aspaklaria.info/030_LAMED/לאמר.html]
[www.aspaklaria.info/030_LAMED/לב.html]
[www.aspaklaria.info/030_LAMED/לבב.html]
[www.aspaklaria.info/030_LAMED/לבד.html]
[www.aspaklaria.info/030_LAMED/לבונה.html]
[www.aspaklaria.info/030_LAMED/לבוש.html]
[www.aspaklaria.info/030_LAMED/לביא.html]
[www.aspaklaria.info/030_LAMED/לבלתי.html]
[www.aspaklaria.info/030_LAMED/לבן   בן בתואל.html]
[www.aspaklaria.info/030_LAMED/לבן   צבע.html]
[www.aspaklaria.info/030_LAMED/לבן.html]
[www.aspaklaria.info/030_LAMED/לבנה.html]
[www.aspaklaria.info/030_LAMED/לבנת הספיר.html]
[www.aspaklaria.info/030_LAMED/לבנון.html]
[www.aspaklaria.info/030_LAMED/לג בעומר.html]
[www.aspaklaria.info/030_LAMED/לגלג.html]
[www.aspaklaria.info/030_LAMED/לגם   לגימה.html]
[www.aspaklaria.info/030_LAMED/להבה.html]
[www.aspaklaria.info/030_LAMED/להט.html]
[www.aspaklaria.info/030_LAMED/לו.html]
[www.aspaklaria.info/030_LAMED/לו   אל.html]
[www.aspaklaria.info/030_LAMED/לוב.html]
[www.aspaklaria.info/030_LAMED/לוד.html]
[www.aspaklaria.info/030_LAMED/לוה.html]
[www.aspaklaria.info/030_LAMED/לוז.html]
[www.aspaklaria.info/030_LAMED/לוח.html]
[www.aspaklaria.info/030_LAMED/לוחות.html]
[www.aspaklaria.info/030_LAMED/לוט.html]
[www.aspaklaria.info/030_LAMED/לוי   ברכה.html]
[www.aspaklaria.info/030_LAMED/לוים   מנין.html]
[www.aspaklaria.info/030_LAMED/לוים   עבודה.html]
[www.aspaklaria.info/030_LAMED/לוים   ערי.html]
[www.aspaklaria.info/030_LAMED/לויתן.html]
[www.aspaklaria.info/030_LAMED/לולב.html]
[www.aspaklaria.info/030_LAMED/לולא.html]
[www.aspaklaria.info/030_LAMED/לולינוס ופפוס.html]
[www.aspaklaria.info/030_LAMED/לון.html]
[www.aspaklaria.info/030_LAMED/לזות.html]
[www.aspaklaria.info/030_LAMED/לחם.html]
[www.aspaklaria.info/030_LAMED/לחם הפנים.html]
[www.aspaklaria.info/030_LAMED/לחץ.html]
[www.aspaklaria.info/030_LAMED/לחש.html]
[www.aspaklaria.info/030_LAMED/לי.html]
[www.aspaklaria.info/030_LAMED/לידה.html]
[www.aspaklaria.info/030_LAMED/לילה.html]
[www.aspaklaria.info/030_LAMED/לילית.html]
[www.aspaklaria.info/030_LAMED/לינה.html]
[www.aspaklaria.info/030_LAMED/ליצנות.html]
[www.aspaklaria.info/030_LAMED/לך.html]
[www.aspaklaria.info/030_LAMED/לכה.html]
[www.aspaklaria.info/030_LAMED/לכן.html]
[www.aspaklaria.info/030_LAMED/למה.html]
[www.aspaklaria.info/030_LAMED/למואל.html]
[www.aspaklaria.info/030_LAMED/למוד.html]
[www.aspaklaria.info/030_LAMED/למינו.html]
[www.aspaklaria.info/030_LAMED/למך.html]
[www.aspaklaria.info/030_LAMED/למנצח.html]
[www.aspaklaria.info/030_LAMED/למען.html]
[www.aspaklaria.info/030_LAMED/לנוכח.html]
[www.aspaklaria.info/030_LAMED/לסטים.html]
[www.aspaklaria.info/030_LAMED/לעג.html]
[www.aspaklaria.info/030_LAMED/לעה.html]
[www.aspaklaria.info/030_LAMED/לעולם.html]
[www.aspaklaria.info/030_LAMED/לעומת.html]
[www.aspaklaria.info/030_LAMED/לעז.html]
[www.aspaklaria.info/030_LAMED/לעתיד לבא.html]
[www.aspaklaria.info/030_LAMED/לעתיד לבא   נחל.html]
[www.aspaklaria.info/030_LAMED/לעתיד לבא   סעודה.html]
[www.aspaklaria.info/030_LAMED/לפי.html]
[www.aspaklaria.info/030_LAMED/לפני.html]
[www.aspaklaria.info/030_LAMED/לפני ה.html]
[www.aspaklaria.info/030_LAMED/לפני עור.html]
[www.aspaklaria.info/030_LAMED/לפנים משורת הדין.html]
[www.aspaklaria.info/030_LAMED/לקוי מאורות.html]
[www.aspaklaria.info/030_LAMED/לקח   ויקח.html]
[www.aspaklaria.info/030_LAMED/לקח.html]
[www.aspaklaria.info/030_LAMED/לקט.html]
[www.aspaklaria.info/030_LAMED/לקש.html]
[www.aspaklaria.info/030_LAMED/לרגל.html]
[www.aspaklaria.info/030_LAMED/לשד.html]
[www.aspaklaria.info/030_LAMED/לשון.html]
[www.aspaklaria.info/030_LAMED/לשון בני אדם.html]
[www.aspaklaria.info/030_LAMED/לשון זהורית.html]
[www.aspaklaria.info/030_LAMED/לשון חזל.html]
[www.aspaklaria.info/030_LAMED/לשון הפסוק.html]
[www.aspaklaria.info/030_LAMED/לשון הקודש.html]
[www.aspaklaria.info/030_LAMED/לשון הרע.html]
[www.aspaklaria.info/030_LAMED/לשמה.html]
[www.aspaklaria.info/040_MEM/מ.html]
[www.aspaklaria.info/040_MEM/מאד.html]
[www.aspaklaria.info/040_MEM/מאדים.html]
[www.aspaklaria.info/040_MEM/מאומה.html]
[www.aspaklaria.info/040_MEM/מאורה.html]
[www.aspaklaria.info/040_MEM/מאורות.html]
[www.aspaklaria.info/040_MEM/מאורות   לקוי.html]
[www.aspaklaria.info/040_MEM/מאזנים.html]
[www.aspaklaria.info/040_MEM/מאין.html]
[www.aspaklaria.info/040_MEM/מאכלת.html]
[www.aspaklaria.info/040_MEM/מאן.html]
[www.aspaklaria.info/040_MEM/מאס.html]
[www.aspaklaria.info/040_MEM/מאשרי.html]
[www.aspaklaria.info/040_MEM/מבול.html]
[www.aspaklaria.info/040_MEM/מבטא.html]
[www.aspaklaria.info/040_MEM/מבטח.html]
[www.aspaklaria.info/040_MEM/מגד.html]
[www.aspaklaria.info/040_MEM/מגדל בבל.html]
[www.aspaklaria.info/040_MEM/מגדנות.html]
[www.aspaklaria.info/040_MEM/מגדף.html]
[www.aspaklaria.info/040_MEM/מגור.html]
[www.aspaklaria.info/040_MEM/מגוש.html]
[www.aspaklaria.info/040_MEM/מגילת איכה.html]
[www.aspaklaria.info/040_MEM/מגילת אסתר.html]
[www.aspaklaria.info/040_MEM/מגלת רות.html]
[www.aspaklaria.info/040_MEM/מגלת תענית.html]
[www.aspaklaria.info/040_MEM/מגמה.html]
[www.aspaklaria.info/040_MEM/מגן.html]
[www.aspaklaria.info/040_MEM/מגפה.html]
[www.aspaklaria.info/040_MEM/מגרפה.html]
[www.aspaklaria.info/040_MEM/מד.html]
[www.aspaklaria.info/040_MEM/מדבר.html]
[www.aspaklaria.info/040_MEM/מדבר פארן.html]
[www.aspaklaria.info/040_MEM/מדבר קדמות.html]
[www.aspaklaria.info/040_MEM/מדבר שור.html]
[www.aspaklaria.info/040_MEM/מדה   מדד.html]
[www.aspaklaria.info/040_MEM/מדה כנגד מדה.html]
[www.aspaklaria.info/040_MEM/מדהבה.html]
[www.aspaklaria.info/040_MEM/מדוה.html]
[www.aspaklaria.info/040_MEM/מדון.html]
[www.aspaklaria.info/040_MEM/מדוע.html]
[www.aspaklaria.info/040_MEM/מדורה.html]
[www.aspaklaria.info/040_MEM/מדות.html]
[www.aspaklaria.info/040_MEM/מדי.html]
[www.aspaklaria.info/040_MEM/מדין.html]
[www.aspaklaria.info/040_MEM/מדינה.html]
[www.aspaklaria.info/040_MEM/מדע.html]
[www.aspaklaria.info/040_MEM/מדרגה.html]
[www.aspaklaria.info/040_MEM/מדרש.html]
[www.aspaklaria.info/040_MEM/מה.html]
[www.aspaklaria.info/040_MEM/מהומה.html]
[www.aspaklaria.info/040_MEM/מהמורות.html]
[www.aspaklaria.info/040_MEM/מהנדס.html]
[www.aspaklaria.info/040_MEM/מהפכת.html]
[www.aspaklaria.info/040_MEM/מהר.html]
[www.aspaklaria.info/040_MEM/מואב.html]
[www.aspaklaria.info/040_MEM/מוג.html]
[www.aspaklaria.info/040_MEM/מודיעין.html]
[www.aspaklaria.info/040_MEM/מוהר.html]
[www.aspaklaria.info/040_MEM/מוזיקה.html]
[www.aspaklaria.info/040_MEM/מוח.html]
[www.aspaklaria.info/040_MEM/מוחין.html]
[www.aspaklaria.info/040_MEM/מוט   מוטה.html]
[www.aspaklaria.info/040_MEM/מוכס.html]
[www.aspaklaria.info/040_MEM/מול.html]
[www.aspaklaria.info/040_MEM/מולך.html]
[www.aspaklaria.info/040_MEM/מום.html]
[www.aspaklaria.info/040_MEM/מומחה.html]
[www.aspaklaria.info/040_MEM/מומר.html]
[www.aspaklaria.info/040_MEM/מונבז.html]
[www.aspaklaria.info/040_MEM/מוסר   רשע.html]
[www.aspaklaria.info/040_MEM/מוסר   תוכחה.html]
[www.aspaklaria.info/040_MEM/מורה נבוכים.html]
[www.aspaklaria.info/040_MEM/מוסרות.html]
[www.aspaklaria.info/040_MEM/מועד.html]
[www.aspaklaria.info/040_MEM/מופלא סמוך לאיש.html]
[www.aspaklaria.info/040_MEM/מופלא של בית דין.html]
[www.aspaklaria.info/040_MEM/מופת.html]
[www.aspaklaria.info/040_MEM/מוץ.html]
[www.aspaklaria.info/040_MEM/מוצא.html]
[www.aspaklaria.info/040_MEM/מוצאות.html]
[www.aspaklaria.info/040_MEM/מוציא שם רע.html]
[www.aspaklaria.info/040_MEM/מור.html]
[www.aspaklaria.info/040_MEM/מורא.html]
[www.aspaklaria.info/040_MEM/מוראה.html]
[www.aspaklaria.info/040_MEM/מורג.html]
[www.aspaklaria.info/040_MEM/מורה.html]
[www.aspaklaria.info/040_MEM/מורידין.html]
[www.aspaklaria.info/040_MEM/מוריה.html]
[www.aspaklaria.info/040_MEM/מורשה.html]
[www.aspaklaria.info/040_MEM/מורת רוח.html]
[www.aspaklaria.info/040_MEM/מושב ליצים.html]
[www.aspaklaria.info/040_MEM/מושל.html]
[www.aspaklaria.info/040_MEM/מותרות.html]
[www.aspaklaria.info/040_MEM/מזבח.html]
[www.aspaklaria.info/040_MEM/מזג אויר.html]
[www.aspaklaria.info/040_MEM/מזה.html]
[www.aspaklaria.info/040_MEM/מזוזה.html]
[www.aspaklaria.info/040_MEM/מזון.html]
[www.aspaklaria.info/040_MEM/מזור.html]
[www.aspaklaria.info/040_MEM/מזח.html]
[www.aspaklaria.info/040_MEM/מזיד.html]
[www.aspaklaria.info/040_MEM/מזיק.html]
[www.aspaklaria.info/040_MEM/מזיקין.html]
[www.aspaklaria.info/040_MEM/מזכיר.html]
[www.aspaklaria.info/040_MEM/מזל.html]
[www.aspaklaria.info/040_MEM/מזמה.html]
[www.aspaklaria.info/040_MEM/מזמור.html]
[www.aspaklaria.info/040_MEM/מזרח.html]
[www.aspaklaria.info/040_MEM/מזרים.html]
[www.aspaklaria.info/040_MEM/מזרק.html]
[www.aspaklaria.info/040_MEM/מח.html]
[www.aspaklaria.info/040_MEM/מחא כף.html]
[www.aspaklaria.info/040_MEM/מחאה.html]
[www.aspaklaria.info/040_MEM/מחבת.html]
[www.aspaklaria.info/040_MEM/מחוזא.html]
[www.aspaklaria.info/040_MEM/מחול.html]
[www.aspaklaria.info/040_MEM/מחוספס.html]
[www.aspaklaria.info/040_MEM/מחוסר זמן.html]
[www.aspaklaria.info/040_MEM/מחוקק.html]
[www.aspaklaria.info/040_MEM/מחזה.html]
[www.aspaklaria.info/040_MEM/מחטיא.html]
[www.aspaklaria.info/040_MEM/מחילה.html]
[www.aspaklaria.info/040_MEM/מחיצה.html]
[www.aspaklaria.info/040_MEM/מחיצה של ברזל.html]
[www.aspaklaria.info/040_MEM/מחלה.html]
[www.aspaklaria.info/040_MEM/מחלון וכליון.html]
[www.aspaklaria.info/040_MEM/מחלוקת.html]
[www.aspaklaria.info/040_MEM/מחלת.html]
[www.aspaklaria.info/040_MEM/מחלת   נגינה.html]
[www.aspaklaria.info/040_MEM/מחמד.html]
[www.aspaklaria.info/040_MEM/מחנה.html]
[www.aspaklaria.info/040_MEM/מחנה ישראל.html]
[www.aspaklaria.info/040_MEM/מחסה.html]
[www.aspaklaria.info/040_MEM/מחצית.html]
[www.aspaklaria.info/040_MEM/מחצית השקל.html]
[www.aspaklaria.info/040_MEM/מחצץ.html]
[www.aspaklaria.info/040_MEM/מחקרי.html]
[www.aspaklaria.info/040_MEM/מחר.html]
[www.aspaklaria.info/040_MEM/מחשבה.html]
[www.aspaklaria.info/040_MEM/מחתה.html]
[www.aspaklaria.info/040_MEM/מטבע.html]
[www.aspaklaria.info/040_MEM/מטה.html]
[www.aspaklaria.info/040_MEM/מטה   שינה.html]
[www.aspaklaria.info/040_MEM/מטחוי.html]
[www.aspaklaria.info/040_MEM/מטטרון.html]
[www.aspaklaria.info/040_MEM/מטר.html]
[www.aspaklaria.info/040_MEM/מי.html]
[www.aspaklaria.info/040_MEM/מי שפרע.html]
[www.aspaklaria.info/040_MEM/מיאוס.html]
[www.aspaklaria.info/040_MEM/מיכאל.html]
[www.aspaklaria.info/040_MEM/מיכה   ופסל.html]
[www.aspaklaria.info/040_MEM/מיכה   הנביא.html]
[www.aspaklaria.info/040_MEM/מיכיהו.html]
[www.aspaklaria.info/040_MEM/מיכל.html]
[www.aspaklaria.info/040_MEM/מילדת.html]
[www.aspaklaria.info/040_MEM/מילה.html]
[www.aspaklaria.info/040_MEM/מים.html]
[www.aspaklaria.info/040_MEM/מים אחרונים.html]
[www.aspaklaria.info/040_MEM/מי חטאת.html]
[www.aspaklaria.info/040_MEM/מי מלח.html]
[www.aspaklaria.info/040_MEM/מי מריבה.html]
[www.aspaklaria.info/040_MEM/מי סוטה.html]
[www.aspaklaria.info/040_MEM/מי ראש.html]
[www.aspaklaria.info/040_MEM/מי רגלים.html]
[www.aspaklaria.info/040_MEM/מין   מינות.html]
[www.aspaklaria.info/040_MEM/מינים.html]
[www.aspaklaria.info/040_MEM/מינקת.html]
[www.aspaklaria.info/040_MEM/מירב.html]
[www.aspaklaria.info/040_MEM/מישאל ואלצפן.html]
[www.aspaklaria.info/040_MEM/מישע.html]
[www.aspaklaria.info/040_MEM/מישוש.html]
[www.aspaklaria.info/040_MEM/מישרים.html]
[www.aspaklaria.info/040_MEM/מיתה.html]
[www.aspaklaria.info/040_MEM/מיתה בידי שמים.html]
[www.aspaklaria.info/040_MEM/מיתת בית דין.html]
[www.aspaklaria.info/040_MEM/מיתה   הרוגי מלכות.html]
[www.aspaklaria.info/040_MEM/מכה.html]
[www.aspaklaria.info/040_MEM/מכה אביו ואמו.html]
[www.aspaklaria.info/040_MEM/מכוה.html]
[www.aspaklaria.info/040_MEM/מכון.html]
[www.aspaklaria.info/040_MEM/מכות.html]
[www.aspaklaria.info/040_MEM/מכיר.html]
[www.aspaklaria.info/040_MEM/מכירה.html]
[www.aspaklaria.info/040_MEM/מכל.html]
[www.aspaklaria.info/040_MEM/מכנה שם.html]
[www.aspaklaria.info/040_MEM/מכנסים.html]
[www.aspaklaria.info/040_MEM/מכס.html]
[www.aspaklaria.info/040_MEM/מכסת.html]
[www.aspaklaria.info/040_MEM/מכרי כהונה.html]
[www.aspaklaria.info/040_MEM/מכתם.html]
[www.aspaklaria.info/040_MEM/מכתש.html]
[www.aspaklaria.info/040_MEM/מכתשת.html]
[www.aspaklaria.info/040_MEM/מלא.html]
[www.aspaklaria.info/040_MEM/מלא אחרי.html]
[www.aspaklaria.info/040_MEM/מלא יד.html]
[www.aspaklaria.info/040_MEM/מלאה.html]
[www.aspaklaria.info/040_MEM/מלאך.html]
[www.aspaklaria.info/040_MEM/מלאך   אופנים.html]
[www.aspaklaria.info/040_MEM/מלאך   גבריאל.html]
[www.aspaklaria.info/040_MEM/מלאך   חבלה.html]
[www.aspaklaria.info/040_MEM/מלאך   חיות.html]
[www.aspaklaria.info/040_MEM/מלאך המות.html]
[www.aspaklaria.info/040_MEM/מלאך   רפאל.html]
[www.aspaklaria.info/040_MEM/מלאך   שירה וקדושה.html]
[www.aspaklaria.info/040_MEM/מלאך   תורה.html]
[www.aspaklaria.info/040_MEM/מלאכה.html]
[www.aspaklaria.info/040_MEM/מלאכי.html]
[www.aspaklaria.info/040_MEM/מלבד.html]
[www.aspaklaria.info/040_MEM/מלבין פנים.html]
[www.aspaklaria.info/040_MEM/מלוא.html]
[www.aspaklaria.info/040_MEM/מלואים.html]
[www.aspaklaria.info/040_MEM/מלוה.html]
[www.aspaklaria.info/040_MEM/מלח   קרבן.html]
[www.aspaklaria.info/040_MEM/מלח   אניה.html]
[www.aspaklaria.info/040_MEM/מלחמה.html]
[www.aspaklaria.info/040_MEM/מלט.html]
[www.aspaklaria.info/040_MEM/מליח.html]
[www.aspaklaria.info/040_MEM/מליקה.html]
[www.aspaklaria.info/040_MEM/מלך   מלכות.html]
[www.aspaklaria.info/040_MEM/מלכות רביעית.html]
[www.aspaklaria.info/040_MEM/מלכי צדק.html]
[www.aspaklaria.info/040_MEM/מלכת השמים.html]
[www.aspaklaria.info/040_MEM/מלל.html]
[www.aspaklaria.info/040_MEM/מלמד.html]
[www.aspaklaria.info/040_MEM/מלפפון.html]
[www.aspaklaria.info/040_MEM/מלצר.html]
[www.aspaklaria.info/040_MEM/מלק.html]
[www.aspaklaria.info/040_MEM/מלקוח.html]
[www.aspaklaria.info/040_MEM/מלקוש.html]
[www.aspaklaria.info/040_MEM/מלקות.html]
[www.aspaklaria.info/040_MEM/מלתחה.html]
[www.aspaklaria.info/040_MEM/מלתעות.html]
[www.aspaklaria.info/040_MEM/ממארת.html]
[www.aspaklaria.info/040_MEM/ממוכן.html]
[www.aspaklaria.info/040_MEM/מלשין.html]
[www.aspaklaria.info/040_MEM/ממולח.html]
[www.aspaklaria.info/040_MEM/ממון.html]
[www.aspaklaria.info/040_MEM/ממזר.html]
[www.aspaklaria.info/040_MEM/ממחרת השבת.html]
[www.aspaklaria.info/040_MEM/ממלכה.html]
[www.aspaklaria.info/040_MEM/ממנו.html]
[www.aspaklaria.info/040_MEM/ממעל.html]
[www.aspaklaria.info/040_MEM/ממרא.html]
[www.aspaklaria.info/040_MEM/ממשח וממרט.html]
[www.aspaklaria.info/040_MEM/ממשלה.html]
[www.aspaklaria.info/040_MEM/מן   מ.html]
[www.aspaklaria.info/040_MEM/מן   דור המדבר.html]
[www.aspaklaria.info/040_MEM/מן העולם.html]
[www.aspaklaria.info/040_MEM/מנגד.html]
[www.aspaklaria.info/040_MEM/מנה   חלק.html]
[www.aspaklaria.info/040_MEM/מנה   בחר.html]
[www.aspaklaria.info/040_MEM/מנה   מנין.html]
[www.aspaklaria.info/040_MEM/מנהג.html]
[www.aspaklaria.info/040_MEM/מנהיג.html]
[www.aspaklaria.info/040_MEM/מנהרה.html]
[www.aspaklaria.info/040_MEM/מנוח.html]
[www.aspaklaria.info/040_MEM/מנוחה.html]
[www.aspaklaria.info/040_MEM/מנורה.html]
[www.aspaklaria.info/040_MEM/מנזר.html]
[www.aspaklaria.info/040_MEM/מנחה   קרבן   תפלה.html]
[www.aspaklaria.info/040_MEM/מנחה   מתנה.html]
[www.aspaklaria.info/040_MEM/מנין.html]
[www.aspaklaria.info/040_MEM/מנלם.html]
[www.aspaklaria.info/040_MEM/מנע.html]
[www.aspaklaria.info/040_MEM/מנעל.html]
[www.aspaklaria.info/040_MEM/מנצפך.html]
[www.aspaklaria.info/040_MEM/מנשה.html]
[www.aspaklaria.info/040_MEM/מנשה המלך.html]
[www.aspaklaria.info/040_MEM/מס.html]
[www.aspaklaria.info/040_MEM/מסוה.html]
[www.aspaklaria.info/040_MEM/מסורת.html]
[www.aspaklaria.info/040_MEM/מסות.html]
[www.aspaklaria.info/040_MEM/מסחר.html]
[www.aspaklaria.info/040_MEM/מסטיק.html]
[www.aspaklaria.info/040_MEM/מסיג גבול.html]
[www.aspaklaria.info/040_MEM/מסיח לפי תומו.html]
[www.aspaklaria.info/040_MEM/מסילה.html]
[www.aspaklaria.info/040_MEM/מסירה.html]
[www.aspaklaria.info/040_MEM/מסירות נפש.html]
[www.aspaklaria.info/040_MEM/מסית.html]
[www.aspaklaria.info/040_MEM/מסך.html]
[www.aspaklaria.info/040_MEM/מסכה.html]
[www.aspaklaria.info/040_MEM/מסכנות.html]
[www.aspaklaria.info/040_MEM/מסכתא.html]
[www.aspaklaria.info/040_MEM/מסע.html]
[www.aspaklaria.info/040_MEM/מספא.html]
[www.aspaklaria.info/040_MEM/מספר.html]
[www.aspaklaria.info/040_MEM/מספר   אחד.html]
[www.aspaklaria.info/040_MEM/מספר   שנים.html]
[www.aspaklaria.info/040_MEM/מספר   שלשה.html]
[www.aspaklaria.info/040_MEM/מספר   ארבעה.html]
[www.aspaklaria.info/040_MEM/מספר   חמשה.html]
[www.aspaklaria.info/040_MEM/מספר   ששה.html]
[www.aspaklaria.info/040_MEM/מספר   שבעה.html]
[www.aspaklaria.info/040_MEM/מספר   שמונה.html]
[www.aspaklaria.info/040_MEM/מספר   תשעה.html]
[www.aspaklaria.info/040_MEM/מספר   עשרה.html]
[www.aspaklaria.info/040_MEM/מספר   יא.html]
[www.aspaklaria.info/040_MEM/מספר   יב.html]
[www.aspaklaria.info/040_MEM/מספר   יג.html]
[www.aspaklaria.info/040_MEM/מספר   טו.html]
[www.aspaklaria.info/040_MEM/מספר   יח.html]
[www.aspaklaria.info/040_MEM/מספר   שלשים.html]
[www.aspaklaria.info/040_MEM/מספר   ארבעים.html]
[www.aspaklaria.info/040_MEM/מספר   מה.html]
[www.aspaklaria.info/040_MEM/מספר   חמשים.html]
[www.aspaklaria.info/040_MEM/מספר   ששים.html]
[www.aspaklaria.info/040_MEM/מספר   שבעים.html]
[www.aspaklaria.info/040_MEM/מספר   שמונים.html]
[www.aspaklaria.info/040_MEM/מספר   מאה.html]
[www.aspaklaria.info/040_MEM/מספר   ש.html]
[www.aspaklaria.info/040_MEM/מספר   ת.html]
[www.aspaklaria.info/040_MEM/מספר   אלף.html]
[www.aspaklaria.info/040_MEM/מספר   רבבה.html]
[www.aspaklaria.info/040_MEM/מספר   ששים רבוא.html]
[www.aspaklaria.info/040_MEM/מסרף.html]
[www.aspaklaria.info/040_MEM/מסת.html]
[www.aspaklaria.info/040_MEM/מעון.html]
[www.aspaklaria.info/040_MEM/מעונן.html]
[www.aspaklaria.info/040_MEM/מעוף.html]
[www.aspaklaria.info/040_MEM/מעי   מעים.html]
[www.aspaklaria.info/040_MEM/מעי עיוור.html]
[www.aspaklaria.info/040_MEM/מעיל.html]
[www.aspaklaria.info/040_MEM/מעילה.html]
[www.aspaklaria.info/040_MEM/מעין.html]
[www.aspaklaria.info/040_MEM/מעל   מעילה.html]
[www.aspaklaria.info/040_MEM/מעלה בחוץ.html]
[www.aspaklaria.info/040_MEM/מעלה גרה.html]
[www.aspaklaria.info/040_MEM/מעלל.html]
[www.aspaklaria.info/040_MEM/מעמדות.html]
[www.aspaklaria.info/040_MEM/מעמד ומושב.html]
[www.aspaklaria.info/040_MEM/מענה   מענית.html]
[www.aspaklaria.info/040_MEM/מעקה.html]
[www.aspaklaria.info/040_MEM/מערב.html]
[www.aspaklaria.info/040_MEM/מערה.html]
[www.aspaklaria.info/040_MEM/מערת המכפלה.html]
[www.aspaklaria.info/040_MEM/מערכה.html]
[www.aspaklaria.info/040_MEM/מעשה.html]
[www.aspaklaria.info/040_MEM/מעשה אבות.html]
[www.aspaklaria.info/040_MEM/מעשה בראשית.html]
[www.aspaklaria.info/040_MEM/מעשה מרכבה   מרכבה.html]
[www.aspaklaria.info/040_MEM/מעשים טובים.html]
[www.aspaklaria.info/040_MEM/מעשר.html]
[www.aspaklaria.info/040_MEM/מעשר בהמה.html]
[www.aspaklaria.info/040_MEM/מעשר   בעור וודוי.html]
[www.aspaklaria.info/040_MEM/מעשר עני.html]
[www.aspaklaria.info/040_MEM/מעשר שני.html]
[www.aspaklaria.info/040_MEM/מפיבושת.html]
[www.aspaklaria.info/040_MEM/מפלשי.html]
[www.aspaklaria.info/040_MEM/מפלצת.html]
[www.aspaklaria.info/040_MEM/מפני.html]
[www.aspaklaria.info/040_MEM/מפרסת פרסה.html]
[www.aspaklaria.info/040_MEM/מפתה.html]
[www.aspaklaria.info/040_MEM/מפתח.html]
[www.aspaklaria.info/040_MEM/מצא   מציאה.html]
[www.aspaklaria.info/040_MEM/מצא חן.html]
[www.aspaklaria.info/040_MEM/מצבה.html]
[www.aspaklaria.info/040_MEM/מצה.html]
[www.aspaklaria.info/040_MEM/מצוה.html]
[www.aspaklaria.info/040_MEM/מצוה   בין אדם למקום   בין אדם לחברו.html]
[www.aspaklaria.info/040_MEM/מצוה   מעשה.html]
[www.aspaklaria.info/040_MEM/מצוה   עשה ולא תעשה.html]
[www.aspaklaria.info/040_MEM/מצוה   פעולה.html]
[www.aspaklaria.info/040_MEM/מצוה   תלויה בארץ.html]
[www.aspaklaria.info/040_MEM/מצולה.html]
[www.aspaklaria.info/040_MEM/מצוק.html]
[www.aspaklaria.info/040_MEM/מצוקי.html]
[www.aspaklaria.info/040_MEM/מצור.html]
[www.aspaklaria.info/040_MEM/מצורע.html]
[www.aspaklaria.info/040_MEM/מצח.html]
[www.aspaklaria.info/040_MEM/מצחק.html]
[www.aspaklaria.info/040_MEM/מציאות.html]
[www.aspaklaria.info/040_MEM/מצעדי.html]
[www.aspaklaria.info/040_MEM/מצפה.html]
[www.aspaklaria.info/040_MEM/מצפון.html]
[www.aspaklaria.info/040_MEM/מצרים.html]
[www.aspaklaria.info/040_MEM/מצרים   בים סוף.html]
[www.aspaklaria.info/040_MEM/מצרים   ישיבת.html]
[www.aspaklaria.info/040_MEM/מצרים   רעב.html]
[www.aspaklaria.info/040_MEM/מקדש.html]
[www.aspaklaria.info/040_MEM/מקוה.html]
[www.aspaklaria.info/040_MEM/מקום.html]
[www.aspaklaria.info/040_MEM/מקושש.html]
[www.aspaklaria.info/040_MEM/מקח וממכר.html]
[www.aspaklaria.info/040_MEM/מקל.html]
[www.aspaklaria.info/040_MEM/מקלל.html]
[www.aspaklaria.info/040_MEM/מקלל אביו ואמו.html]
[www.aspaklaria.info/040_MEM/מקנה.html]
[www.aspaklaria.info/040_MEM/מקץ.html]
[www.aspaklaria.info/040_MEM/מקצוע.html]
[www.aspaklaria.info/040_MEM/מקרא.html]
[www.aspaklaria.info/040_MEM/מקרא קדש.html]
[www.aspaklaria.info/040_MEM/מקרה.html]
[www.aspaklaria.info/040_MEM/מקשרות.html]
[www.aspaklaria.info/040_MEM/מר.html]
[www.aspaklaria.info/040_MEM/מראה   נבואה.html]
[www.aspaklaria.info/040_MEM/מראה   יפת תאר.html]
[www.aspaklaria.info/040_MEM/מראה   במראות.html]
[www.aspaklaria.info/040_MEM/מראה   מראתו.html]
[www.aspaklaria.info/040_MEM/מראית העין.html]
[www.aspaklaria.info/040_MEM/מראשותיו.html]
[www.aspaklaria.info/040_MEM/מרבכת.html]
[www.aspaklaria.info/040_MEM/מרגלים.html]
[www.aspaklaria.info/040_MEM/מרגלית.html]
[www.aspaklaria.info/040_MEM/מרד.html]
[www.aspaklaria.info/040_MEM/מרדכי.html]
[www.aspaklaria.info/040_MEM/מרה   רוח.html]
[www.aspaklaria.info/040_MEM/מרה   טבע.html]
[www.aspaklaria.info/040_MEM/מרה   דור המדבר.html]
[www.aspaklaria.info/040_MEM/מרודים.html]
[www.aspaklaria.info/040_MEM/מרודך בלאדן.html]
[www.aspaklaria.info/040_MEM/מרוז.html]
[www.aspaklaria.info/040_MEM/מרור.html]
[www.aspaklaria.info/040_MEM/מרחוק.html]
[www.aspaklaria.info/040_MEM/מרזח.html]
[www.aspaklaria.info/040_MEM/מרחץ.html]
[www.aspaklaria.info/040_MEM/מרחק.html]
[www.aspaklaria.info/040_MEM/מרחשון.html]
[www.aspaklaria.info/040_MEM/מרי בר איסק.html]
[www.aspaklaria.info/040_MEM/מריא.html]
[www.aspaklaria.info/040_MEM/מריבה.html]
[www.aspaklaria.info/040_MEM/מרים.html]
[www.aspaklaria.info/040_MEM/מרים בת בייתוס.html]
[www.aspaklaria.info/040_MEM/מרים בת בלגה.html]
[www.aspaklaria.info/040_MEM/מרים בת נקדימון.html]
[www.aspaklaria.info/040_MEM/מרים התרמודית.html]
[www.aspaklaria.info/040_MEM/מריקה.html]
[www.aspaklaria.info/040_MEM/מרירי.html]
[www.aspaklaria.info/040_MEM/מרך.html]
[www.aspaklaria.info/040_MEM/מרכבה.html]
[www.aspaklaria.info/040_MEM/מרכז.html]
[www.aspaklaria.info/040_MEM/מרמה.html]
[www.aspaklaria.info/040_MEM/מרעהו.html]
[www.aspaklaria.info/040_MEM/מרק.html]
[www.aspaklaria.info/040_MEM/מרקוליס.html]
[www.aspaklaria.info/040_MEM/מררי.html]
[www.aspaklaria.info/040_MEM/מרשה.html]
[www.aspaklaria.info/040_MEM/מרתא בת בייתוס.html]
[www.aspaklaria.info/040_MEM/משא   נבואה.html]
[www.aspaklaria.info/040_MEM/משא   משאוי.html]
[www.aspaklaria.info/040_MEM/משארות.html]
[www.aspaklaria.info/040_MEM/משאת.html]
[www.aspaklaria.info/040_MEM/משגל.html]
[www.aspaklaria.info/040_MEM/משה.html]
[www.aspaklaria.info/040_MEM/משה   אוהל מועד.html]
[www.aspaklaria.info/040_MEM/משה ואהרן.html]
[www.aspaklaria.info/040_MEM/משה   אותות.html]
[www.aspaklaria.info/040_MEM/משה   וארון יוסף.html]
[www.aspaklaria.info/040_MEM/משה   וארץ ישראל.html]
[www.aspaklaria.info/040_MEM/משה   ובניו.html]
[www.aspaklaria.info/040_MEM/משה   ברכתו.html]
[www.aspaklaria.info/040_MEM/משה   דין.html]
[www.aspaklaria.info/040_MEM/משה   חטא.html]
[www.aspaklaria.info/040_MEM/משה   חצוצרות.html]
[www.aspaklaria.info/040_MEM/משה   ידיעה.html]
[www.aspaklaria.info/040_MEM/משה   וה.html]
[www.aspaklaria.info/040_MEM/משה   ויהושע.html]
[www.aspaklaria.info/040_MEM/משה   וישראל.html]
[www.aspaklaria.info/040_MEM/משה   ויתרו.html]
[www.aspaklaria.info/040_MEM/משה   כהונה.html]
[www.aspaklaria.info/040_MEM/משה   והלוחות.html]
[www.aspaklaria.info/040_MEM/משה   לידתו.html]
[www.aspaklaria.info/040_MEM/משה   במדין.html]
[www.aspaklaria.info/040_MEM/משה   מטה.html]
[www.aspaklaria.info/040_MEM/משה   מי מריבה.html]
[www.aspaklaria.info/040_MEM/משה   מילה.html]
[www.aspaklaria.info/040_MEM/משה   מיתה וקבורה.html]
[www.aspaklaria.info/040_MEM/משה   והמצרי.html]
[www.aspaklaria.info/040_MEM/משה   ומלאכים.html]
[www.aspaklaria.info/040_MEM/משה   ומרים.html]
[www.aspaklaria.info/040_MEM/משה   נבואה.html]
[www.aspaklaria.info/040_MEM/משה   סיחון ועוג.html]
[www.aspaklaria.info/040_MEM/משה   בסיני.html]
[www.aspaklaria.info/040_MEM/משה   בסנה.html]
[www.aspaklaria.info/040_MEM/משה   עמלק.html]
[www.aspaklaria.info/040_MEM/משה   ערל שפתים.html]
[www.aspaklaria.info/040_MEM/משה   ופרעה.html]
[www.aspaklaria.info/040_MEM/משה   וצפורה.html]
[www.aspaklaria.info/040_MEM/משה   קרון עור פניו.html]
[www.aspaklaria.info/040_MEM/משה   וחטא העגל.html]
[www.aspaklaria.info/040_MEM/משה   וקרח.html]
[www.aspaklaria.info/040_MEM/משה   תוכחה.html]
[www.aspaklaria.info/040_MEM/משה   תורה.html]
[www.aspaklaria.info/040_MEM/משה   תפלה.html]
[www.aspaklaria.info/040_MEM/משה   תפלה במרגלים.html]
[www.aspaklaria.info/040_MEM/משה   תפלה בעגל.html]
[www.aspaklaria.info/040_MEM/משה   תפלה לעצמו.html]
[www.aspaklaria.info/040_MEM/משואות.html]
[www.aspaklaria.info/040_MEM/משוכה.html]
[www.aspaklaria.info/040_MEM/משומד.html]
[www.aspaklaria.info/040_MEM/משורה.html]
[www.aspaklaria.info/040_MEM/משוש.html]
[www.aspaklaria.info/040_MEM/משוא פנים.html]
[www.aspaklaria.info/040_MEM/משח   משיחה.html]
[www.aspaklaria.info/040_MEM/משחית.html]
[www.aspaklaria.info/040_MEM/משחק.html]
[www.aspaklaria.info/040_MEM/משי.html]
[www.aspaklaria.info/040_MEM/משיח.html]
[www.aspaklaria.info/040_MEM/משיח בן יוסף.html]
[www.aspaklaria.info/040_MEM/משיח   חבלי.html]
[www.aspaklaria.info/040_MEM/משיח   ימות.html]
[www.aspaklaria.info/040_MEM/משכב זכור.html]
[www.aspaklaria.info/040_MEM/משיכה.html]
[www.aspaklaria.info/040_MEM/משך.html]
[www.aspaklaria.info/040_MEM/משכון.html]
[www.aspaklaria.info/040_MEM/משכיל.html]
[www.aspaklaria.info/040_MEM/משכית.html]
[www.aspaklaria.info/040_MEM/משכן.html]
[www.aspaklaria.info/040_MEM/משכן   אדנים.html]
[www.aspaklaria.info/040_MEM/משכן   בריחים.html]
[www.aspaklaria.info/040_MEM/משכן   הקמה ומשיחה.html]
[www.aspaklaria.info/040_MEM/משכן   חנכת.html]
[www.aspaklaria.info/040_MEM/משכן   חצר.html]
[www.aspaklaria.info/040_MEM/משכן   יריעות ומכסה.html]
[www.aspaklaria.info/040_MEM/משכן   מסע.html]
[www.aspaklaria.info/040_MEM/משכן   מעשה.html]
[www.aspaklaria.info/040_MEM/משכן   נדבת.html]
[www.aspaklaria.info/040_MEM/משכן   פרוכת.html]
[www.aspaklaria.info/040_MEM/משכן   קרסים.html]
[www.aspaklaria.info/040_MEM/משכן   קרשים.html]
[www.aspaklaria.info/040_MEM/משכן   פקודי.html]
[www.aspaklaria.info/040_MEM/משל   מלך.html]
[www.aspaklaria.info/040_MEM/משל.html]
[www.aspaklaria.info/040_MEM/משלח מנות.html]
[www.aspaklaria.info/040_MEM/משלי.html]
[www.aspaklaria.info/040_MEM/משלשת.html]
[www.aspaklaria.info/040_MEM/משמן.html]
[www.aspaklaria.info/040_MEM/משמר   משמרת.html]
[www.aspaklaria.info/040_MEM/משנה.html]
[www.aspaklaria.info/040_MEM/משנה תורה.html]
[www.aspaklaria.info/040_MEM/משנים.html]
[www.aspaklaria.info/040_MEM/משפח.html]
[www.aspaklaria.info/040_MEM/משפחה.html]
[www.aspaklaria.info/040_MEM/משפט.html]
[www.aspaklaria.info/040_MEM/משפתים.html]
[www.aspaklaria.info/040_MEM/משק   בן משק.html]
[www.aspaklaria.info/040_MEM/משק.html]
[www.aspaklaria.info/040_MEM/משקה.html]
[www.aspaklaria.info/040_MEM/משקוף.html]
[www.aspaklaria.info/040_MEM/משקל.html]
[www.aspaklaria.info/040_MEM/משרת.html]
[www.aspaklaria.info/040_MEM/משתה.html]
[www.aspaklaria.info/040_MEM/משתין בקיר.html]
[www.aspaklaria.info/040_MEM/משתולל.html]
[www.aspaklaria.info/040_MEM/מת.html]
[www.aspaklaria.info/040_MEM/מת מצוה.html]
[www.aspaklaria.info/040_MEM/מתא מחסיא.html]
[www.aspaklaria.info/040_MEM/מתג האמה.html]
[www.aspaklaria.info/040_MEM/מתום.html]
[www.aspaklaria.info/040_MEM/מתורגמן.html]
[www.aspaklaria.info/040_MEM/מתושלח.html]
[www.aspaklaria.info/040_MEM/מתים.html]
[www.aspaklaria.info/040_MEM/מתיקות.html]
[www.aspaklaria.info/040_MEM/מתכת.html]
[www.aspaklaria.info/040_MEM/מתכונת.html]
[www.aspaklaria.info/040_MEM/מתן תורה.html]
[www.aspaklaria.info/040_MEM/מתן תורה   הגבלה.html]
[www.aspaklaria.info/040_MEM/מתנה.html]
[www.aspaklaria.info/040_MEM/מתנות כהונה.html]
[www.aspaklaria.info/040_MEM/מתנות כהונה   חזה ושוק.html]
[www.aspaklaria.info/040_MEM/מתנות עניים.html]
[www.aspaklaria.info/040_MEM/מתנים.html]
[www.aspaklaria.info/040_MEM/מתתיהו.html]
[www.aspaklaria.info/050_NUN/נ.html]
[www.aspaklaria.info/050_NUN/נא   בקשה.html]
[www.aspaklaria.info/050_NUN/נא   חי.html]
[www.aspaklaria.info/050_NUN/נא  אמון.html]
[www.aspaklaria.info/050_NUN/נאדר.html]
[www.aspaklaria.info/050_NUN/נאוה.html]
[www.aspaklaria.info/050_NUN/נאום.html]
[www.aspaklaria.info/050_NUN/נאור.html]
[www.aspaklaria.info/050_NUN/נאלח.html]
[www.aspaklaria.info/050_NUN/נאמן.html]
[www.aspaklaria.info/050_NUN/נאף.html]
[www.aspaklaria.info/050_NUN/נאץ.html]
[www.aspaklaria.info/050_NUN/נאק      נאקה.html]
[www.aspaklaria.info/050_NUN/נאר.html]
[www.aspaklaria.info/050_NUN/נבו.html]
[www.aspaklaria.info/050_NUN/נבואה.html]
[www.aspaklaria.info/050_NUN/נבוזראדן.html]
[www.aspaklaria.info/050_NUN/נבוכדנאצר.html]
[www.aspaklaria.info/050_NUN/נבול  פה.html]
[www.aspaklaria.info/050_NUN/נבון.html]
[www.aspaklaria.info/050_NUN/נבות.html]
[www.aspaklaria.info/050_NUN/נבח.html]
[www.aspaklaria.info/050_NUN/נבט.html]
[www.aspaklaria.info/050_NUN/נביא.html]
[www.aspaklaria.info/050_NUN/נביא  שקר.html]
[www.aspaklaria.info/050_NUN/נביאים.html]
[www.aspaklaria.info/050_NUN/נבך      נבכי.html]
[www.aspaklaria.info/050_NUN/נבל   תבול.html]
[www.aspaklaria.info/050_NUN/נבל   עם נבל.html]
[www.aspaklaria.info/050_NUN/נבל   אביגיל.html]
[www.aspaklaria.info/050_NUN/נבל   כנור.html]
[www.aspaklaria.info/050_NUN/נבל   ליין.html]
[www.aspaklaria.info/050_NUN/נבלה   מאכלות אסורות.html]
[www.aspaklaria.info/050_NUN/נבלה.html]
[www.aspaklaria.info/050_NUN/נגב.html]
[www.aspaklaria.info/050_NUN/נגד.html]
[www.aspaklaria.info/050_NUN/נגה.html]
[www.aspaklaria.info/050_NUN/נגח.html]
[www.aspaklaria.info/050_NUN/נגיד.html]
[www.aspaklaria.info/050_NUN/נגיעה.html]
[www.aspaklaria.info/050_NUN/נגן      נגינה.html]
[www.aspaklaria.info/050_NUN/נגע   צרעת.html]
[www.aspaklaria.info/050_NUN/נגע   קרב.html]
[www.aspaklaria.info/050_NUN/נגף      מגפה.html]
[www.aspaklaria.info/050_NUN/נגש   לא יגש.html]
[www.aspaklaria.info/050_NUN/נגש.html]
[www.aspaklaria.info/050_NUN/נדב  ואביהוא.html]
[www.aspaklaria.info/050_NUN/נדבה.html]
[www.aspaklaria.info/050_NUN/נדה   זבה.html]
[www.aspaklaria.info/050_NUN/נדה   מוהר.html]
[www.aspaklaria.info/050_NUN/נדוי.html]
[www.aspaklaria.info/050_NUN/נדוניה.html]
[www.aspaklaria.info/050_NUN/נדיבות.html]
[www.aspaklaria.info/050_NUN/נדר.html]
[www.aspaklaria.info/050_NUN/נהג.html]
[www.aspaklaria.info/050_NUN/נהיה.html]
[www.aspaklaria.info/050_NUN/נהל.html]
[www.aspaklaria.info/050_NUN/נהר   ונהרו.html]
[www.aspaklaria.info/050_NUN/נהר   נחל.html]
[www.aspaklaria.info/050_NUN/נהר  דינור.html]
[www.aspaklaria.info/050_NUN/נהר  כבר.html]
[www.aspaklaria.info/050_NUN/נהרדעא.html]
[www.aspaklaria.info/050_NUN/נוב.html]
[www.aspaklaria.info/050_NUN/נוגה.html]
[www.aspaklaria.info/050_NUN/נוגש.html]
[www.aspaklaria.info/050_NUN/נוד.html]
[www.aspaklaria.info/050_NUN/נוח.html]
[www.aspaklaria.info/050_NUN/נוטריקון.html]
[www.aspaklaria.info/050_NUN/נוכח.html]
[www.aspaklaria.info/050_NUN/נום.html]
[www.aspaklaria.info/050_NUN/נון.html]
[www.aspaklaria.info/050_NUN/נוס.html]
[www.aspaklaria.info/050_NUN/נוע.html]
[www.aspaklaria.info/050_NUN/נועז.html]
[www.aspaklaria.info/050_NUN/נוער.html]
[www.aspaklaria.info/050_NUN/נוף.html]
[www.aspaklaria.info/050_NUN/נופת.html]
[www.aspaklaria.info/050_NUN/נוצה.html]
[www.aspaklaria.info/050_NUN/נוצרים.html]
[www.aspaklaria.info/050_NUN/נוצר  חסד.html]
[www.aspaklaria.info/050_NUN/נוקד.html]
[www.aspaklaria.info/050_NUN/נורא.html]
[www.aspaklaria.info/050_NUN/נותר.html]
[www.aspaklaria.info/050_NUN/נזיפה.html]
[www.aspaklaria.info/050_NUN/נזיקין.html]
[www.aspaklaria.info/050_NUN/נזיר.html]
[www.aspaklaria.info/050_NUN/נזם.html]
[www.aspaklaria.info/050_NUN/נזר.html]
[www.aspaklaria.info/050_NUN/נזק.html]
[www.aspaklaria.info/050_NUN/נח.html]
[www.aspaklaria.info/050_NUN/נח      ובניו.html]
[www.aspaklaria.info/050_NUN/נח      כרם.html]
[www.aspaklaria.info/050_NUN/נח      קרבן.html]
[www.aspaklaria.info/050_NUN/נח      והתבה.html]
[www.aspaklaria.info/050_NUN/נחה.html]
[www.aspaklaria.info/050_NUN/נחום.html]
[www.aspaklaria.info/050_NUN/נחום  איש  גמזו.html]
[www.aspaklaria.info/050_NUN/נחור.html]
[www.aspaklaria.info/050_NUN/נחוש.html]
[www.aspaklaria.info/050_NUN/נחל  קישון.html]
[www.aspaklaria.info/050_NUN/נחל      נחלה.html]
[www.aspaklaria.info/050_NUN/נחם      נחמה.html]
[www.aspaklaria.info/050_NUN/נחמד.html]
[www.aspaklaria.info/050_NUN/נחמיה.html]
[www.aspaklaria.info/050_NUN/נחר.html]
[www.aspaklaria.info/050_NUN/נחרפת.html]
[www.aspaklaria.info/050_NUN/נחרץ.html]
[www.aspaklaria.info/050_NUN/נחש.html]
[www.aspaklaria.info/050_NUN/נחש      חטא  ועונש.html]
[www.aspaklaria.info/050_NUN/נחש      בריח.html]
[www.aspaklaria.info/050_NUN/נחש  הנחושת.html]
[www.aspaklaria.info/050_NUN/נחש  העמוני.html]
[www.aspaklaria.info/050_NUN/נחש  מלך  בני  עמון.html]
[www.aspaklaria.info/050_NUN/נחשון.html]
[www.aspaklaria.info/050_NUN/נחת.html]
[www.aspaklaria.info/050_NUN/נטה.html]
[www.aspaklaria.info/050_NUN/נטילה.html]
[www.aspaklaria.info/050_NUN/נטילת  ידים.html]
[www.aspaklaria.info/050_NUN/נטירה.html]
[www.aspaklaria.info/050_NUN/נטישות.html]
[www.aspaklaria.info/050_NUN/נטע      נטיעה.html]
[www.aspaklaria.info/050_NUN/נטף.html]
[www.aspaklaria.info/050_NUN/נטש.html]
[www.aspaklaria.info/050_NUN/ניחוח.html]
[www.aspaklaria.info/050_NUN/נילוס.html]
[www.aspaklaria.info/050_NUN/ניאוף.html]
[www.aspaklaria.info/050_NUN/נין.html]
[www.aspaklaria.info/050_NUN/נינוה.html]
[www.aspaklaria.info/050_NUN/ניסן.html]
[www.aspaklaria.info/050_NUN/ניקנור.html]
[www.aspaklaria.info/050_NUN/נכאת.html]
[www.aspaklaria.info/050_NUN/נכד.html]
[www.aspaklaria.info/050_NUN/נכוחה.html]
[www.aspaklaria.info/050_NUN/נכון.html]
[www.aspaklaria.info/050_NUN/נכח.html]
[www.aspaklaria.info/050_NUN/נכסים.html]
[www.aspaklaria.info/050_NUN/נכרי.html]
[www.aspaklaria.info/050_NUN/נכרי      קרבן.html]
[www.aspaklaria.info/050_NUN/נכרי      תורה.html]
[www.aspaklaria.info/050_NUN/נכרית.html]
[www.aspaklaria.info/050_NUN/נלוז.html]
[www.aspaklaria.info/050_NUN/נמלה.html]
[www.aspaklaria.info/050_NUN/נמלץ.html]
[www.aspaklaria.info/050_NUN/נמרוד.html]
[www.aspaklaria.info/050_NUN/נמרץ.html]
[www.aspaklaria.info/050_NUN/נס   אות.html]
[www.aspaklaria.info/050_NUN/נס   על נס.html]
[www.aspaklaria.info/050_NUN/נסיון.html]
[www.aspaklaria.info/050_NUN/נסס.html]
[www.aspaklaria.info/050_NUN/נסע.html]
[www.aspaklaria.info/050_NUN/נסתר.html]
[www.aspaklaria.info/050_NUN/נעות  המרדות.html]
[www.aspaklaria.info/050_NUN/נעל.html]
[www.aspaklaria.info/050_NUN/נעמה.html]
[www.aspaklaria.info/050_NUN/נעמה  העמונית.html]
[www.aspaklaria.info/050_NUN/נעמי.html]
[www.aspaklaria.info/050_NUN/נעמיות.html]
[www.aspaklaria.info/050_NUN/נעמן.html]
[www.aspaklaria.info/050_NUN/נעצוץ.html]
[www.aspaklaria.info/050_NUN/נער.html]
[www.aspaklaria.info/050_NUN/נערה.html]
[www.aspaklaria.info/050_NUN/נערץ.html]
[www.aspaklaria.info/050_NUN/נעשה  ונשמע.html]
[www.aspaklaria.info/050_NUN/נעתם.html]
[www.aspaklaria.info/050_NUN/נפילים.html]
[www.aspaklaria.info/050_NUN/נפל.html]
[www.aspaklaria.info/050_NUN/נפילת  אפים.html]
[www.aspaklaria.info/050_NUN/נפלאות.html]
[www.aspaklaria.info/050_NUN/נפץ.html]
[www.aspaklaria.info/050_NUN/נפש.html]
[www.aspaklaria.info/050_NUN/נפש  חיה.html]
[www.aspaklaria.info/050_NUN/נפתלי.html]
[www.aspaklaria.info/050_NUN/נץ   פרי.html]
[www.aspaklaria.info/050_NUN/נץ   עופות.html]
[www.aspaklaria.info/050_NUN/נצב.html]
[www.aspaklaria.info/050_NUN/נצבים.html]
[www.aspaklaria.info/050_NUN/נצה.html]
[www.aspaklaria.info/050_NUN/נצח.html]
[www.aspaklaria.info/050_NUN/נצל.html]
[www.aspaklaria.info/050_NUN/נצר   שמר.html]
[www.aspaklaria.info/050_NUN/נצר   צומח.html]
[www.aspaklaria.info/050_NUN/נצרות.html]
[www.aspaklaria.info/050_NUN/נקב.html]
[www.aspaklaria.info/050_NUN/נקבה.html]
[www.aspaklaria.info/050_NUN/נקדימון.html]
[www.aspaklaria.info/050_NUN/נקודה.html]
[www.aspaklaria.info/050_NUN/נקודים.html]
[www.aspaklaria.info/050_NUN/נקי      נקיון.html]
[www.aspaklaria.info/050_NUN/נקמה.html]
[www.aspaklaria.info/050_NUN/נקנור      שער.html]
[www.aspaklaria.info/050_NUN/נקף      נקפה.html]
[www.aspaklaria.info/050_NUN/נקר      נקרה.html]
[www.aspaklaria.info/050_NUN/נקש      נקשה.html]
[www.aspaklaria.info/050_NUN/נר   אור.html]
[www.aspaklaria.info/050_NUN/נר   סבו של שאול.html]
[www.aspaklaria.info/050_NUN/נרגן.html]
[www.aspaklaria.info/050_NUN/נרדף.html]
[www.aspaklaria.info/050_NUN/נשא.html]
[www.aspaklaria.info/050_NUN/נשא  יד.html]
[www.aspaklaria.info/050_NUN/נשא  לב.html]
[www.aspaklaria.info/050_NUN/נשא  עון.html]
[www.aspaklaria.info/050_NUN/נשא  עין.html]
[www.aspaklaria.info/050_NUN/נשא  פנים.html]
[www.aspaklaria.info/050_NUN/נשא  ראש.html]
[www.aspaklaria.info/050_NUN/נשא  רגל.html]
[www.aspaklaria.info/050_NUN/נשה.html]
[www.aspaklaria.info/050_NUN/נשואות.html]
[www.aspaklaria.info/050_NUN/נשואין.html]
[www.aspaklaria.info/050_NUN/נשואין      סעודה.html]
[www.aspaklaria.info/050_NUN/נשואין      שנה  ראשונה.html]
[www.aspaklaria.info/050_NUN/נשיא.html]
[www.aspaklaria.info/050_NUN/נשיאים.html]
[www.aspaklaria.info/050_NUN/נשיאת  כפים.html]
[www.aspaklaria.info/050_NUN/נשיקה.html]
[www.aspaklaria.info/050_NUN/נשל.html]
[www.aspaklaria.info/050_NUN/נשמה.html]
[www.aspaklaria.info/050_NUN/נשמה      וגוף.html]
[www.aspaklaria.info/050_NUN/נשמה      גלגול.html]
[www.aspaklaria.info/050_NUN/נשמה      יחידה.html]
[www.aspaklaria.info/050_NUN/נשמה      יתרה.html]
[www.aspaklaria.info/050_NUN/נשף.html]
[www.aspaklaria.info/050_NUN/נשפה.html]
[www.aspaklaria.info/050_NUN/נשק.html]
[www.aspaklaria.info/050_NUN/נשר.html]
[www.aspaklaria.info/050_NUN/נתח.html]
[www.aspaklaria.info/050_NUN/נתיב.html]
[www.aspaklaria.info/050_NUN/נתין.html]
[www.aspaklaria.info/050_NUN/נתן.html]
[www.aspaklaria.info/050_NUN/נתן  הנביא.html]
[www.aspaklaria.info/050_NUN/נתנאל.html]
[www.aspaklaria.info/050_NUN/נתץ.html]
[www.aspaklaria.info/050_NUN/נתק.html]
[www.aspaklaria.info/050_NUN/נתר.html]
[www.aspaklaria.info/060_SAMEKH/ס.html]
[www.aspaklaria.info/060_SAMEKH/סאה.html]
[www.aspaklaria.info/060_SAMEKH/סאסאה.html]
[www.aspaklaria.info/060_SAMEKH/סב.html]
[www.aspaklaria.info/060_SAMEKH/סבב.html]
[www.aspaklaria.info/060_SAMEKH/סבה.html]
[www.aspaklaria.info/060_SAMEKH/סביבה.html]
[www.aspaklaria.info/060_SAMEKH/סבל   סבלנות.html]
[www.aspaklaria.info/060_SAMEKH/סברא.html]
[www.aspaklaria.info/060_SAMEKH/סגד.html]
[www.aspaklaria.info/060_SAMEKH/סגלה.html]
[www.aspaklaria.info/060_SAMEKH/סגן.html]
[www.aspaklaria.info/060_SAMEKH/סגר.html]
[www.aspaklaria.info/060_SAMEKH/סד.html]
[www.aspaklaria.info/060_SAMEKH/סדום.html]
[www.aspaklaria.info/060_SAMEKH/סדום   מדת.html]
[www.aspaklaria.info/060_SAMEKH/סדום   מלך.html]
[www.aspaklaria.info/060_SAMEKH/סדר.html]
[www.aspaklaria.info/060_SAMEKH/סוד.html]
[www.aspaklaria.info/060_SAMEKH/סוחר.html]
[www.aspaklaria.info/060_SAMEKH/סוטה.html]
[www.aspaklaria.info/060_SAMEKH/סוכה.html]
[www.aspaklaria.info/060_SAMEKH/סכות.html]
[www.aspaklaria.info/060_SAMEKH/סוכות.html]
[www.aspaklaria.info/060_SAMEKH/סוכן.html]
[www.aspaklaria.info/060_SAMEKH/סוכנת.html]
[www.aspaklaria.info/060_SAMEKH/סוללה.html]
[www.aspaklaria.info/060_SAMEKH/סולם.html]
[www.aspaklaria.info/060_SAMEKH/סולת.html]
[www.aspaklaria.info/060_SAMEKH/סומא.html]
[www.aspaklaria.info/060_SAMEKH/סוס.html]
[www.aspaklaria.info/060_SAMEKH/סוס עגור.html]
[www.aspaklaria.info/060_SAMEKH/סוף   גמר.html]
[www.aspaklaria.info/060_SAMEKH/סוף   ים סוף.html]
[www.aspaklaria.info/060_SAMEKH/סופה.html]
[www.aspaklaria.info/060_SAMEKH/סופר   סופרים.html]
[www.aspaklaria.info/060_SAMEKH/סור.html]
[www.aspaklaria.info/060_SAMEKH/סורא.html]
[www.aspaklaria.info/060_SAMEKH/סוריה.html]
[www.aspaklaria.info/060_SAMEKH/סורר.html]
[www.aspaklaria.info/060_SAMEKH/סורר ומורה.html]
[www.aspaklaria.info/060_SAMEKH/סות.html]
[www.aspaklaria.info/060_SAMEKH/סחר   סחורה.html]
[www.aspaklaria.info/060_SAMEKH/סחיש.html]
[www.aspaklaria.info/060_SAMEKH/סטירה.html]
[www.aspaklaria.info/060_SAMEKH/סטרא אחרא.html]
[www.aspaklaria.info/060_SAMEKH/סיד.html]
[www.aspaklaria.info/060_SAMEKH/סיום.html]
[www.aspaklaria.info/060_SAMEKH/סיון.html]
[www.aspaklaria.info/060_SAMEKH/סיחון.html]
[www.aspaklaria.info/060_SAMEKH/סייג.html]
[www.aspaklaria.info/060_SAMEKH/סימן.html]
[www.aspaklaria.info/060_SAMEKH/סין.html]
[www.aspaklaria.info/060_SAMEKH/סיני.html]
[www.aspaklaria.info/060_SAMEKH/סיסרא.html]
[www.aspaklaria.info/060_SAMEKH/סכין.html]
[www.aspaklaria.info/060_SAMEKH/סכל.html]
[www.aspaklaria.info/060_SAMEKH/סכן.html]
[www.aspaklaria.info/060_SAMEKH/סכנה.html]
[www.aspaklaria.info/060_SAMEKH/סכסך.html]
[www.aspaklaria.info/060_SAMEKH/סכר.html]
[www.aspaklaria.info/060_SAMEKH/סלה   לעולם.html]
[www.aspaklaria.info/060_SAMEKH/סלה   סולו.html]
[www.aspaklaria.info/060_SAMEKH/סלה.html]
[www.aspaklaria.info/060_SAMEKH/סלח   סליחה.html]
[www.aspaklaria.info/060_SAMEKH/סלמנדרא.html]
[www.aspaklaria.info/060_SAMEKH/סלסל.html]
[www.aspaklaria.info/060_SAMEKH/סלע.html]
[www.aspaklaria.info/060_SAMEKH/סלף.html]
[www.aspaklaria.info/060_SAMEKH/סם.html]
[www.aspaklaria.info/060_SAMEKH/סמאל.html]
[www.aspaklaria.info/060_SAMEKH/סמבטיון.html]
[www.aspaklaria.info/060_SAMEKH/סמיכה   קרבן.html]
[www.aspaklaria.info/060_SAMEKH/סמיכה   בית דין.html]
[www.aspaklaria.info/060_SAMEKH/סמיכות.html]
[www.aspaklaria.info/060_SAMEKH/סמים.html]
[www.aspaklaria.info/060_SAMEKH/סמך.html]
[www.aspaklaria.info/060_SAMEKH/סמל.html]
[www.aspaklaria.info/060_SAMEKH/סנבלט.html]
[www.aspaklaria.info/060_SAMEKH/סנדק.html]
[www.aspaklaria.info/060_SAMEKH/סנה.html]
[www.aspaklaria.info/060_SAMEKH/סנהדרין.html]
[www.aspaklaria.info/060_SAMEKH/סנורים.html]
[www.aspaklaria.info/060_SAMEKH/סנחריב.html]
[www.aspaklaria.info/060_SAMEKH/סניגור וקטיגור.html]
[www.aspaklaria.info/060_SAMEKH/סנפיר.html]
[www.aspaklaria.info/060_SAMEKH/סנפירינון.html]
[www.aspaklaria.info/060_SAMEKH/סעודה.html]
[www.aspaklaria.info/060_SAMEKH/סעודה של לויתן.html]
[www.aspaklaria.info/060_SAMEKH/סעדיה גאון.html]
[www.aspaklaria.info/060_SAMEKH/סעפים.html]
[www.aspaklaria.info/060_SAMEKH/סערה.html]
[www.aspaklaria.info/060_SAMEKH/סף.html]
[www.aspaklaria.info/060_SAMEKH/ספד.html]
[www.aspaklaria.info/060_SAMEKH/ספה.html]
[www.aspaklaria.info/060_SAMEKH/ספור   ספר.html]
[www.aspaklaria.info/060_SAMEKH/ספות.html]
[www.aspaklaria.info/060_SAMEKH/ספיח.html]
[www.aspaklaria.info/060_SAMEKH/ספינה.html]
[www.aspaklaria.info/060_SAMEKH/ספיר.html]
[www.aspaklaria.info/060_SAMEKH/מנין.html]
[www.aspaklaria.info/060_SAMEKH/ספירות.html]
[www.aspaklaria.info/060_SAMEKH/ספק.html]
[www.aspaklaria.info/060_SAMEKH/ספר.html]
[www.aspaklaria.info/060_SAMEKH/ספרים חיצוניים.html]
[www.aspaklaria.info/060_SAMEKH/ספר יצירה.html]
[www.aspaklaria.info/060_SAMEKH/ספר הישר.html]
[www.aspaklaria.info/060_SAMEKH/ספר תורה.html]
[www.aspaklaria.info/060_SAMEKH/ספר תורה   כתיבה.html]
[www.aspaklaria.info/060_SAMEKH/ספרד.html]
[www.aspaklaria.info/060_SAMEKH/סקילה.html]
[www.aspaklaria.info/060_SAMEKH/סקרנות.html]
[www.aspaklaria.info/060_SAMEKH/סרה.html]
[www.aspaklaria.info/060_SAMEKH/סרוב.html]
[www.aspaklaria.info/060_SAMEKH/סרוס.html]
[www.aspaklaria.info/060_SAMEKH/סרח.html]
[www.aspaklaria.info/060_SAMEKH/סריס.html]
[www.aspaklaria.info/060_SAMEKH/סרסור.html]
[www.aspaklaria.info/060_SAMEKH/סתום.html]
[www.aspaklaria.info/060_SAMEKH/סתם.html]
[www.aspaklaria.info/060_SAMEKH/סתירה.html]
[www.aspaklaria.info/060_SAMEKH/סתר.html]
[www.aspaklaria.info/070_AYIN/ע.html]
[www.aspaklaria.info/070_AYIN/עב.html]
[www.aspaklaria.info/070_AYIN/עבד.html]
[www.aspaklaria.info/070_AYIN/עבד ה.html]
[www.aspaklaria.info/070_AYIN/עבד   כנעני.html]
[www.aspaklaria.info/070_AYIN/עבד כנעני   הסגרה.html]
[www.aspaklaria.info/070_AYIN/עבד כנעני   יום או יומים.html]
[www.aspaklaria.info/070_AYIN/עבד כנעני   שן ועין.html]
[www.aspaklaria.info/070_AYIN/עבד מלך הכושי.html]
[www.aspaklaria.info/070_AYIN/עבד עברי.html]
[www.aspaklaria.info/070_AYIN/עבד עברי   הענקה.html]
[www.aspaklaria.info/070_AYIN/עבד עברי   נרצע.html]
[www.aspaklaria.info/070_AYIN/עבד עברי   שפחה.html]
[www.aspaklaria.info/070_AYIN/עבודה   פעולה.html]
[www.aspaklaria.info/070_AYIN/עבודה   ועבודה.html]
[www.aspaklaria.info/070_AYIN/עבודת ה.html]
[www.aspaklaria.info/070_AYIN/עבודת ה   אהבה.html]
[www.aspaklaria.info/070_AYIN/עבודת ה   יראת שמים.html]
[www.aspaklaria.info/070_AYIN/עבודת ה   עול מלכות שמים.html]
[www.aspaklaria.info/070_AYIN/עבודה זרה.html]
[www.aspaklaria.info/070_AYIN/עבודה זרה   אשרה.html]
[www.aspaklaria.info/070_AYIN/עבודה זרה   בטול.html]
[www.aspaklaria.info/070_AYIN/עבודה זרה   דגון.html]
[www.aspaklaria.info/070_AYIN/עבודה זרה   חמנים.html]
[www.aspaklaria.info/070_AYIN/עבודה זרה   כונים.html]
[www.aspaklaria.info/070_AYIN/עבודה זרה   מולך.html]
[www.aspaklaria.info/070_AYIN/עבודת אדמה.html]
[www.aspaklaria.info/070_AYIN/עבור   הריון.html]
[www.aspaklaria.info/070_AYIN/עבור.html]
[www.aspaklaria.info/070_AYIN/עבור   מעבור הארץ.html]
[www.aspaklaria.info/070_AYIN/עבור שנה.html]
[www.aspaklaria.info/070_AYIN/עבות.html]
[www.aspaklaria.info/070_AYIN/עבטיט.html]
[www.aspaklaria.info/070_AYIN/עגול   ועדשים עגולים.html]
[www.aspaklaria.info/070_AYIN/עובר.html]
[www.aspaklaria.info/070_AYIN/עבר   בנו של שם.html]
[www.aspaklaria.info/070_AYIN/עבר   פאה.html]
[www.aspaklaria.info/070_AYIN/עבר הירדן.html]
[www.aspaklaria.info/070_AYIN/עברה.html]
[www.aspaklaria.info/070_AYIN/עברי.html]
[www.aspaklaria.info/070_AYIN/עגב.html]
[www.aspaklaria.info/070_AYIN/עגול.html]
[www.aspaklaria.info/070_AYIN/עגל.html]
[www.aspaklaria.info/070_AYIN/עגל   חטא.html]
[www.aspaklaria.info/070_AYIN/עגלה.html]
[www.aspaklaria.info/070_AYIN/עגלה ערופה.html]
[www.aspaklaria.info/070_AYIN/עגלה שלישיה.html]
[www.aspaklaria.info/070_AYIN/עגלון.html]
[www.aspaklaria.info/070_AYIN/עד.html]
[www.aspaklaria.info/070_AYIN/עדד.html]
[www.aspaklaria.info/070_AYIN/עדה.html]
[www.aspaklaria.info/070_AYIN/עדו.html]
[www.aspaklaria.info/070_AYIN/עדות.html]
[www.aspaklaria.info/070_AYIN/עדות   עדים זוממים.html]
[www.aspaklaria.info/070_AYIN/עדות   עדותיו.html]
[www.aspaklaria.info/070_AYIN/עדי.html]
[www.aspaklaria.info/070_AYIN/עדן.html]
[www.aspaklaria.info/070_AYIN/עדנה.html]
[www.aspaklaria.info/070_AYIN/עדינו.html]
[www.aspaklaria.info/070_AYIN/עדשים.html]
[www.aspaklaria.info/070_AYIN/עובד.html]
[www.aspaklaria.info/070_AYIN/עובד אדום.html]
[www.aspaklaria.info/070_AYIN/עובד כוכבים.html]
[www.aspaklaria.info/070_AYIN/עובדיה.html]
[www.aspaklaria.info/070_AYIN/עוג.html]
[www.aspaklaria.info/070_AYIN/עוד.html]
[www.aspaklaria.info/070_AYIN/עוה.html]
[www.aspaklaria.info/070_AYIN/עוון.html]
[www.aspaklaria.info/070_AYIN/עוור.html]
[www.aspaklaria.info/070_AYIN/עוות.html]
[www.aspaklaria.info/070_AYIN/עוז.html]
[www.aspaklaria.info/070_AYIN/עוזא.html]
[www.aspaklaria.info/070_AYIN/עזא ועזאל.html]
[www.aspaklaria.info/070_AYIN/עוזיאל.html]
[www.aspaklaria.info/070_AYIN/עוזיה.html]
[www.aspaklaria.info/070_AYIN/עוים.html]
[www.aspaklaria.info/070_AYIN/עול.html]
[www.aspaklaria.info/070_AYIN/עולל.html]
[www.aspaklaria.info/070_AYIN/עוללות.html]
[www.aspaklaria.info/070_AYIN/עולם.html]
[www.aspaklaria.info/070_AYIN/עולם הבא.html]
[www.aspaklaria.info/070_AYIN/עולם הזה.html]
[www.aspaklaria.info/070_AYIN/עולם   ועד.html]
[www.aspaklaria.info/070_AYIN/עולם   מן העולם.html]
[www.aspaklaria.info/070_AYIN/עומר.html]
[www.aspaklaria.info/070_AYIN/עומר   ספירת.html]
[www.aspaklaria.info/070_AYIN/עון.html]
[www.aspaklaria.info/070_AYIN/עונג.html]
[www.aspaklaria.info/070_AYIN/עוני   עני.html]
[www.aspaklaria.info/070_AYIN/עונן.html]
[www.aspaklaria.info/070_AYIN/עונש.html]
[www.aspaklaria.info/070_AYIN/עועים.html]
[www.aspaklaria.info/070_AYIN/עוף.html]
[www.aspaklaria.info/070_AYIN/עופל.html]
[www.aspaklaria.info/070_AYIN/עופר.html]
[www.aspaklaria.info/070_AYIN/עופרת.html]
[www.aspaklaria.info/070_AYIN/עוץ.html]
[www.aspaklaria.info/070_AYIN/עוקר הרים.html]
[www.aspaklaria.info/070_AYIN/עור.html]
[www.aspaklaria.info/070_AYIN/עורב.html]
[www.aspaklaria.info/070_AYIN/עורך דין.html]
[www.aspaklaria.info/070_AYIN/עורף.html]
[www.aspaklaria.info/070_AYIN/עורק.html]
[www.aspaklaria.info/070_AYIN/עושר.html]
[www.aspaklaria.info/070_AYIN/עז.html]
[www.aspaklaria.info/070_AYIN/עז פנים.html]
[www.aspaklaria.info/070_AYIN/עזאזל.html]
[www.aspaklaria.info/070_AYIN/עזב.html]
[www.aspaklaria.info/070_AYIN/עזות.html]
[www.aspaklaria.info/070_AYIN/עזק.html]
[www.aspaklaria.info/070_AYIN/עזר.html]
[www.aspaklaria.info/070_AYIN/עזרא.html]
[www.aspaklaria.info/070_AYIN/עזרה.html]
[www.aspaklaria.info/070_AYIN/עזריהו בן עודד.html]
[www.aspaklaria.info/070_AYIN/עטוף.html]
[www.aspaklaria.info/070_AYIN/עטוש.html]
[www.aspaklaria.info/070_AYIN/עטין.html]
[www.aspaklaria.info/070_AYIN/עטף   עטוף.html]
[www.aspaklaria.info/070_AYIN/עטרה.html]
[www.aspaklaria.info/070_AYIN/עי   עיי העברים.html]
[www.aspaklaria.info/070_AYIN/עי.html]
[www.aspaklaria.info/070_AYIN/עידית.html]
[www.aspaklaria.info/070_AYIN/עיט.html]
[www.aspaklaria.info/070_AYIN/עיט צבוע.html]
[www.aspaklaria.info/070_AYIN/עילם.html]
[www.aspaklaria.info/070_AYIN/עין.html]
[www.aspaklaria.info/070_AYIN/עין   מעין.html]
[www.aspaklaria.info/070_AYIN/עין דאר.html]
[www.aspaklaria.info/070_AYIN/עין גדי.html]
[www.aspaklaria.info/070_AYIN/עין יעקב.html]
[www.aspaklaria.info/070_AYIN/עין רוגל.html]
[www.aspaklaria.info/070_AYIN/עין   חושים.html]
[www.aspaklaria.info/070_AYIN/עין טובה   יפה.html]
[www.aspaklaria.info/070_AYIN/עין   רעה.html]
[www.aspaklaria.info/070_AYIN/עין תחת עין.html]
[www.aspaklaria.info/070_AYIN/עיף.html]
[www.aspaklaria.info/070_AYIN/עיר.html]
[www.aspaklaria.info/070_AYIN/עיר חומה.html]
[www.aspaklaria.info/070_AYIN/עיר   לוים.html]
[www.aspaklaria.info/070_AYIN/עיר מקלט.html]
[www.aspaklaria.info/070_AYIN/עיר הנדחת.html]
[www.aspaklaria.info/070_AYIN/עיר   מלאך.html]
[www.aspaklaria.info/070_AYIN/עירא היאירי.html]
[www.aspaklaria.info/070_AYIN/עיש.html]
[www.aspaklaria.info/070_AYIN/עכבר.html]
[www.aspaklaria.info/070_AYIN/עכו.html]
[www.aspaklaria.info/070_AYIN/עכן.html]
[www.aspaklaria.info/070_AYIN/עכס.html]
[www.aspaklaria.info/070_AYIN/עכסה.html]
[www.aspaklaria.info/070_AYIN/עכר.html]
[www.aspaklaria.info/070_AYIN/עכשוב.html]
[www.aspaklaria.info/070_AYIN/על.html]
[www.aspaklaria.info/070_AYIN/על אודות.html]
[www.aspaklaria.info/070_AYIN/על דבר.html]
[www.aspaklaria.info/070_AYIN/על יד.html]
[www.aspaklaria.info/070_AYIN/על כן.html]
[www.aspaklaria.info/070_AYIN/על פי.html]
[www.aspaklaria.info/070_AYIN/על פני.html]
[www.aspaklaria.info/070_AYIN/עלה   עליה.html]
[www.aspaklaria.info/070_AYIN/עלות.html]
[www.aspaklaria.info/070_AYIN/עלז.html]
[www.aspaklaria.info/070_AYIN/עלטה.html]
[www.aspaklaria.info/070_AYIN/עלי.html]
[www.aspaklaria.info/070_AYIN/עלי   בני.html]
[www.aspaklaria.info/070_AYIN/עליה לרגל.html]
[www.aspaklaria.info/070_AYIN/עליל.html]
[www.aspaklaria.info/070_AYIN/עלילה.html]
[www.aspaklaria.info/070_AYIN/עלמה.html]
[www.aspaklaria.info/070_AYIN/עלמות.html]
[www.aspaklaria.info/070_AYIN/עלמות   כלי שיר.html]
[www.aspaklaria.info/070_AYIN/עלץ.html]
[www.aspaklaria.info/070_AYIN/עלף.html]
[www.aspaklaria.info/070_AYIN/עם   עמו.html]
[www.aspaklaria.info/070_AYIN/עם   אומה.html]
[www.aspaklaria.info/070_AYIN/עם הארץ.html]
[www.aspaklaria.info/070_AYIN/עמד   עמידה.html]
[www.aspaklaria.info/070_AYIN/עמדי.html]
[www.aspaklaria.info/070_AYIN/עמוד ענן.html]
[www.aspaklaria.info/070_AYIN/עמון.html]
[www.aspaklaria.info/070_AYIN/עמוס.html]
[www.aspaklaria.info/070_AYIN/עמורה.html]
[www.aspaklaria.info/070_AYIN/עמית.html]
[www.aspaklaria.info/070_AYIN/עמל.html]
[www.aspaklaria.info/070_AYIN/עמלק.html]
[www.aspaklaria.info/070_AYIN/עמלק   מלחמת.html]
[www.aspaklaria.info/070_AYIN/עמלק   מחיית זכר.html]
[www.aspaklaria.info/070_AYIN/עמנואל.html]
[www.aspaklaria.info/070_AYIN/עמק.html]
[www.aspaklaria.info/070_AYIN/עמרי.html]
[www.aspaklaria.info/070_AYIN/עמרם.html]
[www.aspaklaria.info/070_AYIN/עמשא.html]
[www.aspaklaria.info/070_AYIN/ענבים.html]
[www.aspaklaria.info/070_AYIN/ענה.html]
[www.aspaklaria.info/070_AYIN/ענה   תענית.html]
[www.aspaklaria.info/070_AYIN/ענוה.html]
[www.aspaklaria.info/070_AYIN/עני.html]
[www.aspaklaria.info/070_AYIN/ענן.html]
[www.aspaklaria.info/070_AYIN/ענק.html]
[www.aspaklaria.info/070_AYIN/ענר.html]
[www.aspaklaria.info/070_AYIN/ענתות.html]
[www.aspaklaria.info/070_AYIN/עסה.html]
[www.aspaklaria.info/070_AYIN/עסיס.html]
[www.aspaklaria.info/070_AYIN/עפר.html]
[www.aspaklaria.info/070_AYIN/עפרון.html]
[www.aspaklaria.info/070_AYIN/עץ.html]
[www.aspaklaria.info/070_AYIN/עץ הדעת.html]
[www.aspaklaria.info/070_AYIN/עץ החיים.html]
[www.aspaklaria.info/070_AYIN/עצב.html]
[www.aspaklaria.info/070_AYIN/עצבים.html]
[www.aspaklaria.info/070_AYIN/עצה   לעומת העצה.html]
[www.aspaklaria.info/070_AYIN/עצה.html]
[www.aspaklaria.info/070_AYIN/עצום.html]
[www.aspaklaria.info/070_AYIN/עצומות.html]
[www.aspaklaria.info/070_AYIN/עצור.html]
[www.aspaklaria.info/070_AYIN/עציון גבר.html]
[www.aspaklaria.info/070_AYIN/עצל   עצלות.html]
[www.aspaklaria.info/070_AYIN/עצלנות.html]
[www.aspaklaria.info/070_AYIN/עצם.html]
[www.aspaklaria.info/070_AYIN/עצם היום.html]
[www.aspaklaria.info/070_AYIN/עצרה.html]
[www.aspaklaria.info/070_AYIN/עצרת.html]
[www.aspaklaria.info/070_AYIN/עקב   עקב תשמעון.html]
[www.aspaklaria.info/070_AYIN/עקב.html]
[www.aspaklaria.info/070_AYIN/עקב   ויעקבני.html]
[www.aspaklaria.info/070_AYIN/עקד.html]
[www.aspaklaria.info/070_AYIN/עקדה.html]
[www.aspaklaria.info/070_AYIN/עקילס.html]
[www.aspaklaria.info/070_AYIN/עקר.html]
[www.aspaklaria.info/070_AYIN/עקר   עקרה.html]
[www.aspaklaria.info/070_AYIN/עקרב.html]
[www.aspaklaria.info/070_AYIN/עקרת.html]
[www.aspaklaria.info/070_AYIN/ער   בכור יהודה.html]
[www.aspaklaria.info/070_AYIN/ער   מואב.html]
[www.aspaklaria.info/070_AYIN/ער.html]
[www.aspaklaria.info/070_AYIN/ערב.html]
[www.aspaklaria.info/070_AYIN/ערב יום טוב.html]
[www.aspaklaria.info/070_AYIN/ערב פסח.html]
[www.aspaklaria.info/070_AYIN/ערב שבת.html]
[www.aspaklaria.info/070_AYIN/ערב   ערבות.html]
[www.aspaklaria.info/070_AYIN/ערב רב.html]
[www.aspaklaria.info/070_AYIN/ערבה   סוכות.html]
[www.aspaklaria.info/070_AYIN/ערבה   בקעה.html]
[www.aspaklaria.info/070_AYIN/ערבות.html]
[www.aspaklaria.info/070_AYIN/ערבות   שמים.html]
[www.aspaklaria.info/070_AYIN/ערבי.html]
[www.aspaklaria.info/070_AYIN/ערג.html]
[www.aspaklaria.info/070_AYIN/ערה.html]
[www.aspaklaria.info/070_AYIN/ערום   ערמה.html]
[www.aspaklaria.info/070_AYIN/ערום.html]
[www.aspaklaria.info/070_AYIN/עריות.html]
[www.aspaklaria.info/070_AYIN/ערירי.html]
[www.aspaklaria.info/070_AYIN/ערכין.html]
[www.aspaklaria.info/070_AYIN/ערל   ערלה.html]
[www.aspaklaria.info/070_AYIN/ערלה.html]
[www.aspaklaria.info/070_AYIN/ערמה.html]
[www.aspaklaria.info/070_AYIN/ערער.html]
[www.aspaklaria.info/070_AYIN/ערף.html]
[www.aspaklaria.info/070_AYIN/ערפה.html]
[www.aspaklaria.info/070_AYIN/ערפל.html]
[www.aspaklaria.info/070_AYIN/ערץ.html]
[www.aspaklaria.info/070_AYIN/עש.html]
[www.aspaklaria.info/070_AYIN/עשב.html]
[www.aspaklaria.info/070_AYIN/עשה.html]
[www.aspaklaria.info/070_AYIN/עשהאל.html]
[www.aspaklaria.info/070_AYIN/עשו.html]
[www.aspaklaria.info/070_AYIN/עשיר.html]
[www.aspaklaria.info/070_AYIN/עשירית האפה.html]
[www.aspaklaria.info/070_AYIN/עשן.html]
[www.aspaklaria.info/070_AYIN/עשק.html]
[www.aspaklaria.info/070_AYIN/עשר מכות.html]
[www.aspaklaria.info/070_AYIN/עשר מכות   תנין.html]
[www.aspaklaria.info/070_AYIN/עשר מכות   דם.html]
[www.aspaklaria.info/070_AYIN/עשר מכות   צפרדע.html]
[www.aspaklaria.info/070_AYIN/עשר מכות   כנים.html]
[www.aspaklaria.info/070_AYIN/עשר מכות   ערוב.html]
[www.aspaklaria.info/070_AYIN/עשר מכות   דבר.html]
[www.aspaklaria.info/070_AYIN/עשר מכות   שחין.html]
[www.aspaklaria.info/070_AYIN/עשר מכות   ברד.html]
[www.aspaklaria.info/070_AYIN/עשר מכות   ארבה.html]
[www.aspaklaria.info/070_AYIN/עשר מכות   חושך.html]
[www.aspaklaria.info/070_AYIN/עשר מכות   מכת בכורות.html]
[www.aspaklaria.info/070_AYIN/עשר מכות   התראה.html]
[www.aspaklaria.info/070_AYIN/עשר מכות   והחרטומים.html]
[www.aspaklaria.info/070_AYIN/עשר מכות   שפטים.html]
[www.aspaklaria.info/070_AYIN/עשרה.html]
[www.aspaklaria.info/070_AYIN/עשרה בטלנים.html]
[www.aspaklaria.info/070_AYIN/עשרה הרוגי מלכות.html]
[www.aspaklaria.info/070_AYIN/עשרה עממין.html]
[www.aspaklaria.info/070_AYIN/עשרת הדברות.html]
[www.aspaklaria.info/070_AYIN/עשרת הדברות   אנכי.html]
[www.aspaklaria.info/070_AYIN/עשרת הדברות   לא יהיה לך.html]
[www.aspaklaria.info/070_AYIN/עשרת הדברות   לא תשא.html]
[www.aspaklaria.info/070_AYIN/עשרת הדברות   שבת.html]
[www.aspaklaria.info/070_AYIN/עשרת הדברות   כבד את אביך.html]
[www.aspaklaria.info/070_AYIN/עשרת הדברות   לא תחמוד.html]
[www.aspaklaria.info/070_AYIN/עשרת ימי תשובה.html]
[www.aspaklaria.info/070_AYIN/עשרת השבטים.html]
[www.aspaklaria.info/070_AYIN/עשת.html]
[www.aspaklaria.info/070_AYIN/עשתרות.html]
[www.aspaklaria.info/070_AYIN/עת.html]
[www.aspaklaria.info/070_AYIN/עתה.html]
[www.aspaklaria.info/070_AYIN/עתודות.html]
[www.aspaklaria.info/070_AYIN/עתי.html]
[www.aspaklaria.info/070_AYIN/עתליה.html]
[www.aspaklaria.info/070_AYIN/עתניאל.html]
[www.aspaklaria.info/080_PE/פ.html]
[www.aspaklaria.info/080_PE/פאה   מתנות עניים.html]
[www.aspaklaria.info/080_PE/פאה   עבר.html]
[www.aspaklaria.info/080_PE/פאת הראש והזקן.html]
[www.aspaklaria.info/080_PE/פאה נכרית.html]
[www.aspaklaria.info/080_PE/פאר   תפארת.html]
[www.aspaklaria.info/080_PE/פאר   לא תפאר.html]
[www.aspaklaria.info/080_PE/פגול.html]
[www.aspaklaria.info/080_PE/פגע.html]
[www.aspaklaria.info/080_PE/פגר.html]
[www.aspaklaria.info/080_PE/פגש.html]
[www.aspaklaria.info/080_PE/פדיון   פדה.html]
[www.aspaklaria.info/080_PE/פדיון הבן.html]
[www.aspaklaria.info/080_PE/פדיון שבויים.html]
[www.aspaklaria.info/080_PE/פדן.html]
[www.aspaklaria.info/080_PE/פדר.html]
[www.aspaklaria.info/080_PE/פה.html]
[www.aspaklaria.info/080_PE/פהוק.html]
[www.aspaklaria.info/080_PE/פוג.html]
[www.aspaklaria.info/080_PE/פודגרא.html]
[www.aspaklaria.info/080_PE/פוטיאל.html]
[www.aspaklaria.info/080_PE/פוטיפר.html]
[www.aspaklaria.info/080_PE/פומבדיתא.html]
[www.aspaklaria.info/080_PE/פועל.html]
[www.aspaklaria.info/080_PE/פועל   יצר.html]
[www.aspaklaria.info/080_PE/פוקד עון.html]
[www.aspaklaria.info/080_PE/פורים.html]
[www.aspaklaria.info/080_PE/פורש מדרכי צבור.html]
[www.aspaklaria.info/080_PE/פורת.html]
[www.aspaklaria.info/080_PE/פושעי ישראל.html]
[www.aspaklaria.info/080_PE/פז.html]
[www.aspaklaria.info/080_PE/פחז.html]
[www.aspaklaria.info/080_PE/פחד.html]
[www.aspaklaria.info/080_PE/פחד יצחק.html]
[www.aspaklaria.info/080_PE/פחה.html]
[www.aspaklaria.info/080_PE/פחים.html]
[www.aspaklaria.info/080_PE/פחתת.html]
[www.aspaklaria.info/080_PE/פטר חמור.html]
[www.aspaklaria.info/080_PE/פי החירות.html]
[www.aspaklaria.info/080_PE/פיוט.html]
[www.aspaklaria.info/080_PE/פיוס.html]
[www.aspaklaria.info/080_PE/פיכול.html]
[www.aspaklaria.info/080_PE/פיל.html]
[www.aspaklaria.info/080_PE/פילוסוף   פילוסופיה.html]
[www.aspaklaria.info/080_PE/פירוש.html]
[www.aspaklaria.info/080_PE/פישון.html]
[www.aspaklaria.info/080_PE/פיתום.html]
[www.aspaklaria.info/080_PE/פלא   אות.html]
[www.aspaklaria.info/080_PE/פלא   לפלא.html]
[www.aspaklaria.info/080_PE/פלגש.html]
[www.aspaklaria.info/080_PE/פלגש בגבעה.html]
[www.aspaklaria.info/080_PE/פלוני אלמוני.html]
[www.aspaklaria.info/080_PE/פלטי בן ליש.html]
[www.aspaklaria.info/080_PE/פלילים.html]
[www.aspaklaria.info/080_PE/פלל.html]
[www.aspaklaria.info/080_PE/פלפול.html]
[www.aspaklaria.info/080_PE/פלפל.html]
[www.aspaklaria.info/080_PE/פלשתים.html]
[www.aspaklaria.info/080_PE/פן.html]
[www.aspaklaria.info/080_PE/פנה   פנה.html]
[www.aspaklaria.info/080_PE/פנחס.html]
[www.aspaklaria.info/080_PE/פנים.html]
[www.aspaklaria.info/080_PE/פנים בפנים.html]
[www.aspaklaria.info/080_PE/פנינה.html]
[www.aspaklaria.info/080_PE/פסוקי דזמרא.html]
[www.aspaklaria.info/080_PE/פסח.html]
[www.aspaklaria.info/080_PE/פסח מצרים.html]
[www.aspaklaria.info/080_PE/פסח   ערב.html]
[www.aspaklaria.info/080_PE/פסח שני.html]
[www.aspaklaria.info/080_PE/פסוח.html]
[www.aspaklaria.info/080_PE/פסל.html]
[www.aspaklaria.info/080_PE/פעל   פעולה.html]
[www.aspaklaria.info/080_PE/פעור.html]
[www.aspaklaria.info/080_PE/פעם.html]
[www.aspaklaria.info/080_PE/פעמות.html]
[www.aspaklaria.info/080_PE/פפא בר אבא.html]
[www.aspaklaria.info/080_PE/פפוניא.html]
[www.aspaklaria.info/080_PE/פצוע דכא.html]
[www.aspaklaria.info/080_PE/פצע.html]
[www.aspaklaria.info/080_PE/פצר.html]
[www.aspaklaria.info/080_PE/פקד.html]
[www.aspaklaria.info/080_PE/פקד יפקד.html]
[www.aspaklaria.info/080_PE/פקודה.html]
[www.aspaklaria.info/080_PE/פקודים.html]
[www.aspaklaria.info/080_PE/פקדון.html]
[www.aspaklaria.info/080_PE/פקוח נפש.html]
[www.aspaklaria.info/080_PE/פקח.html]
[www.aspaklaria.info/080_PE/פקידה.html]
[www.aspaklaria.info/080_PE/פר.html]
[www.aspaklaria.info/080_PE/פרא אדם.html]
[www.aspaklaria.info/080_PE/פרד.html]
[www.aspaklaria.info/080_PE/פרדס.html]
[www.aspaklaria.info/080_PE/פרה.html]
[www.aspaklaria.info/080_PE/פרה אדומה.html]
[www.aspaklaria.info/080_PE/פרוד.html]
[www.aspaklaria.info/080_PE/פרוזבול.html]
[www.aspaklaria.info/080_PE/פרוטה.html]
[www.aspaklaria.info/080_PE/פרוכת.html]
[www.aspaklaria.info/080_PE/פרוע ראש.html]
[www.aspaklaria.info/080_PE/פרישות   פרושים.html]
[www.aspaklaria.info/080_PE/פרח   פרוח.html]
[www.aspaklaria.info/080_PE/פרט.html]
[www.aspaklaria.info/080_PE/פרידה.html]
[www.aspaklaria.info/080_PE/פריה ורביה.html]
[www.aspaklaria.info/080_PE/פריקה וטעינה.html]
[www.aspaklaria.info/080_PE/פרישה   פרישות.html]
[www.aspaklaria.info/080_PE/פרך.html]
[www.aspaklaria.info/080_PE/פרנס.html]
[www.aspaklaria.info/080_PE/פרנסה.html]
[www.aspaklaria.info/080_PE/פרס   שכר.html]
[www.aspaklaria.info/080_PE/פרס   אומות העולם.html]
[www.aspaklaria.info/080_PE/פרע   פרע.html]
[www.aspaklaria.info/080_PE/פרעה.html]
[www.aspaklaria.info/080_PE/פרעה   חזוק לבו.html]
[www.aspaklaria.info/080_PE/פרעה   חלום.html]
[www.aspaklaria.info/080_PE/פרעה   ויוסף.html]
[www.aspaklaria.info/080_PE/פרעה   וישראל.html]
[www.aspaklaria.info/080_PE/פרעה   ושרה.html]
[www.aspaklaria.info/080_PE/פרעה נכה.html]
[www.aspaklaria.info/080_PE/פרעון.html]
[www.aspaklaria.info/080_PE/פרץ  פרצה  פריצות.html]
[www.aspaklaria.info/080_PE/פרץ.html]
[www.aspaklaria.info/080_PE/פרק.html]
[www.aspaklaria.info/080_PE/פרש כנף.html]
[www.aspaklaria.info/080_PE/פרשה.html]
[www.aspaklaria.info/080_PE/פרת.html]
[www.aspaklaria.info/080_PE/פשה.html]
[www.aspaklaria.info/080_PE/פשחור.html]
[www.aspaklaria.info/080_PE/פשט.html]
[www.aspaklaria.info/080_PE/פשטות   פשיטות.html]
[www.aspaklaria.info/080_PE/פשע.html]
[www.aspaklaria.info/080_PE/פשרה.html]
[www.aspaklaria.info/080_PE/פשתים   פשתן.html]
[www.aspaklaria.info/080_PE/פת.html]
[www.aspaklaria.info/080_PE/פתאום   פתע.html]
[www.aspaklaria.info/080_PE/פתה.html]
[www.aspaklaria.info/080_PE/פתואל.html]
[www.aspaklaria.info/080_PE/פתור.html]
[www.aspaklaria.info/080_PE/פתח.html]
[www.aspaklaria.info/080_PE/פתח   דלת.html]
[www.aspaklaria.info/080_PE/פתח עינים.html]
[www.aspaklaria.info/080_PE/פתחון פה.html]
[www.aspaklaria.info/080_PE/פתחיה.html]
[www.aspaklaria.info/080_PE/פתי.html]
[www.aspaklaria.info/080_PE/פתיל.html]
[www.aspaklaria.info/080_PE/פתלתול.html]
[www.aspaklaria.info/080_PE/פתע.html]
[www.aspaklaria.info/090_TSADI/צ.html]
[www.aspaklaria.info/090_TSADI/צאן.html]
[www.aspaklaria.info/090_TSADI/צאלים.html]
[www.aspaklaria.info/090_TSADI/צב.html]
[www.aspaklaria.info/090_TSADI/צבא.html]
[www.aspaklaria.info/090_TSADI/צבא מרום.html]
[www.aspaklaria.info/090_TSADI/צבור.html]
[www.aspaklaria.info/090_TSADI/צבור   ויחיד.html]
[www.aspaklaria.info/090_TSADI/צבור   צרכי.html]
[www.aspaklaria.info/090_TSADI/צבוע   רשע.html]
[www.aspaklaria.info/090_TSADI/צבוע.html]
[www.aspaklaria.info/090_TSADI/צבי.html]
[www.aspaklaria.info/090_TSADI/צבע.html]
[www.aspaklaria.info/090_TSADI/צבר.html]
[www.aspaklaria.info/090_TSADI/צד.html]
[www.aspaklaria.info/090_TSADI/צדה.html]
[www.aspaklaria.info/090_TSADI/צדה   מזון.html]
[www.aspaklaria.info/090_TSADI/צדוק.html]
[www.aspaklaria.info/090_TSADI/צדוק הדין.html]
[www.aspaklaria.info/090_TSADI/צדוקי.html]
[www.aspaklaria.info/090_TSADI/צדיק.html]
[www.aspaklaria.info/090_TSADI/צדיק   מיתה.html]
[www.aspaklaria.info/090_TSADI/צדיק   ורע לו.html]
[www.aspaklaria.info/090_TSADI/צדק.html]
[www.aspaklaria.info/090_TSADI/צדקה.html]
[www.aspaklaria.info/090_TSADI/צדקיה.html]
[www.aspaklaria.info/090_TSADI/צדקיה בן כנענה.html]
[www.aspaklaria.info/090_TSADI/צהר.html]
[www.aspaklaria.info/090_TSADI/צהוב.html]
[www.aspaklaria.info/090_TSADI/צהלה.html]
[www.aspaklaria.info/090_TSADI/צהרים.html]
[www.aspaklaria.info/090_TSADI/צו   צוה.html]
[www.aspaklaria.info/090_TSADI/צואה   בית הכסא.html]
[www.aspaklaria.info/090_TSADI/צואה   ירושה.html]
[www.aspaklaria.info/090_TSADI/צואר.html]
[www.aspaklaria.info/090_TSADI/צובאות.html]
[www.aspaklaria.info/090_TSADI/צום.html]
[www.aspaklaria.info/090_TSADI/צוער.html]
[www.aspaklaria.info/090_TSADI/צוף.html]
[www.aspaklaria.info/090_TSADI/צופה.html]
[www.aspaklaria.info/090_TSADI/צופר.html]
[www.aspaklaria.info/090_TSADI/צור   אבן.html]
[www.aspaklaria.info/090_TSADI/צור   חירם.html]
[www.aspaklaria.info/090_TSADI/צורבא מרבנן.html]
[www.aspaklaria.info/090_TSADI/צורה.html]
[www.aspaklaria.info/090_TSADI/צח.html]
[www.aspaklaria.info/090_TSADI/צחיח.html]
[www.aspaklaria.info/090_TSADI/צחוק.html]
[www.aspaklaria.info/090_TSADI/צי.html]
[www.aspaklaria.info/090_TSADI/ציד.html]
[www.aspaklaria.info/090_TSADI/צידה.html]
[www.aspaklaria.info/090_TSADI/צידון.html]
[www.aspaklaria.info/090_TSADI/ציה.html]
[www.aspaklaria.info/090_TSADI/ציים.html]
[www.aspaklaria.info/090_TSADI/ציון.html]
[www.aspaklaria.info/090_TSADI/ציונות.html]
[www.aspaklaria.info/090_TSADI/ציץ.html]
[www.aspaklaria.info/090_TSADI/ציצית.html]
[www.aspaklaria.info/090_TSADI/ציצית הכסת.html]
[www.aspaklaria.info/090_TSADI/ציר   דגים.html]
[www.aspaklaria.info/090_TSADI/ציר   מלאך.html]
[www.aspaklaria.info/090_TSADI/צירים.html]
[www.aspaklaria.info/090_TSADI/צל.html]
[www.aspaklaria.info/090_TSADI/צלה.html]
[www.aspaklaria.info/090_TSADI/צלח.html]
[www.aspaklaria.info/090_TSADI/צלחת.html]
[www.aspaklaria.info/090_TSADI/צלי   צליה.html]
[www.aspaklaria.info/090_TSADI/צליבה.html]
[www.aspaklaria.info/090_TSADI/צליה.html]
[www.aspaklaria.info/090_TSADI/צללפונית.html]
[www.aspaklaria.info/090_TSADI/צלם.html]
[www.aspaklaria.info/090_TSADI/צלמות.html]
[www.aspaklaria.info/090_TSADI/צלע.html]
[www.aspaklaria.info/090_TSADI/צלפחד.html]
[www.aspaklaria.info/090_TSADI/צלפחד   בנות.html]
[www.aspaklaria.info/090_TSADI/צלצל.html]
[www.aspaklaria.info/090_TSADI/צלצל   למד קמוצה.html]
[www.aspaklaria.info/090_TSADI/צלצל כנפים.html]
[www.aspaklaria.info/090_TSADI/צמח.html]
[www.aspaklaria.info/090_TSADI/צמים.html]
[www.aspaklaria.info/090_TSADI/צמיתות.html]
[www.aspaklaria.info/090_TSADI/צמצום.html]
[www.aspaklaria.info/090_TSADI/צמר.html]
[www.aspaklaria.info/090_TSADI/צנה.html]
[www.aspaklaria.info/090_TSADI/צנום.html]
[www.aspaklaria.info/090_TSADI/צנף.html]
[www.aspaklaria.info/090_TSADI/צניעות.html]
[www.aspaklaria.info/090_TSADI/צנים.html]
[www.aspaklaria.info/090_TSADI/צנצנת.html]
[www.aspaklaria.info/090_TSADI/צעה.html]
[www.aspaklaria.info/090_TSADI/צעיר.html]
[www.aspaklaria.info/090_TSADI/צעק   צעקה.html]
[www.aspaklaria.info/090_TSADI/צער.html]
[www.aspaklaria.info/090_TSADI/צער בעלי חיים.html]
[www.aspaklaria.info/090_TSADI/צפה.html]
[www.aspaklaria.info/090_TSADI/צפון.html]
[www.aspaklaria.info/090_TSADI/צפוני.html]
[www.aspaklaria.info/090_TSADI/צפור.html]
[www.aspaklaria.info/090_TSADI/צפורה.html]
[www.aspaklaria.info/090_TSADI/צפורן.html]
[www.aspaklaria.info/090_TSADI/צפיחית.html]
[www.aspaklaria.info/090_TSADI/צפיעות.html]
[www.aspaklaria.info/090_TSADI/צפירה.html]
[www.aspaklaria.info/090_TSADI/צפניה.html]
[www.aspaklaria.info/090_TSADI/צפנית   צפנת בת פניאל.html]
[www.aspaklaria.info/090_TSADI/צפנת פענח.html]
[www.aspaklaria.info/090_TSADI/צפרדע.html]
[www.aspaklaria.info/090_TSADI/צר.html]
[www.aspaklaria.info/090_TSADI/צרה.html]
[www.aspaklaria.info/090_TSADI/צרוף.html]
[www.aspaklaria.info/090_TSADI/צרור החיים.html]
[www.aspaklaria.info/090_TSADI/צרי.html]
[www.aspaklaria.info/090_TSADI/צרכי צבור.html]
[www.aspaklaria.info/090_TSADI/צרעה.html]
[www.aspaklaria.info/090_TSADI/צרעת.html]
[www.aspaklaria.info/090_TSADI/צרעת   בגדים.html]
[www.aspaklaria.info/090_TSADI/צרעת   בתים.html]
[www.aspaklaria.info/090_TSADI/צרף   צרוף.html]
[www.aspaklaria.info/090_TSADI/צרפית.html]
[www.aspaklaria.info/090_TSADI/צרפת.html]
[www.aspaklaria.info/100_QOF/ק.html]
[www.aspaklaria.info/100_QOF/קאת.html]
[www.aspaklaria.info/100_QOF/קבה   ארר.html]
[www.aspaklaria.info/100_QOF/קבה   אהל.html]
[www.aspaklaria.info/100_QOF/קבוץ גלויות.html]
[www.aspaklaria.info/100_QOF/קבורה.html]
[www.aspaklaria.info/100_QOF/קבלה.html]
[www.aspaklaria.info/100_QOF/קבע.html]
[www.aspaklaria.info/100_QOF/קבעת.html]
[www.aspaklaria.info/100_QOF/קבץ.html]
[www.aspaklaria.info/100_QOF/קבר.html]
[www.aspaklaria.info/100_QOF/קבר רחל.html]
[www.aspaklaria.info/100_QOF/קדוש.html]
[www.aspaklaria.info/100_QOF/קדוש החודש.html]
[www.aspaklaria.info/100_QOF/קדוש ידים ורגלים.html]
[www.aspaklaria.info/100_QOF/קדוש לבנה.html]
[www.aspaklaria.info/100_QOF/קדוש השם.html]
[www.aspaklaria.info/100_QOF/קדושה   קדש.html]
[www.aspaklaria.info/100_QOF/קדושין.html]
[www.aspaklaria.info/100_QOF/קדח.html]
[www.aspaklaria.info/100_QOF/קדים.html]
[www.aspaklaria.info/100_QOF/קדימה.html]
[www.aspaklaria.info/100_QOF/קדיש.html]
[www.aspaklaria.info/100_QOF/קדם.html]
[www.aspaklaria.info/100_QOF/קדמוני.html]
[www.aspaklaria.info/100_QOF/קדקד.html]
[www.aspaklaria.info/100_QOF/קדר.html]
[www.aspaklaria.info/100_QOF/קדש.html]
[www.aspaklaria.info/100_QOF/קדש   קדשה.html]
[www.aspaklaria.info/100_QOF/קדש ברנע.html]
[www.aspaklaria.info/100_QOF/קהל.html]
[www.aspaklaria.info/100_QOF/קהלת.html]
[www.aspaklaria.info/100_QOF/קהת.html]
[www.aspaklaria.info/100_QOF/קו.html]
[www.aspaklaria.info/100_QOF/קוד.html]
[www.aspaklaria.info/100_QOF/קוה.html]
[www.aspaklaria.info/100_QOF/קוט.html]
[www.aspaklaria.info/100_QOF/קול.html]
[www.aspaklaria.info/100_QOF/קום.html]
[www.aspaklaria.info/100_QOF/קומה.html]
[www.aspaklaria.info/100_QOF/קוסם.html]
[www.aspaklaria.info/100_QOF/קוף.html]
[www.aspaklaria.info/100_QOF/קוץ.html]
[www.aspaklaria.info/100_QOF/קור.html]
[www.aspaklaria.info/100_QOF/קורא.html]
[www.aspaklaria.info/100_QOF/קורות.html]
[www.aspaklaria.info/100_QOF/קושיא.html]
[www.aspaklaria.info/100_QOF/קטב מרירי.html]
[www.aspaklaria.info/100_QOF/קטורה.html]
[www.aspaklaria.info/100_QOF/קטורת.html]
[www.aspaklaria.info/100_QOF/קטיעה בר שלום.html]
[www.aspaklaria.info/100_QOF/קטן.html]
[www.aspaklaria.info/100_QOF/קטנה.html]
[www.aspaklaria.info/100_QOF/קטף.html]
[www.aspaklaria.info/100_QOF/קידה.html]
[www.aspaklaria.info/100_QOF/קין.html]
[www.aspaklaria.info/100_QOF/קין והבל.html]
[www.aspaklaria.info/100_QOF/קין   קרבן.html]
[www.aspaklaria.info/100_QOF/קינוי וסתירה.html]
[www.aspaklaria.info/100_QOF/קיני.html]
[www.aspaklaria.info/100_QOF/קינן.html]
[www.aspaklaria.info/100_QOF/קינין.html]
[www.aspaklaria.info/100_QOF/קיסר.html]
[www.aspaklaria.info/100_QOF/קיסרי.html]
[www.aspaklaria.info/100_QOF/קיץ.html]
[www.aspaklaria.info/100_QOF/קיק.html]
[www.aspaklaria.info/100_QOF/קישון.html]
[www.aspaklaria.info/100_QOF/קל וחומר.html]
[www.aspaklaria.info/100_QOF/קלון.html]
[www.aspaklaria.info/100_QOF/קלות ראש.html]
[www.aspaklaria.info/100_QOF/קלי.html]
[www.aspaklaria.info/100_QOF/קליאופטרא.html]
[www.aspaklaria.info/100_QOF/קללה.html]
[www.aspaklaria.info/100_QOF/קלפה.html]
[www.aspaklaria.info/100_QOF/קמואל.html]
[www.aspaklaria.info/100_QOF/קמח.html]
[www.aspaklaria.info/100_QOF/קמחית.html]
[www.aspaklaria.info/100_QOF/קמט.html]
[www.aspaklaria.info/100_QOF/קמיע.html]
[www.aspaklaria.info/100_QOF/קמץ   קמצים.html]
[www.aspaklaria.info/100_QOF/קמצן   קמצנות.html]
[www.aspaklaria.info/100_QOF/קן צפור.html]
[www.aspaklaria.info/100_QOF/קנאה.html]
[www.aspaklaria.info/100_QOF/קנאות.html]
[www.aspaklaria.info/100_QOF/קנה   הריאה.html]
[www.aspaklaria.info/100_QOF/קנה   בושם.html]
[www.aspaklaria.info/100_QOF/קנז.html]
[www.aspaklaria.info/100_QOF/קנין.html]
[www.aspaklaria.info/100_QOF/קנמון.html]
[www.aspaklaria.info/100_QOF/קנס.html]
[www.aspaklaria.info/100_QOF/קנצי.html]
[www.aspaklaria.info/100_QOF/קנקנתום.html]
[www.aspaklaria.info/100_QOF/קסם.html]
[www.aspaklaria.info/100_QOF/קעקע.html]
[www.aspaklaria.info/100_QOF/קפדן   קפדנות.html]
[www.aspaklaria.info/100_QOF/קפיצת הדרך.html]
[www.aspaklaria.info/100_QOF/קץ.html]
[www.aspaklaria.info/100_QOF/קצין.html]
[www.aspaklaria.info/100_QOF/קצירה.html]
[www.aspaklaria.info/100_QOF/קצף.html]
[www.aspaklaria.info/100_QOF/קצר רוח.html]
[www.aspaklaria.info/100_QOF/קרא   קריאה.html]
[www.aspaklaria.info/100_QOF/קרא בשם ה.html]
[www.aspaklaria.info/100_QOF/קראים.html]
[www.aspaklaria.info/100_QOF/קרב.html]
[www.aspaklaria.info/100_QOF/קרב ימי.html]
[www.aspaklaria.info/100_QOF/קרבן.html]
[www.aspaklaria.info/100_QOF/קרבן   אכילה.html]
[www.aspaklaria.info/100_QOF/קרבן   אשה.html]
[www.aspaklaria.info/100_QOF/קרבן   אשם.html]
[www.aspaklaria.info/100_QOF/קרבן   הקרבה.html]
[www.aspaklaria.info/100_QOF/קרבן   בכור.html]
[www.aspaklaria.info/100_QOF/קרבן   בית דין.html]
[www.aspaklaria.info/100_QOF/קרבן   זריקת הדם.html]
[www.aspaklaria.info/100_QOF/קרבן   חביתין.html]
[www.aspaklaria.info/100_QOF/קרבן   חגיגה.html]
[www.aspaklaria.info/100_QOF/קרבן   חזה ושוק.html]
[www.aspaklaria.info/100_QOF/קרבן   חטאת.html]
[www.aspaklaria.info/100_QOF/קרבן   חנוך.html]
[www.aspaklaria.info/100_QOF/קרבן   יום הכפורים.html]
[www.aspaklaria.info/100_QOF/קרבן   לבונה.html]
[www.aspaklaria.info/100_QOF/קרבן   לידה.html]
[www.aspaklaria.info/100_QOF/קרבן   מוסף.html]
[www.aspaklaria.info/100_QOF/קרבן   מחוסר זמן.html]
[www.aspaklaria.info/100_QOF/קרבן   מלואים.html]
[www.aspaklaria.info/100_QOF/קרבן   מלח.html]
[www.aspaklaria.info/100_QOF/קרבן   מליקה.html]
[www.aspaklaria.info/100_QOF/קרבן   מנחה.html]
[www.aspaklaria.info/100_QOF/קרבן   מעשר בהמה.html]
[www.aspaklaria.info/100_QOF/קרבן   מצורע.html]
[www.aspaklaria.info/100_QOF/קרבן   נותר.html]
[www.aspaklaria.info/100_QOF/קרבן   נזיר.html]
[www.aspaklaria.info/100_QOF/קרבן   נסוך המים.html]
[www.aspaklaria.info/100_QOF/קרבן   נסך.html]
[www.aspaklaria.info/100_QOF/קרבן   נשיא.html]
[www.aspaklaria.info/100_QOF/קרבן   נשיאים.html]
[www.aspaklaria.info/100_QOF/קרבן   סוטה.html]
[www.aspaklaria.info/100_QOF/קרבן   סמיכה.html]
[www.aspaklaria.info/100_QOF/קרבן   עבודה זרה.html]
[www.aspaklaria.info/100_QOF/קרבן   עולה.html]
[www.aspaklaria.info/100_QOF/קרבן   עולת ראיה.html]
[www.aspaklaria.info/100_QOF/קרבן   עולה ויורד.html]
[www.aspaklaria.info/100_QOF/קרבן   עומר.html]
[www.aspaklaria.info/100_QOF/קרבן   עוף.html]
[www.aspaklaria.info/100_QOF/קרבן   עצים.html]
[www.aspaklaria.info/100_QOF/קרבן   פגול.html]
[www.aspaklaria.info/100_QOF/קרבן   פסח.html]
[www.aspaklaria.info/100_QOF/קרבן   פסח מצרים.html]
[www.aspaklaria.info/100_QOF/קרבן   פסח שני.html]
[www.aspaklaria.info/100_QOF/קרבן   פעולה.html]
[www.aspaklaria.info/100_QOF/קרבן   פר העלם דבר.html]
[www.aspaklaria.info/100_QOF/קרבן   פר כהן משיח.html]
[www.aspaklaria.info/100_QOF/קרבן   שחוטי חוץ.html]
[www.aspaklaria.info/100_QOF/קרבן   שחיטה.html]
[www.aspaklaria.info/100_QOF/קרבן   שיר.html]
[www.aspaklaria.info/100_QOF/קרבן   שלמים.html]
[www.aspaklaria.info/100_QOF/קרבן   שמיני.html]
[www.aspaklaria.info/100_QOF/קרבן   שמן.html]
[www.aspaklaria.info/100_QOF/קרבן   שני הלחם.html]
[www.aspaklaria.info/100_QOF/קרבן   שתי הלחם.html]
[www.aspaklaria.info/100_QOF/קרבן   תודה.html]
[www.aspaklaria.info/100_QOF/קרבן   תמורה.html]
[www.aspaklaria.info/100_QOF/קרבן   תמיד.html]
[www.aspaklaria.info/100_QOF/קרבן   תנופה.html]
[www.aspaklaria.info/100_QOF/קרבן   תקיעה.html]
[www.aspaklaria.info/100_QOF/קרה.html]
[www.aspaklaria.info/100_QOF/קרואי העדה.html]
[www.aspaklaria.info/100_QOF/קרוב   קרובים.html]
[www.aspaklaria.info/100_QOF/קרוב ימי.html]
[www.aspaklaria.info/100_QOF/קרוב רחוקים.html]
[www.aspaklaria.info/100_QOF/קרח.html]
[www.aspaklaria.info/100_QOF/קרח   בני.html]
[www.aspaklaria.info/100_QOF/קרח   קרחה.html]
[www.aspaklaria.info/100_QOF/קרי.html]
[www.aspaklaria.info/100_QOF/קרי וכתיב.html]
[www.aspaklaria.info/100_QOF/קריאת התורה.html]
[www.aspaklaria.info/100_QOF/קריאת שמע.html]
[www.aspaklaria.info/100_QOF/קריאת שמע על המטה.html]
[www.aspaklaria.info/100_QOF/קריעה.html]
[www.aspaklaria.info/100_QOF/קריעת ים סוף.html]
[www.aspaklaria.info/100_QOF/קרית ספר.html]
[www.aspaklaria.info/100_QOF/קרן.html]
[www.aspaklaria.info/100_QOF/קרקע.html]
[www.aspaklaria.info/100_QOF/קרקר.html]
[www.aspaklaria.info/100_QOF/קרש.html]
[www.aspaklaria.info/100_QOF/קש   קשש.html]
[www.aspaklaria.info/100_QOF/קשב.html]
[www.aspaklaria.info/100_QOF/קשה.html]
[www.aspaklaria.info/100_QOF/קשה עורף.html]
[www.aspaklaria.info/100_QOF/קשוט.html]
[www.aspaklaria.info/100_QOF/קשט.html]
[www.aspaklaria.info/100_QOF/קשיטה.html]
[www.aspaklaria.info/100_QOF/קשקשת.html]
[www.aspaklaria.info/100_QOF/קשר   קשור.html]
[www.aspaklaria.info/100_QOF/קשת.html]
[www.aspaklaria.info/200_RESH/ר.html]
[www.aspaklaria.info/200_RESH/ראה   ראיה.html]
[www.aspaklaria.info/200_RESH/ראובן.html]
[www.aspaklaria.info/200_RESH/ראשון.html]
[www.aspaklaria.info/200_RESH/ראשית.html]
[www.aspaklaria.info/200_RESH/ראשית הגז.html]
[www.aspaklaria.info/200_RESH/רב   רבנות.html]
[www.aspaklaria.info/200_RESH/רב   רבי.html]
[www.aspaklaria.info/200_RESH/רבי אבא.html]
[www.aspaklaria.info/200_RESH/אבא בנימין.html]
[www.aspaklaria.info/200_RESH/רבי אבא בר זוטרא.html]
[www.aspaklaria.info/200_RESH/רבי אבא בריה דרבי חייא.html]
[www.aspaklaria.info/200_RESH/אבא בר מרתא.html]
[www.aspaklaria.info/200_RESH/רבי אבא בר פפא.html]
[www.aspaklaria.info/200_RESH/רב אבא בר תחליפא.html]
[www.aspaklaria.info/200_RESH/ר  אבא דמן חיפה.html]
[www.aspaklaria.info/200_RESH/רבי אבא דמן עכו.html]
[www.aspaklaria.info/200_RESH/אבא חלפתא.html]
[www.aspaklaria.info/200_RESH/אבא חלקיה.html]
[www.aspaklaria.info/200_RESH/אבא יודן.html]
[www.aspaklaria.info/200_RESH/אבא שאול  אבא שאול בן בטנית.html]
[www.aspaklaria.info/200_RESH/אבא תחנה.html]
[www.aspaklaria.info/200_RESH/רבי אבוה.html]
[www.aspaklaria.info/200_RESH/אבוה בר איהי.html]
[www.aspaklaria.info/200_RESH/ר אבון.html]
[www.aspaklaria.info/200_RESH/אביי.html]
[www.aspaklaria.info/200_RESH/אבימי.html]
[www.aspaklaria.info/200_RESH/אבימי בריה דרבי אבהו.html]
[www.aspaklaria.info/200_RESH/רבי אבין.html]
[www.aspaklaria.info/200_RESH/רבי אבינא.html]
[www.aspaklaria.info/200_RESH/רבי אביתר.html]
[www.aspaklaria.info/200_RESH/רב אדא בר אבא.html]
[www.aspaklaria.info/200_RESH/רב אדא בר אהבה.html]
[www.aspaklaria.info/200_RESH/רב אדא בר אחוה.html]
[www.aspaklaria.info/200_RESH/רב אדא בר מתנא.html]
[www.aspaklaria.info/200_RESH/רב אדא סבא.html]
[www.aspaklaria.info/200_RESH/אדמון.html]
[www.aspaklaria.info/200_RESH/רבי אושעיא.html]
[www.aspaklaria.info/200_RESH/ר אושעיא בריבי.html]
[www.aspaklaria.info/200_RESH/רב אויא.html]
[www.aspaklaria.info/200_RESH/רב אויא סבא.html]
[www.aspaklaria.info/200_RESH/רב אחא.html]
[www.aspaklaria.info/200_RESH/רב אחא בר אבא.html]
[www.aspaklaria.info/200_RESH/רב אחא בריה דרב איקא.html]
[www.aspaklaria.info/200_RESH/רב אחא בר רב הונא.html]
[www.aspaklaria.info/200_RESH/רב אחא בר יוסף.html]
[www.aspaklaria.info/200_RESH/רב אחא בר יעקב.html]
[www.aspaklaria.info/200_RESH/רבי אחא בר עולא.html]
[www.aspaklaria.info/200_RESH/רב אחא בריה דרבינא.html]
[www.aspaklaria.info/200_RESH/רב אחא דהוצל.html]
[www.aspaklaria.info/200_RESH/רבי אחא שר הבירה.html]
[www.aspaklaria.info/200_RESH/רב אחאי.html]
[www.aspaklaria.info/200_RESH/רב אחדבוי בר אמי.html]
[www.aspaklaria.info/200_RESH/רבי אחי בר יאשיה.html]
[www.aspaklaria.info/200_RESH/רב אידי בר אבין.html]
[www.aspaklaria.info/200_RESH/רב אידית.html]
[www.aspaklaria.info/200_RESH/אילפא.html]
[www.aspaklaria.info/200_RESH/איסי בר יהודה.html]
[www.aspaklaria.info/200_RESH/רבי אלכסנדרי.html]
[www.aspaklaria.info/200_RESH/רבי אליעזר.html]
[www.aspaklaria.info/200_RESH/רבי אליעזר בנו של ר יוסי הגלילי.html]
[www.aspaklaria.info/200_RESH/רבי אליעזר בן יעקב.html]
[www.aspaklaria.info/200_RESH/אליעזר זעירא.html]
[www.aspaklaria.info/200_RESH/רבי אלעזר.html]
[www.aspaklaria.info/200_RESH/רבי אלעזר בן דורדיא.html]
[www.aspaklaria.info/200_RESH/רבי אלעזר בן דמה.html]
[www.aspaklaria.info/200_RESH/רבי אלעזר בן חסמא.html]
[www.aspaklaria.info/200_RESH/רבי אלעזר בן חרסום.html]
[www.aspaklaria.info/200_RESH/רבי אלעזר בר יוסי.html]
[www.aspaklaria.info/200_RESH/רבי אלעזר בן עזריה.html]
[www.aspaklaria.info/200_RESH/רבי אלעזר בן ערך.html]
[www.aspaklaria.info/200_RESH/רבי אלעזר בן פדת.html]
[www.aspaklaria.info/200_RESH/ר אלעזר בן פרטא.html]
[www.aspaklaria.info/200_RESH/רבי אלעזר בן צדוק.html]
[www.aspaklaria.info/200_RESH/רבי אלעזר בן שמוע.html]
[www.aspaklaria.info/200_RESH/רבי אלעזר בן שמעון.html]
[www.aspaklaria.info/200_RESH/ר אלעזר הקפר.html]
[www.aspaklaria.info/200_RESH/ר אלעזר מהגרוניא.html]
[www.aspaklaria.info/200_RESH/ר אלעזר חסמא.html]
[www.aspaklaria.info/200_RESH/רבי אלעאי.html]
[www.aspaklaria.info/200_RESH/רבי אמי ורבי אסי.html]
[www.aspaklaria.info/200_RESH/אמימר.html]
[www.aspaklaria.info/200_RESH/ר אפס.html]
[www.aspaklaria.info/200_RESH/רב אשי.html]
[www.aspaklaria.info/200_RESH/בבא בן בוטא.html]
[www.aspaklaria.info/200_RESH/רבי בון.html]
[www.aspaklaria.info/200_RESH/בטנית.html]
[www.aspaklaria.info/200_RESH/רב ביבי.html]
[www.aspaklaria.info/200_RESH/רב ביבי בר אביי.html]
[www.aspaklaria.info/200_RESH/בן זומא.html]
[www.aspaklaria.info/200_RESH/בן עזאי.html]
[www.aspaklaria.info/200_RESH/בן ננס.html]
[www.aspaklaria.info/200_RESH/רבי בנאה.html]
[www.aspaklaria.info/200_RESH/בני בתירא.html]
[www.aspaklaria.info/200_RESH/בנימין הצדיק.html]
[www.aspaklaria.info/200_RESH/בר קפרא.html]
[www.aspaklaria.info/200_RESH/רב ברונא.html]
[www.aspaklaria.info/200_RESH/ברוריה.html]
[www.aspaklaria.info/200_RESH/רב גידל.html]
[www.aspaklaria.info/200_RESH/רב גמדא.html]
[www.aspaklaria.info/200_RESH/רבן גמליאל.html]
[www.aspaklaria.info/200_RESH/רבי דוסא בן הרכינס.html]
[www.aspaklaria.info/200_RESH/רבי דוסתאי בר ינאי.html]
[www.aspaklaria.info/200_RESH/רב דימי אחוה דרב ספרא.html]
[www.aspaklaria.info/200_RESH/רב דימי בר יוסף.html]
[www.aspaklaria.info/200_RESH/רב דימי מנהרדעא.html]
[www.aspaklaria.info/200_RESH/רב הונא.html]
[www.aspaklaria.info/200_RESH/רב הונא בריה דרב איקא.html]
[www.aspaklaria.info/200_RESH/רב הונא בר חיון.html]
[www.aspaklaria.info/200_RESH/רב הונא בר חייא.html]
[www.aspaklaria.info/200_RESH/רב הונא בר חיננא.html]
[www.aspaklaria.info/200_RESH/רב הונא בריה דרב יהושע.html]
[www.aspaklaria.info/200_RESH/רב הונא בריה דרב נתן.html]
[www.aspaklaria.info/200_RESH/רב הונא ריש גלותא.html]
[www.aspaklaria.info/200_RESH/הורקנוס.html]
[www.aspaklaria.info/200_RESH/רבי הושעיא.html]
[www.aspaklaria.info/200_RESH/הלל.html]
[www.aspaklaria.info/200_RESH/הלל בן רבן גמליאל.html]
[www.aspaklaria.info/200_RESH/רב המנונא.html]
[www.aspaklaria.info/200_RESH/רב המנונא סבא.html]
[www.aspaklaria.info/200_RESH/רב זביד.html]
[www.aspaklaria.info/200_RESH/רבי זירא.html]
[www.aspaklaria.info/200_RESH/רבי זכאי.html]
[www.aspaklaria.info/200_RESH/רבי זכריה בן אבקולס.html]
[www.aspaklaria.info/200_RESH/רבי זכריה בן הקצב.html]
[www.aspaklaria.info/200_RESH/רבי זעירא.html]
[www.aspaklaria.info/200_RESH/זעירי.html]
[www.aspaklaria.info/200_RESH/רבי חגי.html]
[www.aspaklaria.info/200_RESH/חוני המעגל.html]
[www.aspaklaria.info/200_RESH/חוצפית המתורגמן.html]
[www.aspaklaria.info/200_RESH/רבי חזקיה.html]
[www.aspaklaria.info/200_RESH/רבי חייא.html]
[www.aspaklaria.info/200_RESH/רב חייא אריכא.html]
[www.aspaklaria.info/200_RESH/רבי חייא בר אבא.html]
[www.aspaklaria.info/200_RESH/רב חייא בר אדא.html]
[www.aspaklaria.info/200_RESH/רב חייא בר אשי.html]
[www.aspaklaria.info/200_RESH/רבי חייא בר בא.html]
[www.aspaklaria.info/200_RESH/רבי חייא בר גמדא.html]
[www.aspaklaria.info/200_RESH/רבי חייא בר זרנוקי.html]
[www.aspaklaria.info/200_RESH/רבי חייא בר יוסף.html]
[www.aspaklaria.info/200_RESH/רבי חייא בר רב.html]
[www.aspaklaria.info/200_RESH/רבי חייא פרוואה.html]
[www.aspaklaria.info/200_RESH/רבי חלבו.html]
[www.aspaklaria.info/200_RESH/רב חמא.html]
[www.aspaklaria.info/200_RESH/רבי חמא בר ביסא.html]
[www.aspaklaria.info/200_RESH/רבי חמא בר רבי חנינא.html]
[www.aspaklaria.info/200_RESH/רב חמא בר טוביה.html]
[www.aspaklaria.info/200_RESH/רב חמא בריה דרבה בר אבהו.html]
[www.aspaklaria.info/200_RESH/רבי חמי בר חנינה.html]
[www.aspaklaria.info/200_RESH/רב חנא.html]
[www.aspaklaria.info/200_RESH/רבי חנא פתוראה.html]
[www.aspaklaria.info/200_RESH/רבי חנא בר ביזנא.html]
[www.aspaklaria.info/200_RESH/רבי חנא בר חנילאי.html]
[www.aspaklaria.info/200_RESH/רבי חנינא.html]
[www.aspaklaria.info/200_RESH/רבי חנינא בן אלעזר.html]
[www.aspaklaria.info/200_RESH/רבי חנינא בן אנטיגנוס.html]
[www.aspaklaria.info/200_RESH/רבי חנינא בן גמליאל.html]
[www.aspaklaria.info/200_RESH/רבי חנינא בן דוסא.html]
[www.aspaklaria.info/200_RESH/רבי חנינא בר חמא.html]
[www.aspaklaria.info/200_RESH/רבי חנינא בר יוסף.html]
[www.aspaklaria.info/200_RESH/רבי חנינא בר פפי.html]
[www.aspaklaria.info/200_RESH/רבי חנינא בן אחי ר יהושע.html]
[www.aspaklaria.info/200_RESH/רבי חנינא בר פפא.html]
[www.aspaklaria.info/200_RESH/רב חנינא בר שילא.html]
[www.aspaklaria.info/200_RESH/רבי חנינה בן תרדיון.html]
[www.aspaklaria.info/200_RESH/רב חנן.html]
[www.aspaklaria.info/200_RESH/רב חנן בר רבא.html]
[www.aspaklaria.info/200_RESH/חנן המצרי.html]
[www.aspaklaria.info/200_RESH/חנן הנחבא.html]
[www.aspaklaria.info/200_RESH/רב חננאל.html]
[www.aspaklaria.info/200_RESH/חנן בן אבישלום.html]
[www.aspaklaria.info/200_RESH/רבי חנניה.html]
[www.aspaklaria.info/200_RESH/רבי חנניה בן חכינאי.html]
[www.aspaklaria.info/200_RESH/רב חנניא בר שלמיא.html]
[www.aspaklaria.info/200_RESH/רב חסדא.html]
[www.aspaklaria.info/200_RESH/רב טבות.html]
[www.aspaklaria.info/200_RESH/רב טובי בר מתנא.html]
[www.aspaklaria.info/200_RESH/רבי טבלא.html]
[www.aspaklaria.info/200_RESH/רבי טרפון.html]
[www.aspaklaria.info/200_RESH/ר יאשיה.html]
[www.aspaklaria.info/200_RESH/ר יאשיה דמן אושא.html]
[www.aspaklaria.info/200_RESH/ר יהודה.html]
[www.aspaklaria.info/200_RESH/רב יהודה.html]
[www.aspaklaria.info/200_RESH/רב יהודה בר אישתתא.html]
[www.aspaklaria.info/200_RESH/רבי יהודה בן בבא.html]
[www.aspaklaria.info/200_RESH/רבי יהודה בן בתירא.html]
[www.aspaklaria.info/200_RESH/יהודה בן דורתאי.html]
[www.aspaklaria.info/200_RESH/יהודה בר חייה.html]
[www.aspaklaria.info/200_RESH/רבי יהודה בן טבאי.html]
[www.aspaklaria.info/200_RESH/רב יהודה בר יחזקאל.html]
[www.aspaklaria.info/200_RESH/רבי יהודה בר נחמיה.html]
[www.aspaklaria.info/200_RESH/ר יהודה בן קנוסא.html]
[www.aspaklaria.info/200_RESH/רבי יהודה הנדואה.html]
[www.aspaklaria.info/200_RESH/רבי יהודה נשיאה.html]
[www.aspaklaria.info/200_RESH/ר יהושע.html]
[www.aspaklaria.info/200_RESH/ר יהושע בריה דרב אידי.html]
[www.aspaklaria.info/200_RESH/יהושע בן גמלא.html]
[www.aspaklaria.info/200_RESH/רבי יהושע בן לוי.html]
[www.aspaklaria.info/200_RESH/ר יהושע בן ר עקיבא.html]
[www.aspaklaria.info/200_RESH/רבי יהושע בן פתר ראש.html]
[www.aspaklaria.info/200_RESH/רבי יהושע בן קרחה.html]
[www.aspaklaria.info/200_RESH/רבי יודן.html]
[www.aspaklaria.info/200_RESH/רבי יוחנן.html]
[www.aspaklaria.info/200_RESH/יוחנן בן בג בג.html]
[www.aspaklaria.info/200_RESH/רבי יוחנן בן גודגדא.html]
[www.aspaklaria.info/200_RESH/רבן יוחנן בן זכאי.html]
[www.aspaklaria.info/200_RESH/רבי יוחנן בן נורי.html]
[www.aspaklaria.info/200_RESH/ר יוחנן בן מתיא.html]
[www.aspaklaria.info/200_RESH/רבי יוחנן בן תורתה.html]
[www.aspaklaria.info/200_RESH/ר יוחנן החורני.html]
[www.aspaklaria.info/200_RESH/יוחנן כהן גדול.html]
[www.aspaklaria.info/200_RESH/ר יוחנן הסנדלר.html]
[www.aspaklaria.info/200_RESH/רבי יונה.html]
[www.aspaklaria.info/200_RESH/רבי יונתן.html]
[www.aspaklaria.info/200_RESH/יונתן בן עוזיאל.html]
[www.aspaklaria.info/200_RESH/רבי יונתן בן עכמאי.html]
[www.aspaklaria.info/200_RESH/יונתן בן עמרם.html]
[www.aspaklaria.info/200_RESH/רבי יוסי.html]
[www.aspaklaria.info/200_RESH/רבי יוסי בר אסיין.html]
[www.aspaklaria.info/200_RESH/ר יוסי בן דורמסקית.html]
[www.aspaklaria.info/200_RESH/ר יוסי בר חלפתא.html]
[www.aspaklaria.info/200_RESH/ר יוסי בר חנינא.html]
[www.aspaklaria.info/200_RESH/רבי יוסי בר ר יהודה.html]
[www.aspaklaria.info/200_RESH/יוסי בן יועזר.html]
[www.aspaklaria.info/200_RESH/רבי יוסי בר כיפר.html]
[www.aspaklaria.info/200_RESH/ר יוסי בר נתן.html]
[www.aspaklaria.info/200_RESH/יוסי בן סימאי.html]
[www.aspaklaria.info/200_RESH/ר יוסי קטנתא.html]
[www.aspaklaria.info/200_RESH/רבי יוסי בן קסמא.html]
[www.aspaklaria.info/200_RESH/ר יוסי הגלילי.html]
[www.aspaklaria.info/200_RESH/רבי יוסי הכהן.html]
[www.aspaklaria.info/200_RESH/ר יוסי דמן יוקרת.html]
[www.aspaklaria.info/200_RESH/רב יוסף.html]
[www.aspaklaria.info/200_RESH/רב יוסף בר חמא.html]
[www.aspaklaria.info/200_RESH/רב יוסף בריה דר יהושע.html]
[www.aspaklaria.info/200_RESH/רב יוסף בריה דרבא.html]
[www.aspaklaria.info/200_RESH/ר יוסי דפקיעין.html]
[www.aspaklaria.info/200_RESH/רב יחזקאל.html]
[www.aspaklaria.info/200_RESH/רב ייבא סבא.html]
[www.aspaklaria.info/200_RESH/רבי ינאי.html]
[www.aspaklaria.info/200_RESH/רבי ינאי בר ישמעאל.html]
[www.aspaklaria.info/200_RESH/ר יסא.html]
[www.aspaklaria.info/200_RESH/ר יעקב בר אחא.html]
[www.aspaklaria.info/200_RESH/רבי יעקב בר אידי.html]
[www.aspaklaria.info/200_RESH/ר יעקב בן קרשי.html]
[www.aspaklaria.info/200_RESH/רבי יצחק.html]
[www.aspaklaria.info/200_RESH/רב יצחק בר ביסנא.html]
[www.aspaklaria.info/200_RESH/רב יצחק בריה דרב יהודה.html]
[www.aspaklaria.info/200_RESH/רב יצחק בר יוסף.html]
[www.aspaklaria.info/200_RESH/רב יצחק ברבי.html]
[www.aspaklaria.info/200_RESH/רבי יצחק נפחא.html]
[www.aspaklaria.info/200_RESH/רבי ירמיה.html]
[www.aspaklaria.info/200_RESH/רב ירמיה בר אבא.html]
[www.aspaklaria.info/200_RESH/רבי ישבב.html]
[www.aspaklaria.info/200_RESH/רבי ישמעאל.html]
[www.aspaklaria.info/200_RESH/ר ישמעאל בן אלישע.html]
[www.aspaklaria.info/200_RESH/ר ישמעאל בר יוסי.html]
[www.aspaklaria.info/200_RESH/ר ישמעאל בן פיאבי.html]
[www.aspaklaria.info/200_RESH/רב כהנא.html]
[www.aspaklaria.info/200_RESH/רבי כרוספדאי.html]
[www.aspaklaria.info/200_RESH/רבי לוי.html]
[www.aspaklaria.info/200_RESH/לוי בריה דרב הונא בר חייא.html]
[www.aspaklaria.info/200_RESH/לוי בן סיסי.html]
[www.aspaklaria.info/200_RESH/רבי מאיר.html]
[www.aspaklaria.info/200_RESH/רבי מיאשא בר בריה דר יהושע.html]
[www.aspaklaria.info/200_RESH/רב מלכיו.html]
[www.aspaklaria.info/200_RESH/רבי מנחם בר סימאי.html]
[www.aspaklaria.info/200_RESH/מנימין בר איהי.html]
[www.aspaklaria.info/200_RESH/רב מנשה.html]
[www.aspaklaria.info/200_RESH/מר בר רב אשי.html]
[www.aspaklaria.info/200_RESH/מר בריה דרבינא.html]
[www.aspaklaria.info/200_RESH/מר זוטרא.html]
[www.aspaklaria.info/200_RESH/מר זוטרא בריה דרב נחמן.html]
[www.aspaklaria.info/200_RESH/מר זוטרא חסידא.html]
[www.aspaklaria.info/200_RESH/מר עוקבא.html]
[www.aspaklaria.info/200_RESH/מר עוקבא בר חמא.html]
[www.aspaklaria.info/200_RESH/רב מרדכי.html]
[www.aspaklaria.info/200_RESH/רב מרי.html]
[www.aspaklaria.info/200_RESH/רב מרי בר רחל.html]
[www.aspaklaria.info/200_RESH/רב משרשיא.html]
[www.aspaklaria.info/200_RESH/רבי מתיא.html]
[www.aspaklaria.info/200_RESH/רב מתנה.html]
[www.aspaklaria.info/200_RESH/רבי נהוראי.html]
[www.aspaklaria.info/200_RESH/נחום איש גם זו.html]
[www.aspaklaria.info/200_RESH/נחום איש קודש קדשים.html]
[www.aspaklaria.info/200_RESH/נחום המדי.html]
[www.aspaklaria.info/200_RESH/רבי נחוניא.html]
[www.aspaklaria.info/200_RESH/רבי נחוניא בן הקנה.html]
[www.aspaklaria.info/200_RESH/רבי נחוניא חופר שיחין.html]
[www.aspaklaria.info/200_RESH/רבי נחמיה.html]
[www.aspaklaria.info/200_RESH/נחמיה איש בית דלי.html]
[www.aspaklaria.info/200_RESH/רב נחמן.html]
[www.aspaklaria.info/200_RESH/רב נחמן בר יעקב.html]
[www.aspaklaria.info/200_RESH/רב נחמן בר יצחק.html]
[www.aspaklaria.info/200_RESH/רבי נתן.html]
[www.aspaklaria.info/200_RESH/רב נתן בר אסיא.html]
[www.aspaklaria.info/200_RESH/נתן צוציתא.html]
[www.aspaklaria.info/200_RESH/סומכוס.html]
[www.aspaklaria.info/200_RESH/רב סחורה.html]
[www.aspaklaria.info/200_RESH/רב סמא.html]
[www.aspaklaria.info/200_RESH/רב סעורם.html]
[www.aspaklaria.info/200_RESH/רב ספרא.html]
[www.aspaklaria.info/200_RESH/רב עוירא.html]
[www.aspaklaria.info/200_RESH/רב עוירא סבא.html]
[www.aspaklaria.info/200_RESH/עולא.html]
[www.aspaklaria.info/200_RESH/רב עולא בר אבא.html]
[www.aspaklaria.info/200_RESH/רב עולא בריה דרב עילאי.html]
[www.aspaklaria.info/200_RESH/עוקבא.html]
[www.aspaklaria.info/200_RESH/רב עוקבא בר חמא.html]
[www.aspaklaria.info/200_RESH/רבי עזרא.html]
[www.aspaklaria.info/200_RESH/עיפא.html]
[www.aspaklaria.info/200_RESH/רב עיליש.html]
[www.aspaklaria.info/200_RESH/רב עמרם.html]
[www.aspaklaria.info/200_RESH/רב עמרם חסידא.html]
[www.aspaklaria.info/200_RESH/רב ענן.html]
[www.aspaklaria.info/200_RESH/רב ענן בר תחליפא.html]
[www.aspaklaria.info/200_RESH/עקביא בן מהללאל.html]
[www.aspaklaria.info/200_RESH/רבי עקיבא.html]
[www.aspaklaria.info/200_RESH/רבי פדת.html]
[www.aspaklaria.info/200_RESH/פלימו.html]
[www.aspaklaria.info/200_RESH/רבי פנחס.html]
[www.aspaklaria.info/200_RESH/רב פנחס בן רב חסדא.html]
[www.aspaklaria.info/200_RESH/רבי פנחס בן יאיר.html]
[www.aspaklaria.info/200_RESH/רבי פנחס בר ערובא.html]
[www.aspaklaria.info/200_RESH/רב פפא.html]
[www.aspaklaria.info/200_RESH/רב פפא בר שמואל.html]
[www.aspaklaria.info/200_RESH/רב פפי.html]
[www.aspaklaria.info/200_RESH/ר פפייס.html]
[www.aspaklaria.info/200_RESH/רבי פרידא.html]
[www.aspaklaria.info/200_RESH/ר צדוק.html]
[www.aspaklaria.info/200_RESH/קרנא.html]
[www.aspaklaria.info/200_RESH/רבי ראובן בן איסטרובלי.html]
[www.aspaklaria.info/200_RESH/רב.html]
[www.aspaklaria.info/200_RESH/רבא.html]
[www.aspaklaria.info/200_RESH/רבא בר שרשום.html]
[www.aspaklaria.info/200_RESH/רבה.html]
[www.aspaklaria.info/200_RESH/רבה בר אבוה.html]
[www.aspaklaria.info/200_RESH/רבה בר רב הונא.html]
[www.aspaklaria.info/200_RESH/רבה בר חנה.html]
[www.aspaklaria.info/200_RESH/רבה בר בר חנה.html]
[www.aspaklaria.info/200_RESH/רבה בר רב חנן.html]
[www.aspaklaria.info/200_RESH/רבי.html]
[www.aspaklaria.info/200_RESH/רבין.html]
[www.aspaklaria.info/200_RESH/רבין סבא.html]
[www.aspaklaria.info/200_RESH/רבין חסידא.html]
[www.aspaklaria.info/200_RESH/רבינא.html]
[www.aspaklaria.info/200_RESH/רחבה.html]
[www.aspaklaria.info/200_RESH/רב רחומי.html]
[www.aspaklaria.info/200_RESH/רבי רומנוס.html]
[www.aspaklaria.info/200_RESH/רמי בר חמא.html]
[www.aspaklaria.info/200_RESH/רמי בר יחזקאל.html]
[www.aspaklaria.info/200_RESH/רמי בר תמרי.html]
[www.aspaklaria.info/200_RESH/רפרם.html]
[www.aspaklaria.info/200_RESH/רפרם בר פפא.html]
[www.aspaklaria.info/200_RESH/רבי שילא.html]
[www.aspaklaria.info/200_RESH/שילא בר אבינא.html]
[www.aspaklaria.info/200_RESH/רב שימי בר אשי.html]
[www.aspaklaria.info/200_RESH/שמאי.html]
[www.aspaklaria.info/200_RESH/שמואל.html]
[www.aspaklaria.info/200_RESH/רב שמואל בר אבא.html]
[www.aspaklaria.info/200_RESH/רב שמואל בר ביסנא.html]
[www.aspaklaria.info/200_RESH/רב שמואל בר זוטרא.html]
[www.aspaklaria.info/200_RESH/רב שמואל בר יהודה.html]
[www.aspaklaria.info/200_RESH/רבי שמואל בר רבי יוסי.html]
[www.aspaklaria.info/200_RESH/רב שמואל בר יצחק.html]
[www.aspaklaria.info/200_RESH/רבי שמואל בן סוסרטיי.html]
[www.aspaklaria.info/200_RESH/רב שמואל בר שילת.html]
[www.aspaklaria.info/200_RESH/שמואל הקטן.html]
[www.aspaklaria.info/200_RESH/רבי שמלאי.html]
[www.aspaklaria.info/200_RESH/רבי שמעון בן איסי בן לקוניא.html]
[www.aspaklaria.info/200_RESH/רבי שמעון בן אליקים.html]
[www.aspaklaria.info/200_RESH/רבי שמעון בן אלעזר.html]
[www.aspaklaria.info/200_RESH/רבן שמעון בן גמליאל.html]
[www.aspaklaria.info/200_RESH/ר שמעון בר ווא.html]
[www.aspaklaria.info/200_RESH/רבי שמעון בן חלפתא.html]
[www.aspaklaria.info/200_RESH/רבי שמעון בן יהוצדק.html]
[www.aspaklaria.info/200_RESH/רבי שמעון בן יוחאי.html]
[www.aspaklaria.info/200_RESH/רבי שמעון בן לקיש.html]
[www.aspaklaria.info/200_RESH/רבי שמעון בן נתנאל.html]
[www.aspaklaria.info/200_RESH/רבי שמעון בר רבי.html]
[www.aspaklaria.info/200_RESH/שמעון בן שטח.html]
[www.aspaklaria.info/200_RESH/שמעון העמסוני.html]
[www.aspaklaria.info/200_RESH/שמעון הפקולי.html]
[www.aspaklaria.info/200_RESH/שמעון הצדיק.html]
[www.aspaklaria.info/200_RESH/שמעון התימני.html]
[www.aspaklaria.info/200_RESH/שמעיה ואבטליון.html]
[www.aspaklaria.info/200_RESH/רב ששת.html]
[www.aspaklaria.info/200_RESH/תודוס.html]
[www.aspaklaria.info/200_RESH/רבי תנחום.html]
[www.aspaklaria.info/200_RESH/רבי תנחום בר איסבלוסטיקא.html]
[www.aspaklaria.info/200_RESH/רבי תנחום ב.html]
[www.aspaklaria.info/200_RESH/רבי תנחום בן חנילאי.html]
[www.aspaklaria.info/200_RESH/רבי תנחומא.html]
[www.aspaklaria.info/200_RESH/רבבה.html]
[www.aspaklaria.info/200_RESH/רבה   קשת.html]
[www.aspaklaria.info/200_RESH/רבוע.html]
[www.aspaklaria.info/200_RESH/רביבים.html]
[www.aspaklaria.info/200_RESH/רביד.html]
[www.aspaklaria.info/200_RESH/רבים.html]
[www.aspaklaria.info/200_RESH/רביעית.html]
[www.aspaklaria.info/200_RESH/רבית.html]
[www.aspaklaria.info/200_RESH/רבנות.html]
[www.aspaklaria.info/200_RESH/רבץ.html]
[www.aspaklaria.info/200_RESH/רבקה.html]
[www.aspaklaria.info/200_RESH/רבשקה.html]
[www.aspaklaria.info/200_RESH/רגז.html]
[www.aspaklaria.info/200_RESH/רגל.html]
[www.aspaklaria.info/200_RESH/רגל   מזיק.html]
[www.aspaklaria.info/200_RESH/רגל   תור.html]
[www.aspaklaria.info/200_RESH/רגם.html]
[www.aspaklaria.info/200_RESH/רגן.html]
[www.aspaklaria.info/200_RESH/רגע   רוגע.html]
[www.aspaklaria.info/200_RESH/רגע.html]
[www.aspaklaria.info/200_RESH/רגעי ארץ.html]
[www.aspaklaria.info/200_RESH/רגש.html]
[www.aspaklaria.info/200_RESH/רדה.html]
[www.aspaklaria.info/200_RESH/רדף.html]
[www.aspaklaria.info/200_RESH/רהב.html]
[www.aspaklaria.info/200_RESH/רוב.html]
[www.aspaklaria.info/200_RESH/רודוס.html]
[www.aspaklaria.info/200_RESH/רודף   רדף.html]
[www.aspaklaria.info/200_RESH/רוגז   רגז.html]
[www.aspaklaria.info/200_RESH/רווק.html]
[www.aspaklaria.info/200_RESH/רוח.html]
[www.aspaklaria.info/200_RESH/רוח   נפש.html]
[www.aspaklaria.info/200_RESH/רוח ה.html]
[www.aspaklaria.info/200_RESH/רוח הקודש.html]
[www.aspaklaria.info/200_RESH/רוח טומאה רעה.html]
[www.aspaklaria.info/200_RESH/רוחות.html]
[www.aspaklaria.info/200_RESH/רוחות   מזיקין.html]
[www.aspaklaria.info/200_RESH/רוחניות.html]
[www.aspaklaria.info/200_RESH/רוכל.html]
[www.aspaklaria.info/200_RESH/רום עינים.html]
[www.aspaklaria.info/200_RESH/רומוס ורומולוס.html]
[www.aspaklaria.info/200_RESH/רומי.html]
[www.aspaklaria.info/200_RESH/רועה   רעה.html]
[www.aspaklaria.info/200_RESH/רופא.html]
[www.aspaklaria.info/200_RESH/רוצח.html]
[www.aspaklaria.info/200_RESH/רוק   רקיקה.html]
[www.aspaklaria.info/200_RESH/רות.html]
[www.aspaklaria.info/200_RESH/רותם.html]
[www.aspaklaria.info/200_RESH/רחב.html]
[www.aspaklaria.info/200_RESH/רחבעם.html]
[www.aspaklaria.info/200_RESH/רחוב.html]
[www.aspaklaria.info/200_RESH/רחוק.html]
[www.aspaklaria.info/200_RESH/רחיצה.html]
[www.aspaklaria.info/200_RESH/רחל.html]
[www.aspaklaria.info/200_RESH/רחם.html]
[www.aspaklaria.info/200_RESH/רחמים.html]
[www.aspaklaria.info/200_RESH/רחש.html]
[www.aspaklaria.info/200_RESH/רטפש.html]
[www.aspaklaria.info/200_RESH/רטש.html]
[www.aspaklaria.info/200_RESH/ריאה.html]
[www.aspaklaria.info/200_RESH/ריב.html]
[www.aspaklaria.info/200_RESH/ריח.html]
[www.aspaklaria.info/200_RESH/ריחים.html]
[www.aspaklaria.info/200_RESH/רימון.html]
[www.aspaklaria.info/200_RESH/רינה   רנן.html]
[www.aspaklaria.info/200_RESH/ריע.html]
[www.aspaklaria.info/200_RESH/ריפות.html]
[www.aspaklaria.info/200_RESH/ריצה.html]
[www.aspaklaria.info/200_RESH/ריש גלותא.html]
[www.aspaklaria.info/200_RESH/רך.html]
[www.aspaklaria.info/200_RESH/רך לבב.html]
[www.aspaklaria.info/200_RESH/רכיבה   רכב.html]
[www.aspaklaria.info/200_RESH/רכוש.html]
[www.aspaklaria.info/200_RESH/רע עין.html]
[www.aspaklaria.info/200_RESH/רעב.html]
[www.aspaklaria.info/200_RESH/רעה.html]
[www.aspaklaria.info/200_RESH/רעואל.html]
[www.aspaklaria.info/200_RESH/רעידת אדמה.html]
[www.aspaklaria.info/200_RESH/רעם.html]
[www.aspaklaria.info/200_RESH/רעמסס.html]
[www.aspaklaria.info/200_RESH/רעץ.html]
[www.aspaklaria.info/200_RESH/רפאל.html]
[www.aspaklaria.info/200_RESH/רפאים.html]
[www.aspaklaria.info/200_RESH/רפואה.html]
[www.aspaklaria.info/200_RESH/רפידים.html]
[www.aspaklaria.info/200_RESH/רצד.html]
[www.aspaklaria.info/200_RESH/רצה   רצון.html]
[www.aspaklaria.info/200_RESH/רצפה.html]
[www.aspaklaria.info/200_RESH/רצפה בת איה.html]
[www.aspaklaria.info/200_RESH/רצץ.html]
[www.aspaklaria.info/200_RESH/רק.html]
[www.aspaklaria.info/200_RESH/רקד   רקידה.html]
[www.aspaklaria.info/200_RESH/רקח.html]
[www.aspaklaria.info/200_RESH/רקיע.html]
[www.aspaklaria.info/200_RESH/רקיק.html]
[www.aspaklaria.info/200_RESH/רקם.html]
[www.aspaklaria.info/200_RESH/רש.html]
[www.aspaklaria.info/200_RESH/רשות.html]
[www.aspaklaria.info/200_RESH/רשות   היחיד הרבים.html]
[www.aspaklaria.info/200_RESH/רשימו.html]
[www.aspaklaria.info/200_RESH/רשע.html]
[www.aspaklaria.info/200_RESH/רשע וטוב לו.html]
[www.aspaklaria.info/200_RESH/רשף.html]
[www.aspaklaria.info/300_SHIN/ש.html]
[www.aspaklaria.info/300_SHIN/שא.html]
[www.aspaklaria.info/300_SHIN/שאה   שאיה.html]
[www.aspaklaria.info/300_SHIN/שאל   שאלה.html]
[www.aspaklaria.info/300_SHIN/שאול   מלך.html]
[www.aspaklaria.info/300_SHIN/שאול   גיהנם.html]
[www.aspaklaria.info/300_SHIN/שאור.html]
[www.aspaklaria.info/300_SHIN/שאילת שלום.html]
[www.aspaklaria.info/300_SHIN/שאנן.html]
[www.aspaklaria.info/300_SHIN/שאף.html]
[www.aspaklaria.info/300_SHIN/שאר.html]
[www.aspaklaria.info/300_SHIN/שאת   צרעת.html]
[www.aspaklaria.info/300_SHIN/שאת.html]
[www.aspaklaria.info/300_SHIN/שבא   מלכת.html]
[www.aspaklaria.info/300_SHIN/שבואל.html]
[www.aspaklaria.info/300_SHIN/שבוי   שבויה   שבי.html]
[www.aspaklaria.info/300_SHIN/שבוע.html]
[www.aspaklaria.info/300_SHIN/שבועה.html]
[www.aspaklaria.info/300_SHIN/שבועות.html]
[www.aspaklaria.info/300_SHIN/שבור מלכא.html]
[www.aspaklaria.info/300_SHIN/שבח.html]
[www.aspaklaria.info/300_SHIN/שבטים.html]
[www.aspaklaria.info/300_SHIN/שביל.html]
[www.aspaklaria.info/300_SHIN/שבירת הכלים.html]
[www.aspaklaria.info/300_SHIN/שבכה.html]
[www.aspaklaria.info/300_SHIN/שבלול.html]
[www.aspaklaria.info/300_SHIN/שבנא.html]
[www.aspaklaria.info/300_SHIN/שבע בן בכרי.html]
[www.aspaklaria.info/300_SHIN/שבעת ימי המשתה.html]
[www.aspaklaria.info/300_SHIN/שבעה מינים.html]
[www.aspaklaria.info/300_SHIN/שבעה עמים.html]
[www.aspaklaria.info/300_SHIN/שבעה עשר בתמוז.html]
[www.aspaklaria.info/300_SHIN/שבעה רועים.html]
[www.aspaklaria.info/300_SHIN/שבעים זקנים.html]
[www.aspaklaria.info/300_SHIN/שבעים נפש.html]
[www.aspaklaria.info/300_SHIN/שבעתים.html]
[www.aspaklaria.info/300_SHIN/שבץ.html]
[www.aspaklaria.info/300_SHIN/שבר   יש שבר.html]
[www.aspaklaria.info/300_SHIN/שבר   תשברנה.html]
[www.aspaklaria.info/300_SHIN/שבר   וישבר.html]
[www.aspaklaria.info/300_SHIN/שבר   שבירה.html]
[www.aspaklaria.info/300_SHIN/שבת   וישבת.html]
[www.aspaklaria.info/300_SHIN/שבת.html]
[www.aspaklaria.info/300_SHIN/שבת   אסורי.html]
[www.aspaklaria.info/300_SHIN/שבת   בגד.html]
[www.aspaklaria.info/300_SHIN/שבת   זכור ושמור.html]
[www.aspaklaria.info/300_SHIN/שבת   מוצאי.html]
[www.aspaklaria.info/300_SHIN/שבת   נר.html]
[www.aspaklaria.info/300_SHIN/שבת   נשמה יתרה.html]
[www.aspaklaria.info/300_SHIN/שבת   סעודה.html]
[www.aspaklaria.info/300_SHIN/שבת   ערב.html]
[www.aspaklaria.info/300_SHIN/שבת   קדוש והבדלה.html]
[www.aspaklaria.info/300_SHIN/שבת   תוספות.html]
[www.aspaklaria.info/300_SHIN/שבת   תחום.html]
[www.aspaklaria.info/300_SHIN/שבת הגדול.html]
[www.aspaklaria.info/300_SHIN/שבת   שובה.html]
[www.aspaklaria.info/300_SHIN/שבתאי.html]
[www.aspaklaria.info/300_SHIN/שבתון.html]
[www.aspaklaria.info/300_SHIN/שגג.html]
[www.aspaklaria.info/300_SHIN/שגוב.html]
[www.aspaklaria.info/300_SHIN/שגל.html]
[www.aspaklaria.info/300_SHIN/שגר.html]
[www.aspaklaria.info/300_SHIN/שד.html]
[www.aspaklaria.info/300_SHIN/שדה.html]
[www.aspaklaria.info/300_SHIN/שדוך.html]
[www.aspaklaria.info/300_SHIN/שה.html]
[www.aspaklaria.info/300_SHIN/שהם.html]
[www.aspaklaria.info/300_SHIN/שוא.html]
[www.aspaklaria.info/300_SHIN/שואה.html]
[www.aspaklaria.info/300_SHIN/שואל.html]
[www.aspaklaria.info/300_SHIN/שוב.html]
[www.aspaklaria.info/300_SHIN/שובה.html]
[www.aspaklaria.info/300_SHIN/שובך.html]
[www.aspaklaria.info/300_SHIN/שוגג.html]
[www.aspaklaria.info/300_SHIN/שוח.html]
[www.aspaklaria.info/300_SHIN/שוחד.html]
[www.aspaklaria.info/300_SHIN/שוטה.html]
[www.aspaklaria.info/300_SHIN/שוטר.html]
[www.aspaklaria.info/300_SHIN/שוכר.html]
[www.aspaklaria.info/300_SHIN/שולחן.html]
[www.aspaklaria.info/300_SHIN/שולמית.html]
[www.aspaklaria.info/300_SHIN/שום.html]
[www.aspaklaria.info/300_SHIN/שומן.html]
[www.aspaklaria.info/300_SHIN/שולל.html]
[www.aspaklaria.info/300_SHIN/שומר הסף.html]
[www.aspaklaria.info/300_SHIN/שומרון.html]
[www.aspaklaria.info/300_SHIN/שומרונים.html]
[www.aspaklaria.info/300_SHIN/שומרים.html]
[www.aspaklaria.info/300_SHIN/שונא.html]
[www.aspaklaria.info/300_SHIN/שונמית.html]
[www.aspaklaria.info/300_SHIN/שוע.html]
[www.aspaklaria.info/300_SHIN/שועה.html]
[www.aspaklaria.info/300_SHIN/שועל.html]
[www.aspaklaria.info/300_SHIN/שופט.html]
[www.aspaklaria.info/300_SHIN/שופר   שופרות.html]
[www.aspaklaria.info/300_SHIN/שור   בהמה.html]
[www.aspaklaria.info/300_SHIN/שור הבר.html]
[www.aspaklaria.info/300_SHIN/שור   ראה.html]
[www.aspaklaria.info/300_SHIN/שורר.html]
[www.aspaklaria.info/300_SHIN/שורש.html]
[www.aspaklaria.info/300_SHIN/שושבין.html]
[www.aspaklaria.info/300_SHIN/שושן.html]
[www.aspaklaria.info/300_SHIN/שושנה.html]
[www.aspaklaria.info/300_SHIN/שושנים.html]
[www.aspaklaria.info/300_SHIN/שותף   שותפות.html]
[www.aspaklaria.info/300_SHIN/שחוק.html]
[www.aspaklaria.info/300_SHIN/שחור.html]
[www.aspaklaria.info/300_SHIN/שחי.html]
[www.aspaklaria.info/300_SHIN/שחיטה.html]
[www.aspaklaria.info/300_SHIN/שחין.html]
[www.aspaklaria.info/300_SHIN/שחל.html]
[www.aspaklaria.info/300_SHIN/שחפת.html]
[www.aspaklaria.info/300_SHIN/שחקים.html]
[www.aspaklaria.info/300_SHIN/שחר   בקר.html]
[www.aspaklaria.info/300_SHIN/שחר   שחרה.html]
[www.aspaklaria.info/300_SHIN/שחת   שחת.html]
[www.aspaklaria.info/300_SHIN/שטים   משכן.html]
[www.aspaklaria.info/300_SHIN/שטים   דור המדבר.html]
[www.aspaklaria.info/300_SHIN/שטן.html]
[www.aspaklaria.info/300_SHIN/שטר.html]
[www.aspaklaria.info/300_SHIN/שיבה.html]
[www.aspaklaria.info/300_SHIN/שיח.html]
[www.aspaklaria.info/300_SHIN/שיחה.html]
[www.aspaklaria.info/300_SHIN/שילה   משכן.html]
[www.aspaklaria.info/300_SHIN/שילה   כי יבא שילה.html]
[www.aspaklaria.info/300_SHIN/שילוח.html]
[www.aspaklaria.info/300_SHIN/שים.html]
[www.aspaklaria.info/300_SHIN/שימוש.html]
[www.aspaklaria.info/300_SHIN/שינה.html]
[www.aspaklaria.info/300_SHIN/שינוי.html]
[www.aspaklaria.info/300_SHIN/שינוי השם.html]
[www.aspaklaria.info/300_SHIN/שיעורין.html]
[www.aspaklaria.info/300_SHIN/שיער.html]
[www.aspaklaria.info/300_SHIN/שיר.html]
[www.aspaklaria.info/300_SHIN/שיר   האזינו.html]
[www.aspaklaria.info/300_SHIN/שירת   הבאר.html]
[www.aspaklaria.info/300_SHIN/שירת הים.html]
[www.aspaklaria.info/300_SHIN/שיר השירים.html]
[www.aspaklaria.info/300_SHIN/שיר המעלות.html]
[www.aspaklaria.info/300_SHIN/שישק.html]
[www.aspaklaria.info/300_SHIN/שית.html]
[www.aspaklaria.info/300_SHIN/שיתין.html]
[www.aspaklaria.info/300_SHIN/שכב.html]
[www.aspaklaria.info/300_SHIN/שכבת.html]
[www.aspaklaria.info/300_SHIN/שכבת זרע.html]
[www.aspaklaria.info/300_SHIN/שכוי.html]
[www.aspaklaria.info/300_SHIN/שכור.html]
[www.aspaklaria.info/300_SHIN/שכח.html]
[www.aspaklaria.info/300_SHIN/שכחה.html]
[www.aspaklaria.info/300_SHIN/שכינה.html]
[www.aspaklaria.info/300_SHIN/שכיר   שכירות.html]
[www.aspaklaria.info/300_SHIN/שכל   בינה.html]
[www.aspaklaria.info/300_SHIN/שכל   שכל את ידיו.html]
[www.aspaklaria.info/300_SHIN/שכם.html]
[www.aspaklaria.info/300_SHIN/שכן   דירה.html]
[www.aspaklaria.info/300_SHIN/שכן.html]
[www.aspaklaria.info/300_SHIN/שכר   יין.html]
[www.aspaklaria.info/300_SHIN/שכר   ברכה.html]
[www.aspaklaria.info/300_SHIN/שכר שכיר.html]
[www.aspaklaria.info/300_SHIN/של.html]
[www.aspaklaria.info/300_SHIN/של נעלך.html]
[www.aspaklaria.info/300_SHIN/שלא לשמה.html]
[www.aspaklaria.info/300_SHIN/שלג.html]
[www.aspaklaria.info/300_SHIN/שלהבת.html]
[www.aspaklaria.info/300_SHIN/שלו.html]
[www.aspaklaria.info/300_SHIN/שלוה.html]
[www.aspaklaria.info/300_SHIN/שלוח הקן.html]
[www.aspaklaria.info/300_SHIN/שלום.html]
[www.aspaklaria.info/300_SHIN/שלום בן תקוה.html]
[www.aspaklaria.info/300_SHIN/שלומיאל.html]
[www.aspaklaria.info/300_SHIN/שלומית.html]
[www.aspaklaria.info/300_SHIN/שלומציון.html]
[www.aspaklaria.info/300_SHIN/שלח.html]
[www.aspaklaria.info/300_SHIN/שליח   שליחות.html]
[www.aspaklaria.info/300_SHIN/שליח מצוה.html]
[www.aspaklaria.info/300_SHIN/שליח צבור.html]
[www.aspaklaria.info/300_SHIN/שליש.html]
[www.aspaklaria.info/300_SHIN/שליש   שלישיה.html]
[www.aspaklaria.info/300_SHIN/שלל.html]
[www.aspaklaria.info/300_SHIN/שלמה.html]
[www.aspaklaria.info/300_SHIN/שלמה   חכמת.html]
[www.aspaklaria.info/300_SHIN/שלמה   כסא.html]
[www.aspaklaria.info/300_SHIN/שלמה   בגד.html]
[www.aspaklaria.info/300_SHIN/שלמון.html]
[www.aspaklaria.info/300_SHIN/שלמות.html]
[www.aspaklaria.info/300_SHIN/שלתיאל.html]
[www.aspaklaria.info/300_SHIN/שם.html]
[www.aspaklaria.info/300_SHIN/שם   בן נח.html]
[www.aspaklaria.info/300_SHIN/שם   שמות.html]
[www.aspaklaria.info/300_SHIN/שם טוב.html]
[www.aspaklaria.info/300_SHIN/שם רע.html]
[www.aspaklaria.info/300_SHIN/שם   שינוי.html]
[www.aspaklaria.info/300_SHIN/שמא יקדמנו.html]
[www.aspaklaria.info/300_SHIN/שמאל.html]
[www.aspaklaria.info/300_SHIN/שמגר.html]
[www.aspaklaria.info/300_SHIN/שמד.html]
[www.aspaklaria.info/300_SHIN/שמואל.html]
[www.aspaklaria.info/300_SHIN/שמונה.html]
[www.aspaklaria.info/300_SHIN/שמונה נסיכים.html]
[www.aspaklaria.info/300_SHIN/שמועה.html]
[www.aspaklaria.info/300_SHIN/שמוש חכמים.html]
[www.aspaklaria.info/300_SHIN/שמות קדושים.html]
[www.aspaklaria.info/300_SHIN/שמות קדש   שם אדנות.html]
[www.aspaklaria.info/300_SHIN/שמות קדש   שם אהיה.html]
[www.aspaklaria.info/300_SHIN/שמות קדש   שם א ל ואלקים.html]
[www.aspaklaria.info/300_SHIN/שמות קדש   שם הויה.html]
[www.aspaklaria.info/300_SHIN/שמות קדש   שם י ה.html]
[www.aspaklaria.info/300_SHIN/שמות קדש   שם מקום.html]
[www.aspaklaria.info/300_SHIN/שמות קדש   שם צב אות.html]
[www.aspaklaria.info/300_SHIN/שמות קדש   שם ש די.html]
[www.aspaklaria.info/300_SHIN/שמות קדש   הזכרה.html]
[www.aspaklaria.info/300_SHIN/שמות קדש   מחיקה.html]
[www.aspaklaria.info/300_SHIN/שמחה.html]
[www.aspaklaria.info/300_SHIN/שמחת בית השואבה.html]
[www.aspaklaria.info/300_SHIN/שמחת תורה.html]
[www.aspaklaria.info/300_SHIN/שמחזאי.html]
[www.aspaklaria.info/300_SHIN/שמטה.html]
[www.aspaklaria.info/300_SHIN/שמטת כספים.html]
[www.aspaklaria.info/300_SHIN/שמים.html]
[www.aspaklaria.info/300_SHIN/שמיני עצרת.html]
[www.aspaklaria.info/300_SHIN/שמינית.html]
[www.aspaklaria.info/300_SHIN/שמיר.html]
[www.aspaklaria.info/300_SHIN/שמלה.html]
[www.aspaklaria.info/300_SHIN/שמן.html]
[www.aspaklaria.info/300_SHIN/שמן המשחה.html]
[www.aspaklaria.info/300_SHIN/שממה.html]
[www.aspaklaria.info/300_SHIN/שממית.html]
[www.aspaklaria.info/300_SHIN/שמע   שמיעה.html]
[www.aspaklaria.info/300_SHIN/שמעי.html]
[www.aspaklaria.info/300_SHIN/שמעון.html]
[www.aspaklaria.info/300_SHIN/שמעיה.html]
[www.aspaklaria.info/300_SHIN/שמץ   שמצה.html]
[www.aspaklaria.info/300_SHIN/שמר   שמירה.html]
[www.aspaklaria.info/300_SHIN/שמירת הברית.html]
[www.aspaklaria.info/300_SHIN/שמש   מאורות.html]
[www.aspaklaria.info/300_SHIN/שמש   שמוש.html]
[www.aspaklaria.info/300_SHIN/שמשון.html]
[www.aspaklaria.info/300_SHIN/שן.html]
[www.aspaklaria.info/300_SHIN/שנאה   שונא.html]
[www.aspaklaria.info/300_SHIN/שנאן.html]
[www.aspaklaria.info/300_SHIN/שנה.html]
[www.aspaklaria.info/300_SHIN/שנוי.html]
[www.aspaklaria.info/300_SHIN/שני.html]
[www.aspaklaria.info/300_SHIN/שנים.html]
[www.aspaklaria.info/300_SHIN/שנית.html]
[www.aspaklaria.info/300_SHIN/שנן.html]
[www.aspaklaria.info/300_SHIN/שנער.html]
[www.aspaklaria.info/300_SHIN/שסה.html]
[www.aspaklaria.info/300_SHIN/שסועה.html]
[www.aspaklaria.info/300_SHIN/שסף.html]
[www.aspaklaria.info/300_SHIN/שעה   זמן.html]
[www.aspaklaria.info/300_SHIN/שעה   פנה.html]
[www.aspaklaria.info/300_SHIN/שעורה.html]
[www.aspaklaria.info/300_SHIN/שעורים.html]
[www.aspaklaria.info/300_SHIN/שעטנז.html]
[www.aspaklaria.info/300_SHIN/שעיר.html]
[www.aspaklaria.info/300_SHIN/שעיר   שעירים.html]
[www.aspaklaria.info/300_SHIN/שער.html]
[www.aspaklaria.info/300_SHIN/שערורה.html]
[www.aspaklaria.info/300_SHIN/שפה   שפתים.html]
[www.aspaklaria.info/300_SHIN/שפחה.html]
[www.aspaklaria.info/300_SHIN/שפחה חרופה.html]
[www.aspaklaria.info/300_SHIN/שפטים.html]
[www.aspaklaria.info/300_SHIN/שפי.html]
[www.aspaklaria.info/300_SHIN/שפיכות דמים.html]
[www.aspaklaria.info/300_SHIN/שפיים.html]
[www.aspaklaria.info/300_SHIN/שפיפון.html]
[www.aspaklaria.info/300_SHIN/שפל   שפלות.html]
[www.aspaklaria.info/300_SHIN/שפם.html]
[www.aspaklaria.info/300_SHIN/שפן.html]
[www.aspaklaria.info/300_SHIN/שפע.html]
[www.aspaklaria.info/300_SHIN/שפרה ופועה.html]
[www.aspaklaria.info/300_SHIN/שק.html]
[www.aspaklaria.info/300_SHIN/שקד.html]
[www.aspaklaria.info/300_SHIN/שקדים.html]
[www.aspaklaria.info/300_SHIN/שקל.html]
[www.aspaklaria.info/300_SHIN/שקערורות.html]
[www.aspaklaria.info/300_SHIN/שקק.html]
[www.aspaklaria.info/300_SHIN/שקף.html]
[www.aspaklaria.info/300_SHIN/שקץ.html]
[www.aspaklaria.info/300_SHIN/שקר.html]
[www.aspaklaria.info/300_SHIN/שרד.html]
[www.aspaklaria.info/300_SHIN/שרון.html]
[www.aspaklaria.info/300_SHIN/שרוק.html]
[www.aspaklaria.info/300_SHIN/שרות.html]
[www.aspaklaria.info/300_SHIN/שרח.html]
[www.aspaklaria.info/300_SHIN/שרט לנפש.html]
[www.aspaklaria.info/300_SHIN/שריון.html]
[www.aspaklaria.info/300_SHIN/שריר.html]
[www.aspaklaria.info/300_SHIN/שרירות.html]
[www.aspaklaria.info/300_SHIN/שרף   שרפה.html]
[www.aspaklaria.info/300_SHIN/שרף   מלאך.html]
[www.aspaklaria.info/300_SHIN/שרף   נחש.html]
[www.aspaklaria.info/300_SHIN/שרץ.html]
[www.aspaklaria.info/300_SHIN/שררה.html]
[www.aspaklaria.info/300_SHIN/שרת.html]
[www.aspaklaria.info/300_SHIN/שש.html]
[www.aspaklaria.info/300_SHIN/ששון.html]
[www.aspaklaria.info/300_SHIN/ששך.html]
[www.aspaklaria.info/300_SHIN/שת.html]
[www.aspaklaria.info/300_SHIN/שתום העין.html]
[www.aspaklaria.info/300_SHIN/שתיה.html]
[www.aspaklaria.info/300_SHIN/שתיקה.html]
[www.aspaklaria.info/400_TAV/ת.html]
[www.aspaklaria.info/400_TAV/תאו.html]
[www.aspaklaria.info/400_TAV/תאוה.html]
[www.aspaklaria.info/400_TAV/תאומים.html]
[www.aspaklaria.info/400_TAV/תאנה.html]
[www.aspaklaria.info/400_TAV/תאניה.html]
[www.aspaklaria.info/400_TAV/תאר.html]
[www.aspaklaria.info/400_TAV/תבה.html]
[www.aspaklaria.info/400_TAV/תבואה.html]
[www.aspaklaria.info/400_TAV/תבונה.html]
[www.aspaklaria.info/400_TAV/תבל   ארץ.html]
[www.aspaklaria.info/400_TAV/תבל.html]
[www.aspaklaria.info/400_TAV/תבלין.html]
[www.aspaklaria.info/400_TAV/תבן.html]
[www.aspaklaria.info/400_TAV/תבני.html]
[www.aspaklaria.info/400_TAV/תבנית.html]
[www.aspaklaria.info/400_TAV/תגין.html]
[www.aspaklaria.info/400_TAV/תגלת פלאסר.html]
[www.aspaklaria.info/400_TAV/תדמור.html]
[www.aspaklaria.info/400_TAV/תהום.html]
[www.aspaklaria.info/400_TAV/תהלים.html]
[www.aspaklaria.info/400_TAV/תובל קין.html]
[www.aspaklaria.info/400_TAV/תודה.html]
[www.aspaklaria.info/400_TAV/תודוס.html]
[www.aspaklaria.info/400_TAV/תוהו.html]
[www.aspaklaria.info/400_TAV/תוחלת.html]
[www.aspaklaria.info/400_TAV/תוך.html]
[www.aspaklaria.info/400_TAV/תוכחה.html]
[www.aspaklaria.info/400_TAV/תולדות.html]
[www.aspaklaria.info/400_TAV/תולל.html]
[www.aspaklaria.info/400_TAV/תולע.html]
[www.aspaklaria.info/400_TAV/תולע בן פואה.html]
[www.aspaklaria.info/400_TAV/תולעים.html]
[www.aspaklaria.info/400_TAV/תולעת שני.html]
[www.aspaklaria.info/400_TAV/תם   תמים.html]
[www.aspaklaria.info/400_TAV/תוספתא.html]
[www.aspaklaria.info/400_TAV/תועבה.html]
[www.aspaklaria.info/400_TAV/תועפות.html]
[www.aspaklaria.info/400_TAV/תוף.html]
[www.aspaklaria.info/400_TAV/תופת.html]
[www.aspaklaria.info/400_TAV/תור   יונה.html]
[www.aspaklaria.info/400_TAV/תור   ובהגיע תור.html]
[www.aspaklaria.info/400_TAV/תור   ויתורו.html]
[www.aspaklaria.info/400_TAV/תורה.html]
[www.aspaklaria.info/400_TAV/תורה    בטול.html]
[www.aspaklaria.info/400_TAV/תורה שבכתב ושבעל פה.html]
[www.aspaklaria.info/400_TAV/תורה    ודרך ארץ.html]
[www.aspaklaria.info/400_TAV/תורה    כתיבה.html]
[www.aspaklaria.info/400_TAV/תורה    לשון הפסוק.html]
[www.aspaklaria.info/400_TAV/תורה    מדות שהתורה נדרשת.html]
[www.aspaklaria.info/400_TAV/תורה    משנה תורה.html]
[www.aspaklaria.info/400_TAV/תורה    נתינה.html]
[www.aspaklaria.info/400_TAV/תורה    סדר.html]
[www.aspaklaria.info/400_TAV/תורה    ספורי.html]
[www.aspaklaria.info/400_TAV/תורה    פעולה.html]
[www.aspaklaria.info/400_TAV/תורה    שינוי.html]
[www.aspaklaria.info/400_TAV/תורה    תוכן.html]
[www.aspaklaria.info/400_TAV/תורן.html]
[www.aspaklaria.info/400_TAV/תושב.html]
[www.aspaklaria.info/400_TAV/תושיה.html]
[www.aspaklaria.info/400_TAV/תותח.html]
[www.aspaklaria.info/400_TAV/תחבולה.html]
[www.aspaklaria.info/400_TAV/תחיית המתים.html]
[www.aspaklaria.info/400_TAV/תחלה.html]
[www.aspaklaria.info/400_TAV/תחנה    תחנון.html]
[www.aspaklaria.info/400_TAV/תחש.html]
[www.aspaklaria.info/400_TAV/תחת.html]
[www.aspaklaria.info/400_TAV/תחת ירך.html]
[www.aspaklaria.info/400_TAV/תיאטרון.html]
[www.aspaklaria.info/400_TAV/תימא.html]
[www.aspaklaria.info/400_TAV/תינוק.html]
[www.aspaklaria.info/400_TAV/תינוקות של בית רבן.html]
[www.aspaklaria.info/400_TAV/תיקו.html]
[www.aspaklaria.info/400_TAV/תכונה.html]
[www.aspaklaria.info/400_TAV/תככים.html]
[www.aspaklaria.info/400_TAV/תכלת.html]
[www.aspaklaria.info/400_TAV/תכשיט.html]
[www.aspaklaria.info/400_TAV/תל.html]
[www.aspaklaria.info/400_TAV/תלונה.html]
[www.aspaklaria.info/400_TAV/תליה.html]
[www.aspaklaria.info/400_TAV/תלמוד.html]
[www.aspaklaria.info/400_TAV/תלמיד.html]
[www.aspaklaria.info/400_TAV/תלמיד חכם.html]
[www.aspaklaria.info/400_TAV/תם   תמימות.html]
[www.aspaklaria.info/400_TAV/תמוז.html]
[www.aspaklaria.info/400_TAV/תמונה.html]
[www.aspaklaria.info/400_TAV/תמורה.html]
[www.aspaklaria.info/400_TAV/תמיד.html]
[www.aspaklaria.info/400_TAV/תמים    תמימות.html]
[www.aspaklaria.info/400_TAV/תמנה.html]
[www.aspaklaria.info/400_TAV/תמנע.html]
[www.aspaklaria.info/400_TAV/תמנת חרס.html]
[www.aspaklaria.info/400_TAV/תמר   יהודה.html]
[www.aspaklaria.info/400_TAV/תמר   אבשלום.html]
[www.aspaklaria.info/400_TAV/תמרים.html]
[www.aspaklaria.info/400_TAV/תנאי.html]
[www.aspaklaria.info/400_TAV/תנואה.html]
[www.aspaklaria.info/400_TAV/תנוך.html]
[www.aspaklaria.info/400_TAV/תנומה.html]
[www.aspaklaria.info/400_TAV/תנועה.html]
[www.aspaklaria.info/400_TAV/תנועות.html]
[www.aspaklaria.info/400_TAV/תנופה.html]
[www.aspaklaria.info/400_TAV/תנור.html]
[www.aspaklaria.info/400_TAV/תנחומין.html]
[www.aspaklaria.info/400_TAV/תנים   תנין.html]
[www.aspaklaria.info/400_TAV/תנשמת.html]
[www.aspaklaria.info/400_TAV/תספורת.html]
[www.aspaklaria.info/400_TAV/תעה.html]
[www.aspaklaria.info/400_TAV/תעלה.html]
[www.aspaklaria.info/400_TAV/תעלול.html]
[www.aspaklaria.info/400_TAV/תעלולים.html]
[www.aspaklaria.info/400_TAV/תענוג.html]
[www.aspaklaria.info/400_TAV/תענית.html]
[www.aspaklaria.info/400_TAV/תערובת.html]
[www.aspaklaria.info/400_TAV/תפארת.html]
[www.aspaklaria.info/400_TAV/תפוח.html]
[www.aspaklaria.info/400_TAV/תפילין.html]
[www.aspaklaria.info/400_TAV/תפלה.html]
[www.aspaklaria.info/400_TAV/תפלת הדרך.html]
[www.aspaklaria.info/400_TAV/תפלה    מוסף.html]
[www.aspaklaria.info/400_TAV/תפלה    מנחה.html]
[www.aspaklaria.info/400_TAV/תפלה    כריעות.html]
[www.aspaklaria.info/400_TAV/תפלה    ערבית.html]
[www.aspaklaria.info/400_TAV/תפלה    קדושה   קדיש.html]
[www.aspaklaria.info/400_TAV/תפלה    ראש השנה ויום כפור.html]
[www.aspaklaria.info/400_TAV/תפלה    שבת.html]
[www.aspaklaria.info/400_TAV/תפלה    שחרית.html]
[www.aspaklaria.info/400_TAV/תפלה    שמונה עשרה.html]
[www.aspaklaria.info/400_TAV/תפלה   תפל.html]
[www.aspaklaria.info/400_TAV/תפלצת.html]
[www.aspaklaria.info/400_TAV/תפש.html]
[www.aspaklaria.info/400_TAV/תפתה.html]
[www.aspaklaria.info/400_TAV/תקוה.html]
[www.aspaklaria.info/400_TAV/תקון.html]
[www.aspaklaria.info/400_TAV/תקון חצות.html]
[www.aspaklaria.info/400_TAV/תקון סופרים.html]
[www.aspaklaria.info/400_TAV/תקון העולם.html]
[www.aspaklaria.info/400_TAV/תקופה.html]
[www.aspaklaria.info/400_TAV/תקופתנו.html]
[www.aspaklaria.info/400_TAV/תקיעה.html]
[www.aspaklaria.info/400_TAV/תקנות.html]
[www.aspaklaria.info/400_TAV/תרבות.html]
[www.aspaklaria.info/400_TAV/תרגום.html]
[www.aspaklaria.info/400_TAV/תרגום השבעים.html]
[www.aspaklaria.info/400_TAV/תרדמה.html]
[www.aspaklaria.info/400_TAV/תרומה.html]
[www.aspaklaria.info/400_TAV/תרומת הדשן.html]
[www.aspaklaria.info/400_TAV/תרומת הלשכה.html]
[www.aspaklaria.info/400_TAV/תרומת מעשר.html]
[www.aspaklaria.info/400_TAV/תרועה.html]
[www.aspaklaria.info/400_TAV/תרח.html]
[www.aspaklaria.info/400_TAV/תרמוד.html]
[www.aspaklaria.info/400_TAV/תרנגול.html]
[www.aspaklaria.info/400_TAV/תרעומת.html]
[www.aspaklaria.info/400_TAV/תרעלה.html]
[www.aspaklaria.info/400_TAV/תרפים.html]
[www.aspaklaria.info/400_TAV/תרשיש.html]
[www.aspaklaria.info/400_TAV/תשבי.html]
[www.aspaklaria.info/400_TAV/תשואות.html]
[www.aspaklaria.info/400_TAV/תשובה.html]
[www.aspaklaria.info/400_TAV/תשוקה.html]
[www.aspaklaria.info/400_TAV/תשורה.html]
[www.aspaklaria.info/400_TAV/תשלומין.html]
[www.aspaklaria.info/400_TAV/תשליך.html]
[www.aspaklaria.info/400_TAV/תשמיש.html]
[www.aspaklaria.info/400_TAV/תשעה באב.html]
[www.aspaklaria.info/400_TAV/תשרי.html]
